-- phpMyAdmin SQL Dump
-- version 4.9.5deb2
-- https://www.phpmyadmin.net/
--
-- Host: localhost:3306
-- Generation Time: Jul 18, 2023 at 11:48 AM
-- Server version: 8.0.33-0ubuntu0.20.04.2
-- PHP Version: 7.4.3-4ubuntu2.18

SET SQL_MODE = "NO_AUTO_VALUE_ON_ZERO";
SET AUTOCOMMIT = 0;
START TRANSACTION;
SET time_zone = "+00:00";


/*!40101 SET @OLD_CHARACTER_SET_CLIENT=@@CHARACTER_SET_CLIENT */;
/*!40101 SET @OLD_CHARACTER_SET_RESULTS=@@CHARACTER_SET_RESULTS */;
/*!40101 SET @OLD_COLLATION_CONNECTION=@@COLLATION_CONNECTION */;
/*!40101 SET NAMES utf8mb4 */;

--
-- Database: `acountz`
--

-- --------------------------------------------------------

--
-- Table structure for table `pms_admin_candidates`
--

CREATE TABLE `pms_admin_candidates` (
  `id` int NOT NULL,
  `admin_id` bigint NOT NULL,
  `candidate_id` bigint NOT NULL,
  `assigned_date` date NOT NULL
) ENGINE=InnoDB DEFAULT CHARSET=latin1;

--
-- Dumping data for table `pms_admin_candidates`
--

INSERT INTO `pms_admin_candidates` (`id`, `admin_id`, `candidate_id`, `assigned_date`) VALUES
(4, 27, 963, '2018-07-16'),
(8, 42, 967, '2018-07-17'),
(9, 42, 968, '2018-07-17'),
(10, 42, 969, '2018-07-17'),
(11, 42, 970, '2018-07-17'),
(12, 42, 971, '2018-07-17'),
(13, 42, 972, '2018-07-17'),
(14, 42, 973, '2018-07-17'),
(15, 42, 974, '2018-07-17'),
(16, 42, 977, '2018-07-17'),
(17, 42, 978, '2018-07-17'),
(18, 42, 979, '2018-07-17'),
(19, 42, 980, '2018-07-17'),
(20, 42, 981, '2018-07-17'),
(21, 42, 982, '2018-07-17'),
(23, 42, 984, '2018-07-17'),
(24, 42, 985, '2018-07-17'),
(25, 42, 986, '2018-07-17'),
(26, 42, 987, '2018-07-17'),
(27, 42, 988, '2018-07-17'),
(28, 42, 989, '2018-07-17'),
(29, 42, 990, '2018-07-17'),
(31, 42, 994, '2018-07-18'),
(42, 42, 1005, '2018-07-18'),
(43, 42, 1008, '2018-07-18'),
(44, 42, 1009, '2018-07-18'),
(45, 42, 1010, '2018-07-18'),
(46, 42, 1011, '2018-07-18'),
(51, 42, 1016, '2018-07-19'),
(53, 42, 1041, '2018-07-24'),
(54, 42, 1046, '2018-07-25'),
(55, 42, 1047, '2018-07-25'),
(57, 42, 1049, '2018-07-25'),
(58, 42, 1050, '2018-07-25'),
(60, 42, 1052, '2018-07-25'),
(61, 42, 1053, '2018-07-25'),
(62, 42, 1054, '2018-07-25'),
(63, 42, 1055, '2018-07-25'),
(64, 42, 1056, '2018-07-25'),
(65, 42, 1057, '2018-07-25'),
(66, 42, 1058, '2018-07-25'),
(67, 42, 1059, '2018-07-25'),
(68, 42, 1060, '2018-07-25'),
(69, 42, 1061, '2018-07-25'),
(70, 42, 1062, '2018-07-25'),
(71, 42, 1063, '2018-07-25'),
(72, 42, 1064, '2018-07-25'),
(73, 42, 1065, '2018-07-25'),
(74, 42, 1066, '2018-07-25'),
(75, 42, 1067, '2018-07-25'),
(76, 42, 1068, '2018-07-25'),
(77, 42, 1069, '2018-07-25'),
(78, 42, 1070, '2018-07-25'),
(79, 42, 1071, '2018-07-25'),
(80, 42, 1072, '2018-07-25'),
(81, 42, 1073, '2018-07-25'),
(82, 42, 1074, '2018-07-25'),
(83, 42, 1075, '2018-07-25'),
(84, 42, 1076, '2018-07-25'),
(85, 42, 1077, '2018-07-25'),
(86, 42, 1078, '2018-07-25'),
(87, 42, 1079, '2018-07-25'),
(88, 42, 1080, '2018-07-25'),
(89, 42, 1081, '2018-07-25'),
(90, 42, 1082, '2018-07-25'),
(91, 42, 1083, '2018-07-25'),
(92, 42, 1084, '2018-07-25'),
(93, 42, 1085, '2018-07-25'),
(94, 42, 1093, '2018-07-26'),
(95, 42, 1094, '2018-07-26'),
(96, 42, 1095, '2018-07-26'),
(97, 42, 1096, '2018-07-26'),
(98, 42, 1097, '2018-07-26'),
(99, 42, 1098, '2018-07-26'),
(100, 42, 1113, '2018-07-31'),
(101, 42, 1114, '2018-07-31'),
(102, 42, 1115, '2018-07-31'),
(103, 42, 1116, '2018-07-31'),
(104, 42, 1117, '2018-07-31'),
(105, 42, 1118, '2018-07-31'),
(106, 42, 1119, '2018-07-31'),
(107, 42, 1120, '2018-07-31'),
(108, 42, 1121, '2018-07-31'),
(109, 42, 1122, '2018-07-31'),
(110, 42, 1123, '2018-07-31'),
(111, 42, 1124, '2018-07-31'),
(112, 42, 1125, '2018-07-31'),
(113, 42, 1126, '2018-07-31'),
(114, 42, 1127, '2018-07-31'),
(115, 42, 1128, '2018-07-31'),
(116, 42, 1129, '2018-07-31'),
(118, 42, 1131, '2018-07-31'),
(119, 42, 1132, '2018-07-31'),
(121, 42, 1134, '2018-07-31'),
(123, 42, 1136, '2018-07-31'),
(124, 42, 1137, '2018-07-31'),
(125, 42, 1138, '2018-07-31'),
(126, 42, 1139, '2018-07-31'),
(127, 42, 1140, '2018-07-31'),
(132, 42, 1149, '2018-08-02'),
(133, 42, 1153, '2018-08-02'),
(134, 42, 1154, '2018-08-02'),
(135, 42, 1155, '2018-08-02'),
(137, 42, 1157, '2018-08-02'),
(138, 42, 1158, '2018-08-02'),
(139, 42, 1184, '2018-08-07'),
(140, 42, 1223, '2018-08-19'),
(141, 42, 1224, '2018-08-19'),
(142, 42, 1225, '2018-08-19'),
(143, 42, 1226, '2018-08-19'),
(144, 42, 1227, '2018-08-19'),
(148, 42, 1352, '2018-09-02'),
(156, 54, 1413, '2018-09-08'),
(157, 54, 1414, '2018-09-08'),
(160, 54, 1426, '2018-09-09'),
(161, 54, 1428, '2018-09-09'),
(162, 54, 1429, '2018-09-09'),
(163, 54, 1430, '2018-09-09'),
(165, 54, 1432, '2018-09-09'),
(166, 54, 1433, '2018-09-09'),
(167, 54, 1434, '2018-09-09'),
(168, 54, 1435, '2018-09-09'),
(169, 54, 1436, '2018-09-09'),
(170, 54, 1437, '2018-09-09'),
(171, 54, 1438, '2018-09-09'),
(172, 54, 1439, '2018-09-09'),
(173, 54, 1440, '2018-09-09'),
(174, 54, 1441, '2018-09-09'),
(176, 54, 1443, '2018-09-09'),
(177, 54, 1444, '2018-09-09'),
(178, 54, 1445, '2018-09-09'),
(179, 54, 1446, '2018-09-09'),
(180, 54, 1447, '2018-09-09'),
(181, 54, 1448, '2018-09-09'),
(182, 54, 1449, '2018-09-09'),
(183, 54, 1450, '2018-09-09'),
(184, 54, 1453, '2018-09-10'),
(186, 54, 1456, '2018-09-10'),
(187, 54, 1457, '2018-09-10'),
(188, 54, 1460, '2018-09-10'),
(189, 54, 1461, '2018-09-10'),
(190, 54, 1462, '2018-09-10'),
(192, 54, 1464, '2018-09-10'),
(194, 54, 1466, '2018-09-10'),
(195, 54, 1467, '2018-09-10'),
(196, 54, 1469, '2018-09-10'),
(197, 54, 1470, '2018-09-10'),
(198, 54, 1471, '2018-09-11'),
(201, 54, 1474, '2018-09-11'),
(202, 54, 1475, '2018-09-11'),
(203, 54, 1476, '2018-09-11'),
(204, 54, 1477, '2018-09-11'),
(205, 54, 1478, '2018-09-11'),
(206, 54, 1479, '2018-09-11'),
(207, 54, 1480, '2018-09-11'),
(208, 54, 1481, '2018-09-11'),
(209, 54, 1483, '2018-09-11'),
(211, 54, 1485, '2018-09-11'),
(212, 54, 1486, '2018-09-11'),
(213, 54, 1487, '2018-09-11'),
(214, 54, 1488, '2018-09-11'),
(215, 54, 1489, '2018-09-11'),
(216, 54, 1490, '2018-09-11'),
(217, 54, 1491, '2018-09-11'),
(218, 54, 1492, '2018-09-11'),
(219, 54, 1494, '2018-09-11'),
(220, 54, 1495, '2018-09-11'),
(221, 54, 1496, '2018-09-11'),
(223, 54, 1499, '2018-09-12'),
(224, 54, 1500, '2018-09-12'),
(225, 54, 1502, '2018-09-12'),
(226, 54, 1503, '2018-09-12'),
(227, 54, 1504, '2018-09-12'),
(228, 54, 1505, '2018-09-12'),
(230, 54, 1507, '2018-09-12'),
(232, 54, 1516, '2018-09-12'),
(233, 54, 1529, '2018-09-13'),
(234, 54, 1530, '2018-09-13'),
(235, 54, 1531, '2018-09-13'),
(236, 54, 1532, '2018-09-13'),
(237, 54, 1534, '2018-09-13'),
(238, 54, 1537, '2018-09-13'),
(239, 54, 1539, '2018-09-13'),
(240, 54, 1540, '2018-09-13'),
(241, 54, 1541, '2018-09-13'),
(242, 54, 1542, '2018-09-13'),
(243, 54, 1543, '2018-09-13'),
(244, 54, 1544, '2018-09-13'),
(245, 54, 1545, '2018-09-13'),
(246, 54, 1546, '2018-09-13'),
(247, 54, 1547, '2018-09-13'),
(248, 54, 1548, '2018-09-13'),
(249, 54, 1553, '2018-09-14'),
(250, 54, 1554, '2018-09-14'),
(251, 54, 1555, '2018-09-14'),
(252, 54, 1556, '2018-09-14'),
(253, 54, 1560, '2018-09-14'),
(254, 54, 1561, '2018-09-14'),
(255, 54, 1562, '2018-09-14'),
(256, 54, 1563, '2018-09-14'),
(257, 54, 1569, '2018-09-15'),
(258, 54, 1570, '2018-09-15'),
(260, 54, 1572, '2018-09-15'),
(261, 54, 1573, '2018-09-15'),
(262, 54, 1575, '2018-09-15'),
(263, 54, 1577, '2018-09-16'),
(264, 54, 1578, '2018-09-16'),
(265, 54, 1579, '2018-09-16'),
(266, 54, 1580, '2018-09-16'),
(267, 42, 1589, '2018-09-18'),
(268, 42, 1591, '2018-09-18'),
(269, 54, 1593, '2018-09-18'),
(270, 54, 1594, '2018-09-18'),
(271, 54, 1595, '2018-09-18'),
(272, 54, 1596, '2018-09-18'),
(273, 54, 1600, '2018-09-18'),
(274, 54, 1601, '2018-09-18'),
(275, 54, 1602, '2018-09-18'),
(276, 54, 1603, '2018-09-18'),
(277, 54, 1604, '2018-09-18'),
(278, 54, 1608, '2018-09-19'),
(279, 54, 1609, '2018-09-19'),
(281, 54, 1611, '2018-09-19'),
(282, 54, 1613, '2018-09-19'),
(283, 54, 1614, '2018-09-19'),
(284, 54, 1615, '2018-09-19'),
(285, 54, 1619, '2018-09-20'),
(286, 54, 1620, '2018-09-20'),
(287, 54, 1621, '2018-09-20'),
(288, 54, 1622, '2018-09-20'),
(289, 54, 1623, '2018-09-20'),
(290, 54, 1624, '2018-09-20'),
(291, 54, 1625, '2018-09-20'),
(292, 54, 1626, '2018-09-20'),
(293, 54, 1627, '2018-09-20'),
(294, 54, 1628, '2018-09-20'),
(295, 54, 1629, '2018-09-20'),
(296, 54, 1633, '2018-09-21'),
(297, 54, 1634, '2018-09-21'),
(298, 54, 1635, '2018-09-21'),
(299, 54, 1636, '2018-09-21'),
(300, 54, 1637, '2018-09-21'),
(301, 54, 1638, '2018-09-22'),
(302, 54, 1639, '2018-09-22'),
(303, 54, 1640, '2018-09-22'),
(304, 54, 1641, '2018-09-22'),
(305, 54, 1642, '2018-09-22'),
(306, 54, 1643, '2018-09-22'),
(307, 54, 1644, '2018-09-22'),
(308, 54, 1645, '2018-09-22'),
(309, 54, 1646, '2018-09-22'),
(310, 54, 1647, '2018-09-22'),
(311, 54, 1648, '2018-09-22'),
(312, 54, 1649, '2018-09-22'),
(313, 54, 1650, '2018-09-22'),
(314, 54, 1657, '2018-09-24'),
(315, 54, 1658, '2018-09-24'),
(316, 54, 1659, '2018-09-24'),
(317, 54, 1661, '2018-09-24'),
(318, 54, 1662, '2018-09-24'),
(319, 54, 1663, '2018-09-24'),
(320, 54, 1665, '2018-09-24'),
(321, 54, 1667, '2018-09-24'),
(322, 54, 1668, '2018-09-24'),
(323, 54, 1669, '2018-09-24'),
(324, 54, 1671, '2018-09-24'),
(325, 54, 1672, '2018-09-24'),
(326, 54, 1673, '2018-09-24'),
(327, 54, 1674, '2018-09-24'),
(328, 54, 1675, '2018-09-24'),
(329, 54, 1677, '2018-09-25'),
(330, 54, 1679, '2018-09-25'),
(331, 54, 1680, '2018-09-25'),
(332, 54, 1681, '2018-09-25'),
(333, 54, 1682, '2018-09-25'),
(334, 54, 1683, '2018-09-25'),
(335, 54, 1684, '2018-09-25'),
(336, 54, 1685, '2018-09-25'),
(337, 54, 1686, '2018-09-25'),
(338, 54, 1688, '2018-09-26'),
(339, 54, 1690, '2018-09-26'),
(340, 54, 1691, '2018-09-26'),
(341, 54, 1692, '2018-09-26'),
(342, 54, 1693, '2018-09-26'),
(343, 54, 1694, '2018-09-26'),
(344, 54, 1695, '2018-09-26'),
(345, 54, 1696, '2018-09-26'),
(346, 54, 1697, '2018-09-26'),
(347, 54, 1698, '2018-09-26'),
(348, 54, 1699, '2018-09-26'),
(349, 54, 1700, '2018-09-26'),
(350, 54, 1701, '2018-09-26'),
(351, 54, 1702, '2018-09-26'),
(352, 54, 1703, '2018-09-26'),
(353, 54, 1704, '2018-09-26'),
(355, 54, 1706, '2018-09-26'),
(356, 54, 1707, '2018-09-26'),
(357, 54, 1709, '2018-09-27'),
(358, 54, 1710, '2018-09-27'),
(359, 54, 1711, '2018-09-27'),
(360, 54, 1712, '2018-09-27'),
(361, 54, 1713, '2018-09-27'),
(362, 54, 1714, '2018-09-27'),
(363, 54, 1715, '2018-09-27'),
(364, 54, 1716, '2018-09-27'),
(365, 54, 1717, '2018-09-27'),
(366, 54, 1718, '2018-09-27'),
(367, 54, 1719, '2018-09-27'),
(368, 54, 1720, '2018-09-27'),
(369, 54, 1721, '2018-09-27'),
(370, 54, 1722, '2018-09-27'),
(371, 54, 1723, '2018-09-27'),
(372, 54, 1724, '2018-09-27'),
(373, 54, 1725, '2018-09-27'),
(374, 54, 1726, '2018-09-28'),
(376, 54, 1728, '2018-09-28'),
(377, 54, 1729, '2018-09-28'),
(378, 54, 1730, '2018-09-28'),
(379, 54, 1731, '2018-09-28'),
(380, 54, 1732, '2018-09-28'),
(381, 54, 1733, '2018-09-29'),
(382, 54, 1734, '2018-09-29'),
(383, 54, 1735, '2018-09-29'),
(384, 54, 1736, '2018-09-29'),
(385, 54, 1737, '2018-09-29'),
(386, 54, 1738, '2018-09-29'),
(387, 54, 1739, '2018-09-29'),
(388, 54, 1740, '2018-09-29'),
(389, 54, 1741, '2018-09-29'),
(390, 54, 1742, '2018-09-29'),
(391, 54, 1743, '2018-09-29'),
(392, 54, 1744, '2018-09-29'),
(393, 54, 1745, '2018-09-29'),
(394, 54, 1746, '2018-09-29'),
(395, 54, 1747, '2018-09-29'),
(396, 54, 1748, '2018-09-29'),
(397, 54, 1749, '2018-09-29'),
(398, 54, 1750, '2018-09-29'),
(399, 54, 1751, '2018-09-29'),
(400, 54, 1752, '2018-09-30'),
(401, 54, 1753, '2018-09-30'),
(402, 54, 1754, '2018-09-30'),
(403, 54, 1760, '2018-10-01'),
(404, 54, 1761, '2018-10-01'),
(405, 54, 1762, '2018-10-01'),
(406, 54, 1763, '2018-10-01'),
(407, 54, 1764, '2018-10-01'),
(408, 54, 1765, '2018-10-01'),
(409, 54, 1766, '2018-10-01'),
(410, 54, 1768, '2018-10-03'),
(411, 54, 1769, '2018-10-03'),
(412, 54, 1770, '2018-10-03'),
(413, 54, 1772, '2018-10-03'),
(414, 54, 1773, '2018-10-03'),
(415, 54, 1774, '2018-10-03'),
(416, 54, 1775, '2018-10-03'),
(417, 54, 1776, '2018-10-03'),
(418, 54, 1777, '2018-10-03'),
(419, 54, 1778, '2018-10-03'),
(420, 54, 1779, '2018-10-03'),
(421, 54, 1780, '2018-10-03'),
(422, 54, 1781, '2018-10-03'),
(423, 54, 1782, '2018-10-03'),
(424, 54, 1786, '2018-10-04'),
(425, 54, 1787, '2018-10-04'),
(426, 54, 1788, '2018-10-04'),
(427, 54, 1789, '2018-10-04'),
(428, 54, 1790, '2018-10-04'),
(429, 54, 1791, '2018-10-04'),
(430, 54, 1792, '2018-10-04'),
(431, 54, 1793, '2018-10-04'),
(432, 54, 1794, '2018-10-04'),
(433, 54, 1795, '2018-10-04'),
(434, 54, 1796, '2018-10-04'),
(435, 54, 1797, '2018-10-04'),
(436, 54, 1798, '2018-10-05'),
(437, 54, 1799, '2018-10-05'),
(438, 54, 1800, '2018-10-05'),
(439, 54, 1801, '2018-10-05'),
(440, 54, 1802, '2018-10-05'),
(441, 54, 1803, '2018-10-05'),
(442, 54, 1804, '2018-10-05'),
(443, 54, 1805, '2018-10-05'),
(444, 54, 1806, '2018-10-05'),
(445, 54, 1807, '2018-10-05'),
(446, 54, 1808, '2018-10-06'),
(447, 54, 1809, '2018-10-06'),
(448, 54, 1810, '2018-10-06'),
(449, 54, 1811, '2018-10-06'),
(450, 54, 1812, '2018-10-06'),
(451, 54, 1813, '2018-10-06'),
(452, 54, 1814, '2018-10-06'),
(453, 54, 1815, '2018-10-06'),
(454, 54, 1816, '2018-10-06'),
(455, 54, 1817, '2018-10-06'),
(456, 54, 1818, '2018-10-06'),
(457, 54, 1819, '2018-10-06'),
(458, 54, 1820, '2018-10-06'),
(459, 54, 1821, '2018-10-06'),
(460, 54, 1822, '2018-10-06'),
(461, 54, 1823, '2018-10-06'),
(462, 54, 1824, '2018-10-06'),
(463, 54, 1825, '2018-10-06'),
(464, 54, 1826, '2018-10-06'),
(465, 54, 1827, '2018-10-06'),
(466, 54, 1828, '2018-10-06'),
(467, 54, 1829, '2018-10-06'),
(468, 54, 1830, '2018-10-06'),
(469, 54, 1831, '2018-10-06'),
(470, 54, 1832, '2018-10-06'),
(471, 54, 1833, '2018-10-06'),
(472, 54, 1834, '2018-10-06'),
(473, 54, 1835, '2018-10-06'),
(474, 54, 1837, '2018-10-08'),
(475, 54, 1838, '2018-10-08'),
(476, 54, 1839, '2018-10-08'),
(477, 54, 1840, '2018-10-08'),
(478, 54, 1843, '2018-10-09'),
(479, 54, 1844, '2018-10-09'),
(480, 54, 1845, '2018-10-09'),
(481, 54, 1846, '2018-10-09'),
(482, 54, 1847, '2018-10-09'),
(483, 54, 1848, '2018-10-09'),
(484, 54, 1849, '2018-10-09'),
(485, 54, 1850, '2018-10-09'),
(486, 54, 1851, '2018-10-09'),
(487, 54, 1852, '2018-10-09'),
(488, 54, 1853, '2018-10-09'),
(489, 54, 1854, '2018-10-10'),
(491, 54, 1856, '2018-10-10'),
(492, 54, 1857, '2018-10-10'),
(493, 54, 1858, '2018-10-10'),
(494, 54, 1859, '2018-10-10'),
(495, 27, 1943, '2018-11-14'),
(497, 27, 2024, '2018-12-07'),
(498, 27, 2025, '2018-12-07'),
(499, 27, 2026, '2018-12-07'),
(500, 27, 2027, '2018-12-07'),
(501, 27, 2033, '2018-12-08'),
(502, 27, 2034, '2018-12-08'),
(503, 27, 2035, '2018-12-08'),
(504, 27, 2038, '2018-12-09'),
(505, 27, 2039, '2018-12-09'),
(506, 27, 2040, '2018-12-09'),
(507, 27, 2041, '2018-12-09'),
(508, 27, 2056, '2018-12-10'),
(509, 27, 2057, '2018-12-10'),
(510, 27, 2058, '2018-12-10'),
(511, 27, 2059, '2018-12-10'),
(512, 27, 2060, '2018-12-10'),
(513, 27, 2061, '2018-12-10'),
(514, 27, 2062, '2018-12-10'),
(515, 27, 2063, '2018-12-10'),
(516, 27, 2064, '2018-12-10'),
(517, 27, 2065, '2018-12-10'),
(518, 27, 2066, '2018-12-10'),
(519, 27, 2067, '2018-12-10'),
(520, 27, 2068, '2018-12-10'),
(521, 27, 2069, '2018-12-10'),
(522, 27, 2070, '2018-12-10'),
(523, 27, 2071, '2018-12-10'),
(524, 27, 2072, '2018-12-10'),
(525, 29, 2075, '2018-12-11'),
(527, 29, 2077, '2018-12-11'),
(528, 29, 2078, '2018-12-11'),
(530, 29, 2080, '2018-12-11'),
(531, 29, 2081, '2018-12-11'),
(532, 29, 2082, '2018-12-11'),
(533, 29, 2083, '2018-12-11'),
(534, 29, 2085, '2018-12-11'),
(535, 29, 2086, '2018-12-11'),
(536, 29, 2087, '2018-12-11'),
(537, 29, 2088, '2018-12-11'),
(538, 29, 2090, '2018-12-11'),
(539, 29, 2174, '2018-12-23'),
(540, 29, 2175, '2018-12-23'),
(541, 29, 2176, '2018-12-23'),
(542, 29, 2177, '2018-12-23'),
(543, 29, 2178, '2018-12-23'),
(544, 29, 2179, '2018-12-23'),
(545, 29, 2180, '2018-12-23'),
(546, 29, 2181, '2018-12-23'),
(548, 29, 2185, '2018-12-23'),
(549, 29, 2186, '2018-12-23'),
(551, 29, 2200, '2018-12-25'),
(552, 29, 2201, '2018-12-25'),
(553, 29, 2202, '2018-12-25'),
(554, 29, 2203, '2018-12-25'),
(555, 29, 2204, '2018-12-25'),
(557, 29, 2206, '2018-12-25'),
(558, 29, 2207, '2018-12-25'),
(559, 29, 2208, '2018-12-25'),
(561, 29, 2210, '2018-12-25'),
(562, 29, 2211, '2018-12-25'),
(563, 29, 2212, '2018-12-25'),
(564, 29, 2213, '2018-12-25'),
(565, 29, 2214, '2018-12-25'),
(566, 29, 2215, '2018-12-25'),
(568, 29, 2217, '2018-12-26'),
(569, 29, 2218, '2018-12-26'),
(570, 29, 2219, '2018-12-26'),
(571, 29, 2220, '2018-12-26'),
(572, 29, 2221, '2018-12-26'),
(574, 29, 2223, '2018-12-26'),
(575, 29, 2224, '2018-12-26'),
(576, 29, 2225, '2018-12-26'),
(577, 29, 2226, '2018-12-26'),
(578, 29, 2227, '2018-12-26'),
(579, 29, 2228, '2018-12-26'),
(580, 29, 2229, '2018-12-26'),
(581, 29, 2230, '2018-12-26'),
(582, 29, 2231, '2018-12-26'),
(583, 29, 2232, '2018-12-26'),
(584, 29, 2233, '2018-12-26'),
(585, 29, 2234, '2018-12-26'),
(586, 29, 2235, '2018-12-26'),
(587, 29, 2236, '2018-12-26'),
(588, 29, 2237, '2018-12-26'),
(589, 29, 2238, '2018-12-26'),
(590, 29, 2239, '2018-12-26'),
(591, 29, 2240, '2018-12-26'),
(592, 29, 2241, '2018-12-26'),
(593, 29, 2242, '2018-12-26'),
(594, 29, 2243, '2018-12-26'),
(595, 29, 2244, '2018-12-26'),
(596, 29, 2245, '2018-12-26'),
(597, 29, 2246, '2018-12-26'),
(598, 29, 2247, '2018-12-26'),
(599, 29, 2248, '2018-12-26'),
(600, 29, 2249, '2018-12-26'),
(601, 29, 2250, '2018-12-26'),
(602, 29, 2251, '2018-12-26'),
(603, 29, 2252, '2018-12-26'),
(604, 29, 2253, '2018-12-26'),
(605, 29, 2254, '2018-12-26'),
(606, 29, 2255, '2018-12-26'),
(607, 29, 2256, '2018-12-26'),
(608, 29, 2257, '2018-12-26'),
(609, 29, 2258, '2018-12-26'),
(611, 29, 2260, '2018-12-26'),
(612, 29, 2261, '2018-12-26'),
(613, 29, 2262, '2018-12-26'),
(614, 29, 2263, '2018-12-26'),
(615, 29, 2264, '2018-12-26'),
(616, 29, 2265, '2018-12-26'),
(617, 29, 2266, '2018-12-26'),
(618, 29, 2267, '2018-12-26'),
(619, 29, 2268, '2018-12-26'),
(620, 29, 2269, '2018-12-26'),
(621, 29, 2270, '2018-12-26'),
(622, 29, 2271, '2018-12-26'),
(623, 29, 2272, '2018-12-26'),
(624, 29, 2273, '2018-12-26'),
(625, 29, 2274, '2018-12-26'),
(626, 29, 2275, '2018-12-26'),
(627, 29, 2276, '2018-12-26'),
(628, 29, 2277, '2018-12-26'),
(629, 29, 2278, '2018-12-26'),
(630, 29, 2279, '2018-12-26'),
(631, 29, 2280, '2018-12-26'),
(632, 29, 2281, '2018-12-26'),
(633, 29, 2282, '2018-12-26'),
(634, 29, 2283, '2018-12-26'),
(635, 29, 2284, '2018-12-26'),
(637, 29, 2286, '2018-12-26'),
(638, 29, 2287, '2018-12-26'),
(639, 29, 2288, '2018-12-26'),
(640, 29, 2289, '2018-12-26'),
(641, 29, 2290, '2018-12-26'),
(642, 29, 2291, '2018-12-26'),
(643, 29, 2292, '2018-12-26'),
(644, 29, 2293, '2018-12-26'),
(645, 29, 2294, '2018-12-26'),
(646, 29, 2295, '2018-12-26'),
(647, 29, 2296, '2018-12-26'),
(648, 29, 2297, '2018-12-26'),
(649, 29, 2298, '2018-12-26'),
(651, 29, 2300, '2018-12-26'),
(652, 29, 2301, '2018-12-26'),
(653, 29, 2302, '2018-12-26'),
(654, 29, 2303, '2018-12-26'),
(655, 29, 2304, '2018-12-26'),
(656, 29, 2305, '2018-12-26'),
(657, 29, 2306, '2018-12-26'),
(658, 29, 2307, '2018-12-26'),
(659, 29, 2308, '2018-12-26'),
(660, 29, 2309, '2018-12-26'),
(661, 29, 2310, '2018-12-26'),
(662, 29, 2311, '2018-12-26'),
(663, 29, 2312, '2018-12-26'),
(664, 29, 2313, '2018-12-26'),
(665, 29, 2314, '2018-12-26'),
(666, 29, 2315, '2018-12-26'),
(667, 29, 2316, '2018-12-26'),
(668, 29, 2317, '2018-12-26'),
(669, 29, 2318, '2018-12-26'),
(670, 29, 2319, '2018-12-26'),
(671, 29, 2320, '2018-12-26'),
(672, 29, 2321, '2018-12-26'),
(673, 29, 2322, '2018-12-26'),
(674, 29, 2323, '2018-12-26'),
(675, 29, 2324, '2018-12-26'),
(676, 29, 2325, '2018-12-26'),
(677, 29, 2326, '2018-12-26'),
(678, 29, 2327, '2018-12-26'),
(679, 29, 2328, '2018-12-26'),
(680, 29, 2329, '2018-12-26'),
(681, 29, 2330, '2018-12-26'),
(682, 29, 2331, '2018-12-26'),
(683, 29, 2332, '2018-12-26'),
(684, 29, 2333, '2018-12-26'),
(685, 29, 2334, '2018-12-26'),
(686, 29, 2335, '2018-12-26'),
(687, 29, 2336, '2018-12-26'),
(689, 29, 2338, '2018-12-26'),
(690, 29, 2339, '2018-12-26'),
(691, 29, 2340, '2018-12-26'),
(692, 29, 2341, '2018-12-26'),
(693, 29, 2342, '2018-12-26'),
(694, 29, 2343, '2018-12-26'),
(695, 29, 2344, '2018-12-26'),
(696, 29, 2345, '2018-12-26'),
(697, 29, 2346, '2018-12-26'),
(698, 29, 2347, '2018-12-26'),
(699, 29, 2348, '2018-12-26'),
(700, 29, 2349, '2018-12-26'),
(701, 29, 2350, '2018-12-26'),
(702, 29, 2351, '2018-12-26'),
(703, 29, 2352, '2018-12-26'),
(704, 29, 2353, '2018-12-26'),
(705, 29, 2354, '2018-12-26'),
(706, 29, 2356, '2018-12-26'),
(707, 29, 2357, '2018-12-26'),
(708, 29, 2358, '2018-12-26'),
(709, 29, 2359, '2018-12-26'),
(710, 29, 2360, '2018-12-26'),
(711, 29, 2361, '2018-12-26'),
(712, 29, 2362, '2018-12-26'),
(713, 29, 2363, '2018-12-26'),
(714, 29, 2364, '2018-12-26'),
(715, 29, 2365, '2018-12-26'),
(716, 29, 2366, '2018-12-26'),
(717, 29, 2367, '2018-12-26'),
(718, 29, 2368, '2018-12-26'),
(719, 29, 2369, '2018-12-26'),
(720, 29, 2370, '2018-12-26'),
(721, 29, 2371, '2018-12-26'),
(722, 29, 2372, '2018-12-26'),
(723, 29, 2373, '2018-12-26'),
(724, 29, 2374, '2018-12-26'),
(725, 29, 2375, '2018-12-26'),
(726, 29, 2376, '2018-12-26'),
(727, 29, 2377, '2018-12-26'),
(728, 29, 2378, '2018-12-26'),
(729, 29, 2379, '2018-12-26'),
(730, 29, 2380, '2018-12-26'),
(731, 29, 2381, '2018-12-26'),
(732, 29, 2382, '2018-12-26'),
(733, 29, 2383, '2018-12-26'),
(734, 29, 2384, '2018-12-26'),
(735, 29, 2385, '2018-12-26'),
(736, 29, 2386, '2018-12-26'),
(738, 29, 2388, '2018-12-26'),
(739, 29, 2389, '2018-12-26'),
(740, 29, 2390, '2018-12-26'),
(741, 29, 2391, '2018-12-26'),
(742, 29, 2392, '2018-12-26'),
(743, 29, 2393, '2018-12-26'),
(744, 29, 2394, '2018-12-26'),
(745, 29, 2395, '2018-12-26'),
(746, 29, 2396, '2018-12-26'),
(747, 29, 2397, '2018-12-26'),
(748, 29, 2398, '2018-12-26'),
(749, 29, 2399, '2018-12-26'),
(750, 29, 2400, '2018-12-26'),
(751, 29, 2401, '2018-12-26'),
(752, 29, 2402, '2018-12-26'),
(753, 29, 2403, '2018-12-26'),
(754, 29, 2404, '2018-12-26'),
(755, 29, 2405, '2018-12-26'),
(756, 29, 2406, '2018-12-26'),
(757, 29, 2407, '2018-12-26'),
(759, 29, 2409, '2018-12-26'),
(760, 29, 2410, '2018-12-26'),
(761, 29, 2411, '2018-12-26'),
(762, 29, 2412, '2018-12-26'),
(763, 29, 2413, '2018-12-26'),
(764, 29, 2414, '2018-12-26'),
(765, 27, 2416, '2018-12-26'),
(766, 27, 2419, '2018-12-27'),
(770, 27, 2423, '2018-12-27'),
(771, 29, 2426, '2018-12-29'),
(772, 29, 2427, '2018-12-29'),
(773, 29, 2428, '2018-12-29'),
(774, 29, 2429, '2018-12-29'),
(775, 29, 2430, '2018-12-29'),
(776, 29, 2431, '2018-12-29'),
(777, 29, 2432, '2018-12-29'),
(778, 29, 2433, '2018-12-29'),
(779, 29, 2434, '2018-12-29'),
(780, 29, 2435, '2018-12-29'),
(781, 29, 2436, '2018-12-29'),
(782, 29, 2438, '2018-12-30'),
(783, 29, 2439, '2018-12-30'),
(784, 29, 2440, '2018-12-30'),
(785, 29, 2441, '2018-12-30'),
(786, 29, 2442, '2018-12-30'),
(787, 29, 2443, '2018-12-30'),
(788, 29, 2444, '2018-12-30'),
(789, 29, 2445, '2018-12-30'),
(790, 29, 2446, '2018-12-30'),
(791, 29, 2447, '2018-12-30'),
(792, 29, 2448, '2018-12-30'),
(793, 29, 2449, '2018-12-30'),
(794, 29, 2450, '2018-12-30'),
(795, 29, 2451, '2018-12-30'),
(796, 29, 2452, '2018-12-30'),
(797, 29, 2453, '2018-12-30'),
(798, 29, 2454, '2018-12-30'),
(799, 29, 2455, '2018-12-30'),
(800, 29, 2456, '2018-12-30'),
(801, 29, 2457, '2018-12-30'),
(802, 29, 2458, '2018-12-30'),
(803, 29, 2459, '2018-12-30'),
(804, 29, 2460, '2018-12-30'),
(805, 29, 2461, '2018-12-30'),
(806, 29, 2462, '2018-12-30'),
(807, 29, 2463, '2018-12-30'),
(808, 29, 2464, '2018-12-30'),
(809, 29, 2465, '2018-12-30'),
(810, 29, 2466, '2018-12-30'),
(811, 29, 2467, '2018-12-30'),
(812, 29, 2468, '2018-12-30'),
(813, 29, 2469, '2018-12-30'),
(814, 29, 2470, '2018-12-30'),
(815, 29, 2471, '2018-12-30'),
(816, 29, 2472, '2018-12-30'),
(817, 29, 2473, '2018-12-30'),
(818, 29, 2474, '2018-12-30'),
(819, 29, 2475, '2018-12-30'),
(820, 29, 2476, '2018-12-30'),
(821, 29, 2477, '2018-12-30'),
(822, 29, 2478, '2018-12-30'),
(823, 29, 2479, '2018-12-30'),
(824, 29, 2480, '2018-12-30'),
(825, 29, 2481, '2018-12-30'),
(826, 29, 2482, '2018-12-30'),
(827, 29, 2483, '2018-12-30'),
(828, 29, 2484, '2018-12-30'),
(829, 29, 2485, '2018-12-30'),
(830, 29, 2486, '2018-12-30'),
(831, 29, 2487, '2018-12-30'),
(832, 29, 2488, '2018-12-30'),
(833, 29, 2489, '2018-12-30'),
(834, 29, 2490, '2018-12-30'),
(835, 29, 2491, '2018-12-30'),
(836, 29, 2492, '2018-12-30'),
(837, 29, 2493, '2018-12-30'),
(838, 29, 2494, '2018-12-30'),
(839, 29, 2495, '2018-12-30'),
(840, 29, 2496, '2018-12-30'),
(841, 29, 2497, '2018-12-30'),
(842, 29, 2498, '2018-12-30'),
(843, 29, 2499, '2018-12-30'),
(844, 29, 2500, '2018-12-30'),
(845, 29, 2501, '2018-12-30'),
(846, 29, 2502, '2018-12-30'),
(847, 29, 2503, '2018-12-30'),
(848, 29, 2504, '2018-12-30'),
(849, 29, 2505, '2018-12-30'),
(850, 29, 2506, '2018-12-30'),
(851, 29, 2507, '2018-12-30'),
(852, 29, 2508, '2018-12-30'),
(853, 29, 2509, '2018-12-30'),
(854, 29, 2510, '2018-12-30'),
(855, 29, 2511, '2018-12-30'),
(856, 29, 2512, '2018-12-30'),
(857, 29, 2513, '2018-12-30'),
(858, 29, 2514, '2018-12-30'),
(859, 29, 2515, '2018-12-30'),
(860, 29, 2516, '2018-12-30'),
(861, 29, 2517, '2018-12-30'),
(862, 29, 2518, '2018-12-30'),
(863, 29, 2519, '2018-12-30'),
(864, 29, 2520, '2018-12-30'),
(865, 29, 2521, '2018-12-30'),
(866, 29, 2522, '2018-12-30'),
(867, 29, 2523, '2018-12-30'),
(868, 29, 2524, '2018-12-30'),
(869, 29, 2525, '2018-12-30'),
(870, 29, 2526, '2018-12-30'),
(871, 29, 2527, '2018-12-30'),
(872, 29, 2528, '2018-12-30'),
(873, 29, 2529, '2018-12-30'),
(874, 29, 2530, '2018-12-30'),
(875, 29, 2531, '2018-12-30'),
(876, 29, 2532, '2018-12-30'),
(877, 29, 2533, '2018-12-30'),
(878, 29, 2534, '2018-12-30'),
(879, 29, 2535, '2018-12-30'),
(880, 29, 2536, '2018-12-30'),
(881, 29, 2537, '2018-12-30'),
(882, 29, 2538, '2018-12-30'),
(883, 29, 2539, '2018-12-30'),
(884, 29, 2540, '2018-12-30'),
(885, 29, 2541, '2018-12-30'),
(886, 29, 2542, '2018-12-30'),
(887, 29, 2543, '2018-12-30'),
(888, 29, 2544, '2018-12-30'),
(889, 29, 2545, '2018-12-30'),
(890, 29, 2546, '2018-12-30'),
(892, 29, 2548, '2018-12-30'),
(893, 29, 2549, '2018-12-30'),
(894, 29, 2550, '2018-12-30'),
(895, 29, 2551, '2018-12-30'),
(896, 29, 2552, '2018-12-30'),
(897, 29, 2553, '2018-12-30'),
(898, 29, 2554, '2018-12-30'),
(899, 29, 2555, '2018-12-30'),
(900, 29, 2556, '2018-12-30'),
(901, 29, 2557, '2018-12-30'),
(902, 29, 2558, '2018-12-30'),
(903, 29, 2559, '2018-12-30'),
(904, 29, 2560, '2018-12-30'),
(905, 29, 2561, '2018-12-30'),
(906, 29, 2562, '2018-12-30'),
(907, 29, 2563, '2018-12-30'),
(908, 29, 2564, '2018-12-30'),
(909, 29, 2565, '2018-12-30'),
(910, 29, 2566, '2018-12-30'),
(911, 29, 2567, '2018-12-30'),
(912, 29, 2568, '2018-12-30'),
(913, 29, 2569, '2018-12-30'),
(914, 29, 2570, '2018-12-30'),
(915, 29, 2571, '2018-12-30'),
(916, 29, 2572, '2018-12-30'),
(917, 29, 2573, '2018-12-30'),
(918, 29, 2574, '2018-12-30'),
(919, 29, 2575, '2018-12-30'),
(920, 29, 2576, '2018-12-30'),
(921, 29, 2577, '2018-12-30'),
(923, 29, 2579, '2018-12-30'),
(924, 29, 2580, '2018-12-30'),
(925, 29, 2581, '2018-12-30'),
(926, 29, 2582, '2018-12-30'),
(927, 29, 2583, '2018-12-30'),
(928, 29, 2584, '2018-12-30'),
(929, 29, 2585, '2018-12-30'),
(930, 29, 2586, '2018-12-30'),
(931, 29, 2587, '2018-12-30'),
(932, 29, 2588, '2018-12-30'),
(933, 29, 2589, '2018-12-30'),
(934, 29, 2590, '2018-12-30'),
(935, 29, 2591, '2018-12-30'),
(936, 29, 2592, '2018-12-30'),
(937, 29, 2593, '2018-12-30'),
(938, 29, 2594, '2018-12-30'),
(939, 29, 2595, '2018-12-30'),
(940, 29, 2596, '2018-12-30'),
(941, 29, 2597, '2018-12-30'),
(942, 29, 2598, '2018-12-30'),
(943, 29, 2599, '2018-12-30'),
(944, 29, 2600, '2018-12-30'),
(945, 29, 2601, '2018-12-30'),
(946, 29, 2602, '2018-12-30'),
(947, 29, 2603, '2018-12-30'),
(948, 29, 2604, '2018-12-30'),
(949, 29, 2605, '2018-12-30'),
(950, 29, 2606, '2018-12-30'),
(951, 29, 2607, '2018-12-30'),
(952, 29, 2608, '2018-12-30'),
(953, 29, 2609, '2018-12-30'),
(954, 29, 2610, '2018-12-30'),
(955, 29, 2611, '2018-12-30'),
(956, 29, 2612, '2018-12-30'),
(957, 29, 2613, '2018-12-30'),
(958, 29, 2614, '2018-12-30'),
(959, 29, 2615, '2018-12-30'),
(960, 29, 2616, '2018-12-30'),
(961, 29, 2617, '2018-12-30'),
(962, 29, 2618, '2018-12-30'),
(963, 29, 2619, '2018-12-30'),
(964, 29, 2620, '2018-12-30'),
(965, 29, 2621, '2018-12-30'),
(966, 29, 2622, '2018-12-30'),
(967, 29, 2623, '2018-12-30'),
(968, 29, 2624, '2018-12-30'),
(969, 29, 2625, '2018-12-30'),
(970, 29, 2626, '2018-12-30'),
(971, 29, 2627, '2018-12-30'),
(972, 29, 2628, '2018-12-30'),
(973, 29, 2629, '2018-12-30'),
(974, 29, 2630, '2018-12-30'),
(976, 29, 2632, '2018-12-30'),
(977, 29, 2633, '2018-12-30'),
(978, 29, 2634, '2018-12-30'),
(979, 29, 2635, '2018-12-30'),
(980, 29, 2636, '2018-12-30'),
(981, 29, 2637, '2018-12-30'),
(982, 29, 2638, '2018-12-30'),
(983, 29, 2639, '2018-12-30'),
(984, 29, 2640, '2018-12-30'),
(985, 29, 2641, '2018-12-30'),
(986, 29, 2642, '2018-12-30'),
(987, 29, 2643, '2018-12-30'),
(988, 29, 2644, '2018-12-30'),
(989, 29, 2645, '2018-12-30'),
(990, 29, 2646, '2018-12-30'),
(991, 29, 2647, '2018-12-30'),
(992, 29, 2648, '2018-12-30'),
(993, 29, 2649, '2018-12-30'),
(994, 29, 2650, '2018-12-30'),
(995, 29, 2651, '2018-12-30'),
(996, 29, 2652, '2018-12-30'),
(997, 29, 2653, '2018-12-30'),
(998, 29, 2654, '2018-12-30'),
(999, 29, 2655, '2018-12-30'),
(1000, 29, 2656, '2018-12-30'),
(1001, 29, 2657, '2018-12-30'),
(1002, 29, 2658, '2018-12-30'),
(1003, 29, 2659, '2018-12-30'),
(1004, 29, 2660, '2018-12-30'),
(1006, 29, 2662, '2018-12-30'),
(1007, 29, 2663, '2018-12-30'),
(1008, 29, 2664, '2018-12-30'),
(1009, 29, 2665, '2018-12-30'),
(1010, 29, 2666, '2018-12-30'),
(1012, 29, 2668, '2018-12-31'),
(1013, 29, 2669, '2018-12-31'),
(1014, 29, 2670, '2018-12-31'),
(1016, 29, 2672, '2018-12-31'),
(1017, 29, 2673, '2018-12-31'),
(1018, 29, 2674, '2018-12-31'),
(1019, 29, 2675, '2018-12-31'),
(1020, 29, 2676, '2018-12-31'),
(1021, 29, 2677, '2018-12-31'),
(1022, 29, 2678, '2018-12-31'),
(1023, 29, 2679, '2018-12-31'),
(1024, 29, 2680, '2018-12-31'),
(1025, 29, 2681, '2018-12-31'),
(1026, 29, 2682, '2018-12-31'),
(1027, 29, 2683, '2018-12-31'),
(1028, 29, 2684, '2018-12-31'),
(1029, 29, 2685, '2018-12-31'),
(1030, 29, 2686, '2018-12-31'),
(1031, 29, 2687, '2018-12-31'),
(1032, 29, 2688, '2018-12-31'),
(1033, 29, 2689, '2018-12-31'),
(1034, 29, 2690, '2018-12-31'),
(1035, 29, 2692, '2018-12-31'),
(1036, 29, 2693, '2018-12-31'),
(1037, 29, 2694, '2018-12-31'),
(1038, 29, 2695, '2018-12-31'),
(1039, 29, 2696, '2018-12-31'),
(1040, 29, 2697, '2018-12-31'),
(1041, 29, 2698, '2018-12-31'),
(1042, 29, 2699, '2018-12-31'),
(1043, 29, 2700, '2018-12-31'),
(1044, 29, 2701, '2018-12-31'),
(1045, 29, 2702, '2018-12-31'),
(1046, 29, 2703, '2018-12-31'),
(1047, 29, 2704, '2018-12-31'),
(1048, 29, 2705, '2018-12-31'),
(1049, 29, 2706, '2018-12-31'),
(1050, 29, 2707, '2018-12-31'),
(1051, 29, 2708, '2018-12-31'),
(1052, 29, 2709, '2018-12-31'),
(1053, 29, 2710, '2018-12-31'),
(1054, 29, 2711, '2018-12-31'),
(1055, 29, 2712, '2018-12-31'),
(1056, 29, 2713, '2018-12-31'),
(1057, 29, 2714, '2018-12-31'),
(1058, 29, 2715, '2018-12-31'),
(1059, 29, 2716, '2018-12-31'),
(1060, 29, 2717, '2018-12-31'),
(1061, 29, 2718, '2018-12-31'),
(1062, 29, 2719, '2018-12-31'),
(1063, 29, 2720, '2018-12-31'),
(1064, 29, 2721, '2018-12-31'),
(1065, 29, 2722, '2018-12-31'),
(1066, 29, 2723, '2018-12-31'),
(1067, 29, 2724, '2018-12-31'),
(1068, 29, 2725, '2018-12-31'),
(1069, 29, 2726, '2018-12-31'),
(1070, 29, 2727, '2018-12-31'),
(1071, 29, 2728, '2018-12-31'),
(1072, 29, 2729, '2018-12-31'),
(1073, 29, 2730, '2018-12-31'),
(1074, 29, 2731, '2018-12-31'),
(1075, 29, 2732, '2018-12-31'),
(1076, 29, 2733, '2018-12-31'),
(1077, 29, 2734, '2018-12-31'),
(1078, 29, 2735, '2018-12-31'),
(1079, 29, 2736, '2018-12-31'),
(1080, 29, 2737, '2018-12-31'),
(1081, 29, 2738, '2018-12-31'),
(1082, 29, 2739, '2018-12-31'),
(1083, 29, 2740, '2018-12-31'),
(1084, 29, 2741, '2018-12-31'),
(1085, 29, 2742, '2018-12-31'),
(1086, 29, 2743, '2018-12-31'),
(1087, 29, 2744, '2018-12-31'),
(1088, 29, 2745, '2018-12-31'),
(1089, 29, 2746, '2018-12-31'),
(1090, 29, 2747, '2018-12-31'),
(1091, 29, 2748, '2018-12-31'),
(1092, 29, 2749, '2018-12-31'),
(1093, 29, 2750, '2018-12-31'),
(1094, 29, 2751, '2018-12-31'),
(1095, 29, 2752, '2018-12-31'),
(1096, 29, 2753, '2018-12-31'),
(1097, 29, 2754, '2018-12-31'),
(1098, 29, 2755, '2018-12-31'),
(1099, 29, 2756, '2018-12-31'),
(1100, 29, 2757, '2018-12-31'),
(1101, 29, 2758, '2018-12-31'),
(1103, 29, 2760, '2018-12-31'),
(1104, 29, 2761, '2018-12-31'),
(1105, 29, 2762, '2018-12-31'),
(1106, 29, 2763, '2018-12-31'),
(1107, 29, 2764, '2018-12-31'),
(1108, 29, 2765, '2018-12-31'),
(1109, 29, 2766, '2018-12-31'),
(1110, 29, 2767, '2018-12-31'),
(1111, 29, 2768, '2018-12-31'),
(1112, 29, 2769, '2018-12-31'),
(1113, 29, 2771, '2018-12-31'),
(1114, 29, 2772, '2018-12-31'),
(1115, 29, 2773, '2018-12-31'),
(1116, 29, 2774, '2018-12-31'),
(1117, 29, 2775, '2018-12-31'),
(1118, 29, 2776, '2018-12-31'),
(1119, 29, 2777, '2018-12-31'),
(1120, 29, 2778, '2018-12-31'),
(1121, 29, 2779, '2018-12-31'),
(1122, 29, 2780, '2018-12-31'),
(1123, 29, 2781, '2018-12-31'),
(1124, 29, 2782, '2018-12-31'),
(1125, 29, 2783, '2018-12-31'),
(1126, 29, 2784, '2018-12-31'),
(1127, 29, 2785, '2018-12-31'),
(1128, 29, 2786, '2018-12-31'),
(1129, 29, 2787, '2018-12-31'),
(1130, 29, 2788, '2018-12-31'),
(1131, 29, 2789, '2018-12-31'),
(1132, 29, 2790, '2018-12-31'),
(1133, 29, 2791, '2018-12-31'),
(1134, 29, 2792, '2018-12-31'),
(1135, 29, 2793, '2018-12-31'),
(1136, 29, 2794, '2018-12-31'),
(1137, 29, 2795, '2018-12-31'),
(1138, 29, 2796, '2018-12-31'),
(1139, 29, 2797, '2018-12-31'),
(1140, 29, 2798, '2018-12-31'),
(1141, 29, 2799, '2018-12-31'),
(1142, 29, 2800, '2018-12-31'),
(1143, 29, 2801, '2018-12-31'),
(1144, 29, 2802, '2018-12-31'),
(1145, 29, 2803, '2018-12-31'),
(1146, 29, 2804, '2018-12-31'),
(1147, 29, 2805, '2018-12-31'),
(1148, 29, 2806, '2018-12-31'),
(1149, 29, 2807, '2018-12-31'),
(1150, 29, 2808, '2018-12-31'),
(1151, 29, 2809, '2018-12-31'),
(1152, 29, 2810, '2018-12-31'),
(1153, 29, 2811, '2018-12-31'),
(1154, 29, 2812, '2018-12-31'),
(1155, 29, 2813, '2018-12-31'),
(1156, 29, 2814, '2018-12-31'),
(1157, 29, 2815, '2018-12-31'),
(1158, 29, 2816, '2018-12-31'),
(1159, 29, 2817, '2018-12-31'),
(1160, 29, 2818, '2018-12-31'),
(1161, 29, 2819, '2018-12-31'),
(1162, 29, 2820, '2018-12-31'),
(1163, 29, 2821, '2018-12-31'),
(1164, 29, 2822, '2018-12-31'),
(1165, 29, 2823, '2018-12-31'),
(1166, 29, 2824, '2018-12-31'),
(1167, 29, 2825, '2018-12-31'),
(1168, 29, 2826, '2018-12-31'),
(1169, 29, 2827, '2018-12-31'),
(1170, 29, 2828, '2018-12-31'),
(1171, 29, 2829, '2018-12-31'),
(1173, 29, 2831, '2018-12-31'),
(1174, 29, 2832, '2018-12-31'),
(1175, 29, 2833, '2018-12-31'),
(1176, 29, 2834, '2018-12-31'),
(1177, 29, 2835, '2018-12-31'),
(1178, 29, 2836, '2018-12-31'),
(1179, 29, 2837, '2018-12-31'),
(1180, 29, 2838, '2018-12-31'),
(1181, 29, 2839, '2018-12-31'),
(1182, 29, 2840, '2018-12-31'),
(1183, 29, 2841, '2018-12-31'),
(1184, 29, 2842, '2018-12-31'),
(1185, 29, 2843, '2018-12-31'),
(1186, 29, 2844, '2018-12-31'),
(1187, 29, 2845, '2018-12-31'),
(1188, 29, 2846, '2018-12-31'),
(1189, 29, 2847, '2018-12-31'),
(1190, 29, 2848, '2018-12-31'),
(1191, 29, 2849, '2018-12-31'),
(1193, 29, 2851, '2018-12-31'),
(1194, 29, 2852, '2018-12-31'),
(1195, 29, 2853, '2018-12-31'),
(1197, 29, 2855, '2018-12-31'),
(1198, 29, 2856, '2018-12-31'),
(1199, 29, 2857, '2018-12-31'),
(1200, 29, 2858, '2019-01-01'),
(1201, 29, 2859, '2019-01-01'),
(1202, 29, 2860, '2019-01-01'),
(1203, 29, 2861, '2019-01-01'),
(1204, 29, 2862, '2019-01-01'),
(1205, 29, 2863, '2019-01-01'),
(1207, 29, 2865, '2019-01-01'),
(1208, 29, 2866, '2019-01-01'),
(1209, 29, 2867, '2019-01-01'),
(1210, 29, 2868, '2019-01-01'),
(1211, 29, 2869, '2019-01-01'),
(1212, 29, 2870, '2019-01-01'),
(1213, 29, 2871, '2019-01-01'),
(1214, 29, 2872, '2019-01-01'),
(1215, 29, 2873, '2019-01-01'),
(1216, 29, 2874, '2019-01-01'),
(1217, 29, 2875, '2019-01-01'),
(1218, 29, 2876, '2019-01-01'),
(1219, 29, 2877, '2019-01-01'),
(1220, 29, 2878, '2019-01-01'),
(1221, 29, 2879, '2019-01-01'),
(1222, 29, 2880, '2019-01-01'),
(1223, 29, 2881, '2019-01-01'),
(1224, 29, 2882, '2019-01-01'),
(1225, 29, 2883, '2019-01-01'),
(1227, 29, 2885, '2019-01-01'),
(1228, 29, 2886, '2019-01-01'),
(1229, 29, 2887, '2019-01-01'),
(1230, 29, 2888, '2019-01-01'),
(1231, 29, 2889, '2019-01-01'),
(1232, 29, 2890, '2019-01-01'),
(1233, 29, 2891, '2019-01-01'),
(1234, 29, 2892, '2019-01-01'),
(1235, 29, 2893, '2019-01-01'),
(1236, 29, 2894, '2019-01-01'),
(1237, 29, 2895, '2019-01-01'),
(1238, 29, 2896, '2019-01-01'),
(1239, 29, 2897, '2019-01-01'),
(1240, 29, 2898, '2019-01-01'),
(1241, 29, 2899, '2019-01-01'),
(1243, 27, 2901, '2019-01-02'),
(1244, 27, 2902, '2019-01-02'),
(1245, 27, 2903, '2019-01-02'),
(1246, 27, 2904, '2019-01-02'),
(1247, 29, 2905, '2019-01-02'),
(1248, 29, 2906, '2019-01-02'),
(1249, 29, 2907, '2019-01-02'),
(1250, 29, 2908, '2019-01-02'),
(1251, 29, 2909, '2019-01-02'),
(1252, 29, 2910, '2019-01-02'),
(1253, 29, 2911, '2019-01-02'),
(1254, 29, 2912, '2019-01-02'),
(1255, 29, 2913, '2019-01-02'),
(1256, 29, 2914, '2019-01-02'),
(1257, 29, 2915, '2019-01-02'),
(1258, 29, 2916, '2019-01-02'),
(1259, 29, 2917, '2019-01-02'),
(1260, 29, 2918, '2019-01-02'),
(1261, 29, 2919, '2019-01-02'),
(1262, 29, 2920, '2019-01-02'),
(1263, 29, 2921, '2019-01-02'),
(1264, 29, 2922, '2019-01-02'),
(1265, 29, 2923, '2019-01-02'),
(1266, 29, 2924, '2019-01-02'),
(1267, 29, 2925, '2019-01-02'),
(1268, 29, 2926, '2019-01-02'),
(1269, 29, 2927, '2019-01-02'),
(1270, 29, 2928, '2019-01-02'),
(1271, 29, 2929, '2019-01-02'),
(1272, 29, 2930, '2019-01-02'),
(1274, 29, 2932, '2019-01-02'),
(1275, 29, 2933, '2019-01-02'),
(1276, 29, 2934, '2019-01-02'),
(1277, 29, 2935, '2019-01-02'),
(1278, 29, 2936, '2019-01-02'),
(1279, 29, 2937, '2019-01-02'),
(1280, 29, 2938, '2019-01-02'),
(1281, 29, 2939, '2019-01-02'),
(1282, 29, 2940, '2019-01-02'),
(1283, 29, 2941, '2019-01-02'),
(1284, 29, 2942, '2019-01-02'),
(1285, 29, 2943, '2019-01-02'),
(1287, 29, 2946, '2019-01-02'),
(1288, 29, 2947, '2019-01-02'),
(1289, 29, 2948, '2019-01-02'),
(1290, 29, 2949, '2019-01-02'),
(1291, 29, 2950, '2019-01-02'),
(1292, 29, 2951, '2019-01-02'),
(1293, 29, 2952, '2019-01-02'),
(1294, 29, 2953, '2019-01-02'),
(1295, 29, 2954, '2019-01-02'),
(1296, 29, 2955, '2019-01-02'),
(1297, 29, 2956, '2019-01-02'),
(1298, 29, 2957, '2019-01-02'),
(1299, 29, 2962, '2019-01-04'),
(1300, 29, 2963, '2019-01-04'),
(1301, 29, 2964, '2019-01-04'),
(1303, 29, 2966, '2019-01-04'),
(1304, 29, 2967, '2019-01-04'),
(1305, 29, 2968, '2019-01-04'),
(1306, 29, 2969, '2019-01-04'),
(1308, 29, 2971, '2019-01-04'),
(1309, 29, 2972, '2019-01-04'),
(1311, 29, 2974, '2019-01-04'),
(1312, 29, 2976, '2019-01-04'),
(1313, 29, 2977, '2019-01-04'),
(1314, 29, 2978, '2019-01-04'),
(1315, 29, 2979, '2019-01-04'),
(1316, 29, 2980, '2019-01-04'),
(1317, 29, 2981, '2019-01-04'),
(1318, 29, 2982, '2019-01-04'),
(1319, 29, 2983, '2019-01-04'),
(1320, 29, 2984, '2019-01-04'),
(1321, 29, 2985, '2019-01-05'),
(1322, 29, 2986, '2019-01-05'),
(1323, 29, 2987, '2019-01-05'),
(1324, 29, 2988, '2019-01-05'),
(1325, 29, 2989, '2019-01-05'),
(1326, 29, 2990, '2019-01-05'),
(1327, 29, 2991, '2019-01-05'),
(1328, 29, 2992, '2019-01-05'),
(1329, 29, 2993, '2019-01-05'),
(1330, 29, 2994, '2019-01-05'),
(1331, 29, 2995, '2019-01-05'),
(1332, 29, 2996, '2019-01-05'),
(1333, 29, 2997, '2019-01-05'),
(1334, 29, 2998, '2019-01-05'),
(1335, 29, 2999, '2019-01-05'),
(1336, 29, 3000, '2019-01-05'),
(1337, 29, 3001, '2019-01-05'),
(1338, 29, 3002, '2019-01-05'),
(1339, 29, 3003, '2019-01-05'),
(1340, 29, 3004, '2019-01-05'),
(1342, 29, 3007, '2019-01-05'),
(1343, 29, 3008, '2019-01-05'),
(1344, 29, 3009, '2019-01-05'),
(1345, 27, 3030, '2019-01-05'),
(1346, 29, 3094, '2019-01-08'),
(1347, 29, 3095, '2019-01-08'),
(1348, 29, 3096, '2019-01-08'),
(1349, 29, 3097, '2019-01-08'),
(1351, 29, 3099, '2019-01-08'),
(1352, 29, 3101, '2019-01-08'),
(1353, 29, 3102, '2019-01-08'),
(1354, 29, 3103, '2019-01-08'),
(1357, 29, 3106, '2019-01-08'),
(1358, 29, 3107, '2019-01-08'),
(1359, 29, 3108, '2019-01-08'),
(1360, 29, 3109, '2019-01-08'),
(1362, 29, 3111, '2019-01-08'),
(1363, 29, 3112, '2019-01-08'),
(1364, 29, 3113, '2019-01-08'),
(1365, 29, 3114, '2019-01-08'),
(1366, 29, 3115, '2019-01-08'),
(1367, 29, 3116, '2019-01-08'),
(1368, 29, 3117, '2019-01-08'),
(1369, 29, 3118, '2019-01-08'),
(1370, 29, 3119, '2019-01-09'),
(1371, 29, 3120, '2019-01-09'),
(1372, 29, 3122, '2019-01-09'),
(1373, 29, 3123, '2019-01-09'),
(1374, 29, 3124, '2019-01-09'),
(1375, 29, 3125, '2019-01-09'),
(1377, 29, 3127, '2019-01-09'),
(1378, 29, 3128, '2019-01-09'),
(1379, 29, 3129, '2019-01-09'),
(1380, 29, 3130, '2019-01-09'),
(1381, 29, 3131, '2019-01-09'),
(1382, 29, 3132, '2019-01-09'),
(1383, 29, 3133, '2019-01-09'),
(1384, 29, 3134, '2019-01-09'),
(1385, 29, 3135, '2019-01-09'),
(1386, 29, 3136, '2019-01-09'),
(1387, 29, 3137, '2019-01-09'),
(1388, 29, 3138, '2019-01-09'),
(1389, 29, 3139, '2019-01-09'),
(1390, 29, 3140, '2019-01-09'),
(1391, 29, 3141, '2019-01-09'),
(1392, 29, 3142, '2019-01-09'),
(1393, 29, 3143, '2019-01-09'),
(1394, 29, 3144, '2019-01-09'),
(1395, 29, 3145, '2019-01-09'),
(1396, 29, 3146, '2019-01-09'),
(1397, 29, 3147, '2019-01-09'),
(1398, 29, 3148, '2019-01-09'),
(1399, 29, 3149, '2019-01-09'),
(1400, 29, 3150, '2019-01-09'),
(1401, 29, 3151, '2019-01-09'),
(1402, 29, 3152, '2019-01-09'),
(1403, 29, 3153, '2019-01-09'),
(1404, 29, 3155, '2019-01-09'),
(1405, 29, 3156, '2019-01-09'),
(1406, 29, 3157, '2019-01-09'),
(1407, 29, 3158, '2019-01-09'),
(1409, 29, 3160, '2019-01-09'),
(1410, 29, 3161, '2019-01-09'),
(1412, 29, 3163, '2019-01-09'),
(1413, 29, 3164, '2019-01-09'),
(1414, 29, 3165, '2019-01-09'),
(1415, 29, 3166, '2019-01-09'),
(1416, 29, 3167, '2019-01-09'),
(1417, 29, 3168, '2019-01-09'),
(1418, 29, 3169, '2019-01-09'),
(1419, 29, 3170, '2019-01-09'),
(1420, 29, 3171, '2019-01-09'),
(1421, 29, 3172, '2019-01-09'),
(1422, 29, 3173, '2019-01-09'),
(1423, 29, 3174, '2019-01-09'),
(1424, 29, 3175, '2019-01-09'),
(1425, 29, 3176, '2019-01-09'),
(1426, 29, 3177, '2019-01-09'),
(1427, 29, 3178, '2019-01-09'),
(1428, 29, 3179, '2019-01-09'),
(1429, 29, 3180, '2019-01-09'),
(1430, 29, 3181, '2019-01-09'),
(1431, 29, 3182, '2019-01-09'),
(1432, 29, 3183, '2019-01-09'),
(1433, 29, 3184, '2019-01-09'),
(1434, 29, 3185, '2019-01-09'),
(1435, 29, 3186, '2019-01-09'),
(1437, 29, 3188, '2019-01-09'),
(1438, 29, 3189, '2019-01-09'),
(1439, 29, 3190, '2019-01-09'),
(1440, 29, 3191, '2019-01-09'),
(1441, 29, 3192, '2019-01-09'),
(1442, 29, 3193, '2019-01-09'),
(1443, 29, 3266, '2019-01-14'),
(1445, 29, 3329, '2019-01-28'),
(1446, 29, 3330, '2019-01-28'),
(1447, 29, 3331, '2019-01-28'),
(1448, 29, 3332, '2019-01-28'),
(1449, 29, 3334, '2019-01-28'),
(1450, 29, 3335, '2019-01-28'),
(1452, 29, 3337, '2019-01-28'),
(1453, 29, 3338, '2019-01-28'),
(1454, 29, 3339, '2019-01-29'),
(1455, 29, 3340, '2019-01-29'),
(1456, 29, 3341, '2019-01-29'),
(1457, 29, 3342, '2019-01-29'),
(1458, 29, 3343, '2019-01-29'),
(1459, 29, 3344, '2019-01-29'),
(1460, 29, 3345, '2019-01-29'),
(1461, 29, 3347, '2019-01-29'),
(1462, 29, 3361, '2019-01-31'),
(1463, 29, 3362, '2019-01-31'),
(1464, 29, 3364, '2019-01-31'),
(1465, 29, 3365, '2019-01-31'),
(1466, 29, 3379, '2019-02-05'),
(1467, 29, 3380, '2019-02-05'),
(1469, 29, 3385, '2019-02-05'),
(1470, 29, 3386, '2019-02-06'),
(1473, 29, 3595, '2019-03-06'),
(1475, 29, 3645, '2019-03-11'),
(1476, 29, 3646, '2019-03-11'),
(1477, 29, 3651, '2019-03-11'),
(1478, 29, 3653, '2019-03-11'),
(1479, 29, 3657, '2019-03-11'),
(1480, 29, 3659, '2019-03-11'),
(1481, 29, 3660, '2019-03-11'),
(1482, 29, 3661, '2019-03-11'),
(1483, 29, 3664, '2019-03-11'),
(1484, 29, 3665, '2019-03-11'),
(1485, 29, 3670, '2019-03-11'),
(1486, 29, 3678, '2019-03-12'),
(1487, 29, 3681, '2019-03-12'),
(1488, 29, 3682, '2019-03-12'),
(1489, 29, 3683, '2019-03-12'),
(1490, 29, 3691, '2019-03-12'),
(1491, 29, 3692, '2019-03-12'),
(1492, 29, 3722, '2019-03-14'),
(1493, 29, 3723, '2019-03-14'),
(1494, 29, 3744, '2019-03-18'),
(1495, 29, 3745, '2019-03-18'),
(1496, 29, 3849, '2019-04-02'),
(1497, 29, 3851, '2019-04-02'),
(1498, 29, 3852, '2019-04-02'),
(1499, 29, 3855, '2019-04-02'),
(1500, 29, 3856, '2019-04-02'),
(1501, 29, 3857, '2019-04-02'),
(1502, 29, 3858, '2019-04-02'),
(1503, 29, 3859, '2019-04-02'),
(1504, 29, 3860, '2019-04-02'),
(1505, 29, 3861, '2019-04-03'),
(1506, 29, 3862, '2019-04-03'),
(1507, 29, 3863, '2019-04-03'),
(1508, 29, 3864, '2019-04-03'),
(1509, 29, 3865, '2019-04-03'),
(1510, 29, 3866, '2019-04-03'),
(1511, 29, 3867, '2019-04-03'),
(1512, 29, 3869, '2019-04-03'),
(1513, 29, 3870, '2019-04-03'),
(1514, 29, 3872, '2019-04-03'),
(1515, 29, 3873, '2019-04-03'),
(1516, 29, 3874, '2019-04-03'),
(1517, 29, 3875, '2019-04-03'),
(1518, 29, 3876, '2019-04-03'),
(1519, 29, 3877, '2019-04-03'),
(1520, 29, 3878, '2019-04-03'),
(1521, 29, 3879, '2019-04-03'),
(1522, 29, 3880, '2019-04-03'),
(1523, 29, 3881, '2019-04-03'),
(1524, 29, 3882, '2019-04-03'),
(1525, 29, 3883, '2019-04-03'),
(1526, 29, 3884, '2019-04-03'),
(1527, 29, 3885, '2019-04-03'),
(1528, 29, 3886, '2019-04-03'),
(1529, 29, 3887, '2019-04-03'),
(1530, 29, 3888, '2019-04-03'),
(1531, 29, 3889, '2019-04-03'),
(1532, 29, 3890, '2019-04-03'),
(1533, 29, 3891, '2019-04-03'),
(1534, 29, 3892, '2019-04-03'),
(1535, 29, 3893, '2019-04-03'),
(1536, 29, 3895, '2019-04-03'),
(1537, 29, 3896, '2019-04-03'),
(1538, 29, 3897, '2019-04-04'),
(1539, 29, 3898, '2019-04-04'),
(1540, 29, 3909, '2019-04-07'),
(1541, 29, 3911, '2019-04-07'),
(1542, 29, 3912, '2019-04-07'),
(1543, 29, 3913, '2019-04-07'),
(1544, 29, 3946, '2019-04-11'),
(1545, 29, 4232, '2019-06-03'),
(1547, 29, 4235, '2019-06-03'),
(1548, 29, 4236, '2019-06-03'),
(1549, 29, 4237, '2019-06-03'),
(1550, 29, 4359, '2019-07-01'),
(1558, 29, 4866, '2019-09-25'),
(1559, 29, 4868, '2019-09-25'),
(1562, 29, 5347, '2019-11-26'),
(1563, 29, 5348, '2019-11-26'),
(1564, 29, 5350, '2019-11-26'),
(1565, 29, 5367, '2019-12-02'),
(1566, 29, 5368, '2019-12-02'),
(1567, 29, 5369, '2019-12-02'),
(1568, 27, 5375, '2019-12-03'),
(1569, 27, 5376, '2019-12-03'),
(1570, 27, 5377, '2019-12-03'),
(1571, 27, 5378, '2019-12-03'),
(1572, 29, 5589, '2020-02-02'),
(1573, 29, 5656, '2020-03-17'),
(1574, 29, 5660, '2020-03-28'),
(1576, 29, 5662, '2020-03-29'),
(1577, 29, 5663, '2020-03-29'),
(1578, 29, 5664, '2020-03-29'),
(1579, 29, 5667, '2020-03-31'),
(1580, 29, 5671, '2020-04-06'),
(1581, 29, 5672, '2020-04-07'),
(1582, 29, 5686, '2020-06-16'),
(1583, 29, 5687, '2020-06-17'),
(1584, 29, 5688, '2020-06-17'),
(1585, 29, 5689, '2020-06-18'),
(1586, 29, 5691, '2020-06-21'),
(1587, 58, 5770, '2020-10-27'),
(1588, 58, 5771, '2020-10-27'),
(1589, 58, 5775, '2020-11-05'),
(1590, 58, 5776, '2020-11-05'),
(1591, 58, 5777, '2020-11-05'),
(1592, 58, 5778, '2020-11-05'),
(1593, 58, 5779, '2020-11-05'),
(1594, 58, 5780, '2020-11-05'),
(1595, 58, 5781, '2020-11-05'),
(1596, 58, 5782, '2020-11-05'),
(1597, 58, 5783, '2020-11-05'),
(1598, 58, 5784, '2020-11-05'),
(1599, 58, 5785, '2020-11-05'),
(1600, 58, 5786, '2020-11-05'),
(1601, 58, 5787, '2020-11-05'),
(1602, 58, 5788, '2020-11-05'),
(1603, 58, 5789, '2020-11-05'),
(1604, 58, 5790, '2020-11-05'),
(1605, 58, 5791, '2020-11-05'),
(1606, 58, 5792, '2020-11-05'),
(1607, 58, 5793, '2020-11-05'),
(1608, 58, 5794, '2020-11-05'),
(1609, 58, 5796, '2020-11-06'),
(1610, 58, 5797, '2020-11-06'),
(1611, 58, 5798, '2020-11-06'),
(1612, 58, 5799, '2020-11-07'),
(1613, 58, 5800, '2020-11-07'),
(1614, 58, 5801, '2020-11-07'),
(1615, 58, 5802, '2020-11-07'),
(1616, 58, 5803, '2020-11-07'),
(1617, 58, 5804, '2020-11-07'),
(1618, 58, 5805, '2020-11-07'),
(1619, 58, 5806, '2020-11-07'),
(1620, 58, 5807, '2020-11-07'),
(1621, 58, 5808, '2020-11-07'),
(1622, 58, 5809, '2020-11-07'),
(1623, 58, 5810, '2020-11-07'),
(1624, 58, 5811, '2020-11-07'),
(1625, 58, 5812, '2020-11-07'),
(1626, 58, 5813, '2020-11-07'),
(1627, 58, 5814, '2020-11-07'),
(1628, 58, 5815, '2020-11-07'),
(1629, 58, 5816, '2020-11-07'),
(1630, 58, 5817, '2020-11-07'),
(1631, 58, 5818, '2020-11-07'),
(1632, 58, 5819, '2020-11-07'),
(1633, 58, 5820, '2020-11-07'),
(1634, 58, 5821, '2020-11-07'),
(1635, 58, 5822, '2020-11-07'),
(1636, 58, 5823, '2020-11-07'),
(1637, 58, 5824, '2020-11-07'),
(1638, 58, 5825, '2020-11-07'),
(1639, 58, 5826, '2020-11-07'),
(1640, 58, 5827, '2020-11-07'),
(1641, 58, 5828, '2020-11-09'),
(1642, 58, 5829, '2020-11-09'),
(1643, 58, 5830, '2020-11-09'),
(1644, 58, 5831, '2020-11-09'),
(1645, 58, 5832, '2020-11-09'),
(1646, 58, 5833, '2020-11-09'),
(1647, 58, 5834, '2020-11-09'),
(1648, 58, 5835, '2020-11-09'),
(1649, 58, 5836, '2020-11-09'),
(1650, 58, 5837, '2020-11-09'),
(1651, 58, 5838, '2020-11-09'),
(1652, 58, 5839, '2020-11-09'),
(1653, 58, 5840, '2020-11-09'),
(1654, 58, 5841, '2020-11-09'),
(1655, 58, 5842, '2020-11-09'),
(1656, 58, 5843, '2020-11-09'),
(1657, 58, 5844, '2020-11-09'),
(1658, 58, 5845, '2020-11-09'),
(1659, 58, 5846, '2020-11-09'),
(1660, 58, 5847, '2020-11-09'),
(1661, 58, 5848, '2020-11-09'),
(1662, 58, 5849, '2020-11-09'),
(1663, 58, 5850, '2020-11-09'),
(1664, 58, 5851, '2020-11-09'),
(1665, 58, 5852, '2020-11-09'),
(1666, 58, 5853, '2020-11-09'),
(1667, 58, 5854, '2020-11-09'),
(1668, 58, 5855, '2020-11-09'),
(1669, 58, 5856, '2020-11-09'),
(1670, 58, 5857, '2020-11-09'),
(1671, 58, 5858, '2020-11-09'),
(1672, 58, 5859, '2020-11-09'),
(1673, 58, 5860, '2020-11-09'),
(1674, 58, 5861, '2020-11-09'),
(1675, 58, 5862, '2020-11-09'),
(1676, 58, 5863, '2020-11-09'),
(1677, 58, 5864, '2020-11-09'),
(1678, 58, 5865, '2020-11-09'),
(1679, 58, 5866, '2020-11-09'),
(1680, 58, 5867, '2020-11-09'),
(1681, 58, 5868, '2020-11-09'),
(1682, 58, 5869, '2020-11-09'),
(1683, 58, 5870, '2020-11-09'),
(1684, 58, 5871, '2020-11-09'),
(1685, 58, 5872, '2020-11-09'),
(1686, 58, 5873, '2020-11-09'),
(1687, 58, 5874, '2020-11-09'),
(1688, 58, 5875, '2020-11-09'),
(1689, 58, 5876, '2020-11-09'),
(1690, 58, 5877, '2020-11-09'),
(1691, 58, 5878, '2020-11-10'),
(1692, 58, 5879, '2020-11-10'),
(1693, 58, 5880, '2020-11-10'),
(1694, 58, 5881, '2020-11-10'),
(1695, 58, 5882, '2020-11-10'),
(1696, 58, 5883, '2020-11-10'),
(1697, 58, 5884, '2020-11-10'),
(1698, 58, 5885, '2020-11-10'),
(1699, 58, 5886, '2020-11-10'),
(1700, 58, 5887, '2020-11-10'),
(1701, 58, 5888, '2020-11-10'),
(1702, 58, 5889, '2020-11-10'),
(1703, 58, 5890, '2020-11-10'),
(1704, 58, 5891, '2020-11-10'),
(1705, 58, 5892, '2020-11-10'),
(1706, 58, 5893, '2020-11-10'),
(1707, 58, 5894, '2020-11-10'),
(1708, 58, 5895, '2020-11-10'),
(1709, 58, 5896, '2020-11-10'),
(1710, 58, 5897, '2020-11-10'),
(1711, 58, 5898, '2020-11-10'),
(1712, 58, 5899, '2020-11-10'),
(1713, 58, 5900, '2020-11-10'),
(1714, 58, 5901, '2020-11-10'),
(1715, 58, 5902, '2020-11-10'),
(1716, 58, 5903, '2020-11-10'),
(1717, 58, 5904, '2020-11-10'),
(1718, 58, 5905, '2020-11-10'),
(1719, 58, 5906, '2020-11-10'),
(1720, 58, 5907, '2020-11-10'),
(1721, 58, 5908, '2020-11-10'),
(1722, 58, 5909, '2020-11-10'),
(1723, 58, 5910, '2020-11-10'),
(1724, 58, 5911, '2020-11-10'),
(1725, 58, 5912, '2020-11-10'),
(1726, 58, 5913, '2020-11-10'),
(1727, 58, 5914, '2020-11-10'),
(1728, 58, 5915, '2020-11-11'),
(1729, 58, 5916, '2020-11-11'),
(1730, 58, 5917, '2020-11-11'),
(1731, 58, 5918, '2020-11-11'),
(1732, 58, 5919, '2020-11-11'),
(1733, 58, 5920, '2020-11-11'),
(1734, 58, 5921, '2020-11-11'),
(1737, 58, 5924, '2020-11-11'),
(1738, 58, 5925, '2020-11-11'),
(1739, 58, 5926, '2020-11-11'),
(1740, 58, 5927, '2020-11-11'),
(1741, 58, 5928, '2020-11-11'),
(1742, 58, 5929, '2020-11-11'),
(1743, 58, 5930, '2020-11-11'),
(1744, 58, 5931, '2020-11-11'),
(1745, 58, 5932, '2020-11-11'),
(1746, 58, 5933, '2020-11-11'),
(1747, 58, 5934, '2020-11-11'),
(1748, 58, 5935, '2020-11-11'),
(1750, 58, 5937, '2020-11-11'),
(1751, 58, 5938, '2020-11-11'),
(1752, 58, 5939, '2020-11-11'),
(1753, 58, 5940, '2020-11-11'),
(1754, 58, 5941, '2020-11-11'),
(1755, 58, 5942, '2020-11-11'),
(1756, 58, 5944, '2020-11-11'),
(1757, 58, 5945, '2020-11-11'),
(1758, 58, 5946, '2020-11-11'),
(1759, 58, 5947, '2020-11-11'),
(1760, 58, 5948, '2020-11-11'),
(1761, 58, 5949, '2020-11-11'),
(1762, 58, 5950, '2020-11-11'),
(1763, 58, 5951, '2020-11-11'),
(1764, 58, 5952, '2020-11-11'),
(1765, 58, 5953, '2020-11-11'),
(1766, 58, 5954, '2020-11-11'),
(1767, 58, 5955, '2020-11-11'),
(1768, 58, 5956, '2020-11-11'),
(1769, 58, 5957, '2020-11-11'),
(1770, 58, 5958, '2020-11-11'),
(1771, 58, 5959, '2020-11-11'),
(1774, 58, 5962, '2020-11-11'),
(1776, 58, 5964, '2020-11-11'),
(1777, 58, 5965, '2020-11-12'),
(1778, 58, 5966, '2020-11-12'),
(1779, 58, 5967, '2020-11-12'),
(1780, 58, 5968, '2020-11-12'),
(1781, 58, 5969, '2020-11-12'),
(1782, 58, 5970, '2020-11-12'),
(1783, 58, 5971, '2020-11-12'),
(1784, 58, 5972, '2020-11-12'),
(1785, 58, 5973, '2020-11-12'),
(1786, 58, 5974, '2020-11-12'),
(1787, 58, 5975, '2020-11-12'),
(1788, 58, 5976, '2020-11-12'),
(1789, 58, 5977, '2020-11-12'),
(1790, 58, 5978, '2020-11-12'),
(1791, 58, 5979, '2020-11-12'),
(1793, 58, 5981, '2020-11-12'),
(1794, 58, 5982, '2020-11-12'),
(1795, 58, 5983, '2020-11-12'),
(1796, 58, 5984, '2020-11-12'),
(1797, 58, 5985, '2020-11-12'),
(1798, 58, 5986, '2020-11-12'),
(1799, 58, 5987, '2020-11-12'),
(1800, 58, 5988, '2020-11-12'),
(1801, 58, 5989, '2020-11-12'),
(1802, 58, 5990, '2020-11-12'),
(1803, 58, 5991, '2020-11-12'),
(1804, 58, 5992, '2020-11-12'),
(1805, 58, 5993, '2020-11-12'),
(1806, 58, 5994, '2020-11-12'),
(1807, 58, 5995, '2020-11-12'),
(1808, 58, 5996, '2020-11-12'),
(1809, 58, 5997, '2020-11-12'),
(1810, 58, 5998, '2020-11-12'),
(1811, 58, 5999, '2020-11-12'),
(1812, 58, 6000, '2020-11-12'),
(1814, 58, 6002, '2020-11-12'),
(1815, 58, 6003, '2020-11-12'),
(1816, 58, 6004, '2020-11-12'),
(1817, 58, 6005, '2020-11-12'),
(1819, 58, 6007, '2020-11-12'),
(1820, 58, 6008, '2020-11-12'),
(1821, 58, 6009, '2020-11-12'),
(1822, 58, 6010, '2020-11-12'),
(1823, 58, 6011, '2020-11-12'),
(1824, 58, 6012, '2020-11-12'),
(1825, 58, 6013, '2020-11-12'),
(1826, 58, 6014, '2020-11-12'),
(1827, 58, 6019, '2020-11-14'),
(1828, 58, 6020, '2020-11-14'),
(1829, 58, 6021, '2020-11-14');
INSERT INTO `pms_admin_candidates` (`id`, `admin_id`, `candidate_id`, `assigned_date`) VALUES
(1830, 58, 6022, '2020-11-14'),
(1831, 58, 6023, '2020-11-14'),
(1832, 58, 6024, '2020-11-14'),
(1833, 58, 6025, '2020-11-14'),
(1834, 58, 6026, '2020-11-14'),
(1835, 58, 6027, '2020-11-14'),
(1836, 58, 6028, '2020-11-14'),
(1837, 58, 6029, '2020-11-14'),
(1838, 58, 6030, '2020-11-14'),
(1839, 58, 6031, '2020-11-14'),
(1840, 58, 6032, '2020-11-14'),
(1841, 58, 6033, '2020-11-14'),
(1842, 58, 6034, '2020-11-14'),
(1843, 58, 6035, '2020-11-14'),
(1844, 58, 6036, '2020-11-14'),
(1845, 58, 6037, '2020-11-14'),
(1846, 58, 6038, '2020-11-14'),
(1847, 58, 6039, '2020-11-14'),
(1848, 58, 6040, '2020-11-14'),
(1849, 58, 6041, '2020-11-14'),
(1850, 58, 6042, '2020-11-14'),
(1852, 58, 6044, '2020-11-14'),
(1853, 58, 6045, '2020-11-14'),
(1854, 58, 6046, '2020-11-14'),
(1855, 58, 6047, '2020-11-14'),
(1856, 58, 6048, '2020-11-14'),
(1857, 58, 6049, '2020-11-14'),
(1858, 58, 6050, '2020-11-14'),
(1859, 58, 6051, '2020-11-14'),
(1860, 58, 6052, '2020-11-14'),
(1861, 58, 6053, '2020-11-14'),
(1862, 58, 6054, '2020-11-14'),
(1863, 58, 6055, '2020-11-14'),
(1864, 58, 6056, '2020-11-14'),
(1865, 58, 6057, '2020-11-14'),
(1866, 58, 6058, '2020-11-14'),
(1867, 58, 6059, '2020-11-14'),
(1868, 58, 6060, '2020-11-14'),
(1869, 58, 6061, '2020-11-14'),
(1870, 58, 6062, '2020-11-14'),
(1871, 58, 6063, '2020-11-14'),
(1872, 58, 6064, '2020-11-14'),
(1873, 58, 6065, '2020-11-14'),
(1874, 58, 6066, '2020-11-14'),
(1875, 58, 6067, '2020-11-14'),
(1877, 58, 6069, '2020-11-14'),
(1878, 58, 6070, '2020-11-14'),
(1879, 58, 6071, '2020-11-14'),
(1880, 58, 6072, '2020-11-14'),
(1882, 58, 6074, '2020-11-14'),
(1883, 58, 6075, '2020-11-14'),
(1884, 58, 6076, '2020-11-14'),
(1885, 58, 6077, '2020-11-14'),
(1886, 58, 6078, '2020-11-14'),
(1887, 58, 6079, '2020-11-14'),
(1888, 58, 6080, '2020-11-14'),
(1889, 58, 6081, '2020-11-14'),
(1890, 58, 6082, '2020-11-14'),
(1891, 58, 6085, '2020-11-16'),
(1892, 58, 6086, '2020-11-16'),
(1893, 58, 6087, '2020-11-16'),
(1894, 58, 6088, '2020-11-16'),
(1895, 58, 6089, '2020-11-16'),
(1896, 58, 6090, '2020-11-16'),
(1897, 58, 6091, '2020-11-16'),
(1898, 58, 6092, '2020-11-16'),
(1899, 58, 6093, '2020-11-16'),
(1900, 58, 6094, '2020-11-16'),
(1901, 58, 6095, '2020-11-16'),
(1902, 58, 6096, '2020-11-16'),
(1903, 58, 6097, '2020-11-16'),
(1904, 58, 6098, '2020-11-16'),
(1905, 58, 6099, '2020-11-16'),
(1906, 58, 6100, '2020-11-16'),
(1907, 58, 6101, '2020-11-16'),
(1908, 58, 6102, '2020-11-16'),
(1909, 58, 6103, '2020-11-16'),
(1910, 58, 6104, '2020-11-16'),
(1911, 58, 6105, '2020-11-16'),
(1912, 58, 6106, '2020-11-16'),
(1913, 58, 6107, '2020-11-16'),
(1914, 58, 6108, '2020-11-16'),
(1915, 58, 6109, '2020-11-16'),
(1916, 58, 6110, '2020-11-16'),
(1917, 58, 6111, '2020-11-16'),
(1918, 58, 6112, '2020-11-16'),
(1919, 58, 6113, '2020-11-16'),
(1920, 58, 6114, '2020-11-16'),
(1921, 58, 6115, '2020-11-16'),
(1922, 58, 6116, '2020-11-16'),
(1923, 58, 6117, '2020-11-16'),
(1924, 58, 6118, '2020-11-16'),
(1925, 58, 6119, '2020-11-16'),
(1926, 58, 6120, '2020-11-16'),
(1927, 58, 6121, '2020-11-16'),
(1928, 58, 6122, '2020-11-16'),
(1929, 58, 6123, '2020-11-16'),
(1930, 58, 6124, '2020-11-16'),
(1931, 58, 6125, '2020-11-16'),
(1932, 58, 6126, '2020-11-16'),
(1933, 58, 6127, '2020-11-16'),
(1934, 58, 6128, '2020-11-16'),
(1935, 58, 6129, '2020-11-16'),
(1936, 58, 6130, '2020-11-16'),
(1937, 58, 6131, '2020-11-16'),
(1938, 58, 6132, '2020-11-16'),
(1939, 58, 6133, '2020-11-16'),
(1940, 58, 6134, '2020-11-16'),
(1941, 58, 6135, '2020-11-16'),
(1942, 58, 6137, '2020-11-16'),
(1943, 58, 6138, '2020-11-16'),
(1944, 58, 6139, '2020-11-16'),
(1945, 58, 6140, '2020-11-16'),
(1946, 58, 6141, '2020-11-16'),
(1947, 58, 6142, '2020-11-16'),
(1948, 58, 6143, '2020-11-16'),
(1949, 58, 6144, '2020-11-16'),
(1950, 58, 6145, '2020-11-16'),
(1951, 58, 6146, '2020-11-16'),
(1952, 58, 6147, '2020-11-16'),
(1953, 58, 6148, '2020-11-16'),
(1954, 58, 6149, '2020-11-16'),
(1955, 58, 6150, '2020-11-16'),
(1956, 58, 6151, '2020-11-16'),
(1957, 58, 6152, '2020-11-16'),
(1958, 58, 6153, '2020-11-16'),
(1959, 58, 6154, '2020-11-16'),
(1960, 58, 6155, '2020-11-16'),
(1961, 58, 6156, '2020-11-18'),
(1962, 58, 6157, '2020-11-18'),
(1963, 58, 6158, '2020-11-18'),
(1964, 58, 6159, '2020-11-18'),
(1965, 58, 6160, '2020-11-18'),
(1966, 58, 6161, '2020-11-18'),
(1967, 58, 6162, '2020-11-18'),
(1968, 58, 6163, '2020-11-18'),
(1969, 58, 6164, '2020-11-18'),
(1970, 58, 6165, '2020-11-18'),
(1971, 58, 6166, '2020-11-18'),
(1972, 58, 6167, '2020-11-18'),
(1973, 58, 6168, '2020-11-18'),
(1974, 58, 6169, '2020-11-18'),
(1975, 58, 6170, '2020-11-18'),
(1976, 58, 6171, '2020-11-18'),
(1977, 58, 6172, '2020-11-18'),
(1978, 58, 6173, '2020-11-18'),
(1979, 58, 6174, '2020-11-18'),
(1980, 58, 6175, '2020-11-18'),
(1981, 58, 6176, '2020-11-18'),
(1982, 58, 6177, '2020-11-18'),
(1983, 58, 6178, '2020-11-18'),
(1984, 58, 6179, '2020-11-18'),
(1985, 58, 6180, '2020-11-18'),
(1986, 58, 6181, '2020-11-18'),
(1987, 58, 6182, '2020-11-18'),
(1988, 58, 6184, '2020-11-18'),
(1989, 58, 6185, '2020-11-18'),
(1990, 58, 6186, '2020-11-18'),
(1991, 58, 6187, '2020-11-18'),
(1992, 58, 6188, '2020-11-18'),
(1993, 58, 6189, '2020-11-18'),
(1994, 58, 6190, '2020-11-18'),
(1995, 58, 6191, '2020-11-18'),
(1996, 58, 6192, '2020-11-18'),
(1997, 58, 6193, '2020-11-18'),
(1998, 58, 6194, '2020-11-18'),
(1999, 58, 6195, '2020-11-18'),
(2000, 58, 6196, '2020-11-18'),
(2001, 58, 6197, '2020-11-18'),
(2002, 58, 6198, '2020-11-18'),
(2003, 58, 6199, '2020-11-18'),
(2004, 58, 6200, '2020-11-18'),
(2005, 58, 6201, '2020-11-18'),
(2006, 58, 6202, '2020-11-18'),
(2007, 58, 6203, '2020-11-18'),
(2008, 58, 6204, '2020-11-18'),
(2009, 58, 6205, '2020-11-18'),
(2010, 58, 6206, '2020-11-18'),
(2011, 58, 6207, '2020-11-18'),
(2012, 58, 6208, '2020-11-18'),
(2013, 58, 6209, '2020-11-18'),
(2014, 58, 6210, '2020-11-18'),
(2015, 58, 6211, '2020-11-18'),
(2016, 58, 6212, '2020-11-18'),
(2017, 58, 6213, '2020-11-18'),
(2018, 58, 6214, '2020-11-18'),
(2019, 58, 6215, '2020-11-18'),
(2020, 58, 6216, '2020-11-18'),
(2021, 58, 6217, '2020-11-18'),
(2022, 58, 6218, '2020-11-18'),
(2023, 58, 6219, '2020-11-18'),
(2024, 58, 6220, '2020-11-18'),
(2025, 58, 6221, '2020-11-18'),
(2026, 58, 6222, '2020-11-18'),
(2027, 58, 6223, '2020-11-18'),
(2028, 58, 6224, '2020-11-18'),
(2029, 58, 6225, '2020-11-18'),
(2030, 58, 6226, '2020-11-18'),
(2031, 58, 6227, '2020-11-18'),
(2032, 58, 6228, '2020-11-18'),
(2033, 58, 6229, '2020-11-18'),
(2034, 58, 6230, '2020-11-19'),
(2035, 58, 6231, '2020-11-19'),
(2036, 58, 6232, '2020-11-19'),
(2037, 58, 6233, '2020-11-19'),
(2038, 58, 6234, '2020-11-19'),
(2039, 58, 6235, '2020-11-19'),
(2040, 58, 6236, '2020-11-19'),
(2041, 58, 6237, '2020-11-19'),
(2042, 58, 6238, '2020-11-19'),
(2043, 58, 6239, '2020-11-19'),
(2044, 58, 6240, '2020-11-19'),
(2045, 58, 6241, '2020-11-19'),
(2046, 58, 6242, '2020-11-19'),
(2047, 58, 6243, '2020-11-19'),
(2048, 58, 6244, '2020-11-19'),
(2049, 58, 6245, '2020-11-19'),
(2050, 58, 6246, '2020-11-19'),
(2051, 58, 6247, '2020-11-19'),
(2052, 58, 6248, '2020-11-19'),
(2053, 58, 6249, '2020-11-19'),
(2054, 58, 6250, '2020-11-19'),
(2055, 58, 6251, '2020-11-19'),
(2057, 58, 6253, '2020-11-19'),
(2058, 58, 6254, '2020-11-19'),
(2059, 58, 6255, '2020-11-19'),
(2060, 58, 6256, '2020-11-19'),
(2061, 58, 6257, '2020-11-19'),
(2062, 58, 6258, '2020-11-19'),
(2063, 58, 6259, '2020-11-19'),
(2064, 58, 6260, '2020-11-19'),
(2065, 58, 6261, '2020-11-19'),
(2066, 58, 6262, '2020-11-19'),
(2067, 58, 6263, '2020-11-19'),
(2068, 58, 6264, '2020-11-19'),
(2069, 58, 6265, '2020-11-19'),
(2070, 58, 6266, '2020-11-19'),
(2071, 58, 6267, '2020-11-19'),
(2072, 58, 6268, '2020-11-19'),
(2073, 58, 6269, '2020-11-19'),
(2074, 58, 6270, '2020-11-19'),
(2075, 58, 6271, '2020-11-19'),
(2076, 58, 6272, '2020-11-19'),
(2077, 58, 6273, '2020-11-19'),
(2078, 58, 6274, '2020-11-19'),
(2079, 58, 6275, '2020-11-19'),
(2080, 58, 6276, '2020-11-19'),
(2081, 58, 6277, '2020-11-19'),
(2082, 58, 6278, '2020-11-19'),
(2083, 58, 6279, '2020-11-19'),
(2084, 58, 6280, '2020-11-19'),
(2085, 58, 6281, '2020-11-19'),
(2086, 58, 6282, '2020-11-19'),
(2087, 58, 6283, '2020-11-19'),
(2089, 58, 6285, '2020-11-19'),
(2090, 58, 6286, '2020-11-19'),
(2091, 58, 6287, '2020-11-19'),
(2092, 58, 6288, '2020-11-19'),
(2093, 58, 6289, '2020-11-19'),
(2094, 58, 6290, '2020-11-19'),
(2095, 58, 6291, '2020-11-19'),
(2096, 58, 6292, '2020-11-19'),
(2097, 58, 6293, '2020-11-19'),
(2098, 58, 6294, '2020-11-19'),
(2099, 58, 6295, '2020-11-19'),
(2100, 58, 6296, '2020-11-19'),
(2101, 58, 6297, '2020-11-19'),
(2102, 58, 6298, '2020-11-19'),
(2103, 58, 6299, '2020-11-19'),
(2104, 58, 6300, '2020-11-19'),
(2105, 58, 6301, '2020-11-19'),
(2106, 58, 6302, '2020-11-19'),
(2107, 58, 6303, '2020-11-19'),
(2108, 58, 6304, '2020-11-19'),
(2109, 58, 6305, '2020-11-19'),
(2110, 58, 6306, '2020-11-19'),
(2111, 58, 6308, '2020-11-20'),
(2112, 58, 6309, '2020-11-20'),
(2113, 58, 6310, '2020-11-20'),
(2114, 58, 6311, '2020-11-20'),
(2115, 58, 6312, '2020-11-20'),
(2116, 58, 6313, '2020-11-20'),
(2117, 58, 6314, '2020-11-20'),
(2118, 58, 6315, '2020-11-20'),
(2119, 58, 6316, '2020-11-20'),
(2120, 58, 6317, '2020-11-20'),
(2121, 58, 6318, '2020-11-20'),
(2122, 58, 6319, '2020-11-20'),
(2123, 58, 6320, '2020-11-20'),
(2124, 58, 6321, '2020-11-20'),
(2125, 58, 6322, '2020-11-20'),
(2126, 58, 6323, '2020-11-20'),
(2127, 58, 6324, '2020-11-20'),
(2128, 58, 6325, '2020-11-20'),
(2129, 58, 6326, '2020-11-20'),
(2130, 58, 6327, '2020-11-20'),
(2131, 58, 6328, '2020-11-20'),
(2132, 58, 6329, '2020-11-20'),
(2133, 58, 6330, '2020-11-20'),
(2134, 58, 6331, '2020-11-20'),
(2135, 58, 6332, '2020-11-20'),
(2136, 58, 6333, '2020-11-20'),
(2137, 58, 6334, '2020-11-20'),
(2138, 58, 6335, '2020-11-20'),
(2139, 58, 6336, '2020-11-20'),
(2140, 58, 6337, '2020-11-20'),
(2141, 58, 6338, '2020-11-20'),
(2142, 58, 6339, '2020-11-20'),
(2143, 58, 6340, '2020-11-20'),
(2144, 58, 6341, '2020-11-20'),
(2145, 58, 6343, '2020-11-21'),
(2146, 58, 6344, '2020-11-21'),
(2147, 58, 6345, '2020-11-21'),
(2148, 58, 6346, '2020-11-21'),
(2149, 58, 6347, '2020-11-21'),
(2150, 58, 6348, '2020-11-21'),
(2151, 58, 6349, '2020-11-21'),
(2152, 58, 6350, '2020-11-21'),
(2153, 58, 6351, '2020-11-21'),
(2154, 58, 6352, '2020-11-21'),
(2155, 58, 6353, '2020-11-21'),
(2156, 58, 6354, '2020-11-21'),
(2157, 58, 6355, '2020-11-21'),
(2158, 58, 6356, '2020-11-21'),
(2159, 58, 6357, '2020-11-21'),
(2160, 58, 6358, '2020-11-21'),
(2161, 58, 6359, '2020-11-21'),
(2162, 58, 6360, '2020-11-21'),
(2163, 58, 6361, '2020-11-21'),
(2164, 58, 6362, '2020-11-21'),
(2165, 58, 6363, '2020-11-21'),
(2166, 58, 6364, '2020-11-21'),
(2167, 58, 6365, '2020-11-21'),
(2168, 58, 6366, '2020-11-21'),
(2169, 58, 6367, '2020-11-21'),
(2170, 58, 6368, '2020-11-21'),
(2171, 58, 6369, '2020-11-21'),
(2172, 58, 6370, '2020-11-21'),
(2173, 58, 6371, '2020-11-21'),
(2174, 58, 6372, '2020-11-21'),
(2175, 58, 6373, '2020-11-21'),
(2176, 58, 6374, '2020-11-21'),
(2177, 58, 6375, '2020-11-21'),
(2178, 58, 6376, '2020-11-21'),
(2179, 58, 6377, '2020-11-21'),
(2180, 58, 6378, '2020-11-21'),
(2181, 58, 6379, '2020-11-21'),
(2182, 58, 6380, '2020-11-21'),
(2183, 58, 6381, '2020-11-21'),
(2184, 58, 6382, '2020-11-21'),
(2185, 58, 6383, '2020-11-21'),
(2186, 58, 6384, '2020-11-21'),
(2187, 58, 6385, '2020-11-21'),
(2188, 58, 6386, '2020-11-21'),
(2189, 58, 6387, '2020-11-21'),
(2190, 58, 6388, '2020-11-21'),
(2191, 58, 6389, '2020-11-21'),
(2192, 58, 6390, '2020-11-21'),
(2193, 58, 6391, '2020-11-21'),
(2194, 58, 6392, '2020-11-21'),
(2195, 58, 6393, '2020-11-21'),
(2196, 58, 6394, '2020-11-21'),
(2197, 58, 6395, '2020-11-21'),
(2198, 58, 6396, '2020-11-21'),
(2199, 58, 6397, '2020-11-21'),
(2200, 58, 6398, '2020-11-21'),
(2201, 58, 6399, '2020-11-21'),
(2202, 58, 6400, '2020-11-21'),
(2203, 58, 6401, '2020-11-21'),
(2204, 58, 6402, '2020-11-21'),
(2205, 58, 6403, '2020-11-21'),
(2206, 58, 6404, '2020-11-21'),
(2207, 58, 6405, '2020-11-21'),
(2208, 58, 6406, '2020-11-21'),
(2209, 58, 6407, '2020-11-21'),
(2210, 58, 6408, '2020-11-21'),
(2211, 58, 6409, '2020-11-21'),
(2212, 58, 6410, '2020-11-21'),
(2213, 58, 6411, '2020-11-21'),
(2214, 58, 6412, '2020-11-21'),
(2215, 58, 6413, '2020-11-21'),
(2216, 58, 6414, '2020-11-21'),
(2217, 58, 6415, '2020-11-21'),
(2218, 58, 6416, '2020-11-21'),
(2219, 58, 6417, '2020-11-21'),
(2220, 58, 6418, '2020-11-21'),
(2221, 58, 6419, '2020-11-21'),
(2222, 58, 6420, '2020-11-21'),
(2223, 58, 6421, '2020-11-21'),
(2224, 58, 6422, '2020-11-21'),
(2225, 58, 6423, '2020-11-21'),
(2226, 58, 6424, '2020-11-21'),
(2227, 58, 6425, '2020-11-21'),
(2228, 58, 6426, '2020-11-21'),
(2229, 58, 6427, '2020-11-21'),
(2230, 58, 6428, '2020-11-21'),
(2231, 58, 6429, '2020-11-21'),
(2232, 58, 6430, '2020-11-21'),
(2233, 58, 6431, '2020-11-21'),
(2234, 58, 6432, '2020-11-21'),
(2235, 58, 6433, '2020-11-21'),
(2236, 58, 6434, '2020-11-21'),
(2237, 58, 6435, '2020-11-21'),
(2238, 58, 6436, '2020-11-21'),
(2239, 58, 6437, '2020-11-21'),
(2240, 58, 6438, '2020-11-21'),
(2241, 58, 6439, '2020-11-21'),
(2242, 58, 6440, '2020-11-23'),
(2243, 58, 6441, '2020-11-23'),
(2244, 58, 6442, '2020-11-23'),
(2245, 58, 6443, '2020-11-23'),
(2246, 58, 6444, '2020-11-23'),
(2247, 58, 6445, '2020-11-23'),
(2248, 58, 6446, '2020-11-23'),
(2249, 58, 6447, '2020-11-23'),
(2250, 58, 6448, '2020-11-23'),
(2251, 58, 6449, '2020-11-23'),
(2252, 58, 6450, '2020-11-23'),
(2253, 58, 6451, '2020-11-23'),
(2254, 58, 6452, '2020-11-23'),
(2255, 58, 6453, '2020-11-23'),
(2256, 58, 6454, '2020-11-23'),
(2257, 58, 6455, '2020-11-23'),
(2258, 58, 6456, '2020-11-23'),
(2259, 58, 6457, '2020-11-23'),
(2260, 58, 6458, '2020-11-23'),
(2261, 58, 6459, '2020-11-23'),
(2262, 58, 6460, '2020-11-23'),
(2263, 58, 6461, '2020-11-23'),
(2264, 58, 6462, '2020-11-23'),
(2265, 58, 6463, '2020-11-23'),
(2266, 58, 6464, '2020-11-23'),
(2267, 58, 6465, '2020-11-23'),
(2268, 58, 6466, '2020-11-23'),
(2269, 58, 6467, '2020-11-23'),
(2270, 58, 6468, '2020-11-23'),
(2271, 58, 6469, '2020-11-23'),
(2272, 58, 6470, '2020-11-23'),
(2273, 58, 6471, '2020-11-23'),
(2274, 58, 6472, '2020-11-23'),
(2275, 58, 6473, '2020-11-23'),
(2276, 58, 6474, '2020-11-23'),
(2277, 58, 6475, '2020-11-23'),
(2278, 58, 6476, '2020-11-23'),
(2279, 58, 6477, '2020-11-23'),
(2280, 58, 6478, '2020-11-23'),
(2281, 58, 6479, '2020-11-23'),
(2282, 58, 6480, '2020-11-23'),
(2283, 58, 6481, '2020-11-23'),
(2284, 58, 6482, '2020-11-23'),
(2285, 58, 6483, '2020-11-23'),
(2286, 58, 6484, '2020-11-23'),
(2287, 58, 6485, '2020-11-23'),
(2288, 58, 6486, '2020-11-23'),
(2289, 58, 6487, '2020-11-23'),
(2290, 58, 6488, '2020-11-23'),
(2291, 58, 6489, '2020-11-23'),
(2292, 58, 6490, '2020-11-23'),
(2293, 58, 6491, '2020-11-23'),
(2294, 58, 6492, '2020-11-23'),
(2295, 58, 6493, '2020-11-23'),
(2296, 58, 6494, '2020-11-23'),
(2297, 58, 6495, '2020-11-23'),
(2298, 58, 6496, '2020-11-23'),
(2299, 58, 6497, '2020-11-23'),
(2300, 58, 6498, '2020-11-23'),
(2301, 58, 6499, '2020-11-23'),
(2302, 58, 6500, '2020-11-23'),
(2303, 58, 6501, '2020-11-23'),
(2304, 58, 6502, '2020-11-23'),
(2305, 58, 6503, '2020-11-23'),
(2306, 58, 6504, '2020-11-23'),
(2307, 58, 6505, '2020-11-23'),
(2308, 58, 6506, '2020-11-23'),
(2309, 58, 6507, '2020-11-23'),
(2310, 58, 6508, '2020-11-23'),
(2311, 58, 6509, '2020-11-23'),
(2312, 58, 6510, '2020-11-23'),
(2313, 58, 6511, '2020-11-23'),
(2314, 58, 6512, '2020-11-23'),
(2315, 58, 6513, '2020-11-23'),
(2316, 58, 6514, '2020-11-23'),
(2317, 58, 6515, '2020-11-23'),
(2318, 58, 6516, '2020-11-23'),
(2319, 58, 6517, '2020-11-23'),
(2320, 58, 6518, '2020-11-23'),
(2321, 58, 6520, '2020-11-24'),
(2322, 58, 6521, '2020-11-24'),
(2323, 58, 6522, '2020-11-24'),
(2324, 58, 6523, '2020-11-24'),
(2325, 58, 6524, '2020-11-24'),
(2326, 58, 6525, '2020-11-24'),
(2327, 58, 6526, '2020-11-24'),
(2328, 58, 6527, '2020-11-24'),
(2329, 58, 6528, '2020-11-24'),
(2330, 58, 6529, '2020-11-24'),
(2331, 58, 6530, '2020-11-24'),
(2332, 58, 6531, '2020-11-24'),
(2333, 58, 6532, '2020-11-24'),
(2334, 58, 6533, '2020-11-24'),
(2335, 58, 6534, '2020-11-24'),
(2336, 58, 6535, '2020-11-24'),
(2337, 58, 6536, '2020-11-24'),
(2338, 58, 6537, '2020-11-24'),
(2339, 58, 6538, '2020-11-24'),
(2340, 58, 6539, '2020-11-24'),
(2341, 58, 6540, '2020-11-24'),
(2342, 58, 6541, '2020-11-24'),
(2343, 58, 6542, '2020-11-24'),
(2344, 58, 6543, '2020-11-24'),
(2345, 58, 6544, '2020-11-24'),
(2346, 58, 6545, '2020-11-24'),
(2347, 58, 6546, '2020-11-24'),
(2348, 58, 6547, '2020-11-24'),
(2349, 58, 6548, '2020-11-24'),
(2350, 58, 6549, '2020-11-24'),
(2351, 58, 6550, '2020-11-24'),
(2352, 58, 6551, '2020-11-24'),
(2353, 58, 6552, '2020-11-24'),
(2354, 58, 6553, '2020-11-24'),
(2355, 58, 6554, '2020-11-24'),
(2356, 58, 6555, '2020-11-24'),
(2357, 58, 6556, '2020-11-24'),
(2358, 58, 6557, '2020-11-24'),
(2359, 58, 6558, '2020-11-24'),
(2360, 58, 6559, '2020-11-24'),
(2361, 58, 6560, '2020-11-24'),
(2362, 58, 6561, '2020-11-24'),
(2363, 58, 6562, '2020-11-24'),
(2364, 58, 6563, '2020-11-24'),
(2365, 58, 6564, '2020-11-24'),
(2366, 58, 6565, '2020-11-24'),
(2367, 58, 6566, '2020-11-24'),
(2368, 58, 6567, '2020-11-24'),
(2369, 58, 6568, '2020-11-24'),
(2370, 58, 6569, '2020-11-24'),
(2371, 58, 6570, '2020-11-24'),
(2372, 58, 6571, '2020-11-24'),
(2373, 58, 6572, '2020-11-24'),
(2374, 58, 6573, '2020-11-24'),
(2375, 58, 6574, '2020-11-24'),
(2376, 58, 6575, '2020-11-24'),
(2377, 58, 6576, '2020-11-24'),
(2378, 58, 6577, '2020-11-24'),
(2379, 58, 6578, '2020-11-24'),
(2380, 58, 6579, '2020-11-24'),
(2381, 58, 6580, '2020-11-24'),
(2382, 58, 6581, '2020-11-24'),
(2383, 58, 6582, '2020-11-24'),
(2384, 58, 6583, '2020-11-24'),
(2385, 58, 6584, '2020-11-24'),
(2386, 58, 6585, '2020-11-24'),
(2387, 58, 6586, '2020-11-24'),
(2388, 58, 6587, '2020-11-24'),
(2389, 58, 6588, '2020-11-24'),
(2390, 58, 6589, '2020-11-24'),
(2391, 58, 6590, '2020-11-24'),
(2392, 58, 6591, '2020-11-24'),
(2393, 58, 6592, '2020-11-24'),
(2394, 58, 6593, '2020-11-24'),
(2395, 58, 6594, '2020-11-24'),
(2396, 58, 6595, '2020-11-24'),
(2397, 58, 6596, '2020-11-24'),
(2398, 58, 6597, '2020-11-24'),
(2399, 58, 6598, '2020-11-24'),
(2400, 58, 6599, '2020-11-24'),
(2401, 58, 6600, '2020-11-24'),
(2402, 58, 6601, '2020-11-24'),
(2403, 58, 6602, '2020-11-24'),
(2404, 58, 6603, '2020-11-24'),
(2405, 58, 6604, '2020-11-24'),
(2406, 58, 6605, '2020-11-24'),
(2407, 58, 6606, '2020-11-24'),
(2408, 58, 6607, '2020-11-24'),
(2409, 58, 6608, '2020-11-24'),
(2410, 58, 6609, '2020-11-24'),
(2411, 58, 6610, '2020-11-25'),
(2412, 58, 6611, '2020-11-25'),
(2413, 58, 6612, '2020-11-25'),
(2414, 58, 6613, '2020-11-25'),
(2415, 58, 6614, '2020-11-25'),
(2416, 58, 6615, '2020-11-25'),
(2417, 58, 6616, '2020-11-25'),
(2418, 58, 6617, '2020-11-25'),
(2419, 58, 6618, '2020-11-25'),
(2420, 58, 6619, '2020-11-25'),
(2421, 58, 6620, '2020-11-25'),
(2422, 58, 6621, '2020-11-25'),
(2423, 58, 6622, '2020-11-25'),
(2424, 58, 6623, '2020-11-25'),
(2425, 58, 6624, '2020-11-25'),
(2426, 58, 6625, '2020-11-25'),
(2427, 58, 6626, '2020-11-25'),
(2428, 58, 6627, '2020-11-25'),
(2429, 58, 6628, '2020-11-25'),
(2430, 58, 6629, '2020-11-25'),
(2431, 58, 6630, '2020-11-25'),
(2432, 58, 6631, '2020-11-25'),
(2433, 58, 6632, '2020-11-25'),
(2434, 58, 6633, '2020-11-25'),
(2435, 58, 6634, '2020-11-25'),
(2436, 58, 6635, '2020-11-25'),
(2437, 58, 6636, '2020-11-25'),
(2438, 58, 6637, '2020-11-25'),
(2439, 58, 6638, '2020-11-25'),
(2440, 58, 6639, '2020-11-25'),
(2441, 58, 6640, '2020-11-25'),
(2442, 58, 6641, '2020-11-25'),
(2443, 58, 6642, '2020-11-25'),
(2444, 58, 6643, '2020-11-25'),
(2445, 58, 6644, '2020-11-25'),
(2446, 58, 6645, '2020-11-25'),
(2447, 58, 6646, '2020-11-25'),
(2448, 58, 6647, '2020-11-25'),
(2449, 58, 6648, '2020-11-25'),
(2450, 58, 6649, '2020-11-25'),
(2451, 58, 6650, '2020-11-25'),
(2452, 58, 6651, '2020-11-25'),
(2453, 58, 6652, '2020-11-25'),
(2454, 58, 6653, '2020-11-25'),
(2455, 58, 6654, '2020-11-25'),
(2456, 58, 6655, '2020-11-25'),
(2457, 58, 6656, '2020-11-25'),
(2458, 58, 6657, '2020-11-25'),
(2459, 58, 6658, '2020-11-25'),
(2460, 58, 6659, '2020-11-25'),
(2461, 58, 6660, '2020-11-25'),
(2462, 58, 6661, '2020-11-25'),
(2463, 58, 6662, '2020-11-25'),
(2464, 58, 6663, '2020-11-25'),
(2465, 58, 6664, '2020-11-25'),
(2466, 58, 6665, '2020-11-25'),
(2467, 58, 6666, '2020-11-25'),
(2468, 58, 6667, '2020-11-25'),
(2469, 58, 6668, '2020-11-25'),
(2470, 58, 6669, '2020-11-25'),
(2471, 58, 6670, '2020-11-25'),
(2472, 58, 6671, '2020-11-25'),
(2473, 58, 6672, '2020-11-25'),
(2474, 58, 6673, '2020-11-25'),
(2475, 58, 6674, '2020-11-25'),
(2476, 58, 6675, '2020-11-25'),
(2477, 58, 6676, '2020-11-25'),
(2478, 58, 6677, '2020-11-25'),
(2479, 58, 6678, '2020-11-25'),
(2480, 58, 6679, '2020-11-25'),
(2481, 58, 6680, '2020-11-25'),
(2482, 58, 6681, '2020-11-25'),
(2483, 58, 6682, '2020-11-25'),
(2484, 58, 6683, '2020-11-25'),
(2485, 58, 6684, '2020-11-25'),
(2486, 58, 6685, '2020-11-25'),
(2487, 58, 6686, '2020-11-25'),
(2488, 58, 6687, '2020-11-25'),
(2489, 58, 6688, '2020-11-25'),
(2490, 58, 6689, '2020-11-25'),
(2491, 58, 6690, '2020-11-25'),
(2492, 58, 6691, '2020-11-25'),
(2493, 58, 6692, '2020-11-25'),
(2494, 58, 6693, '2020-11-25'),
(2495, 58, 6694, '2020-11-25'),
(2496, 58, 6695, '2020-11-25'),
(2497, 58, 6696, '2020-11-25'),
(2498, 58, 6697, '2020-11-25'),
(2499, 58, 6698, '2020-11-26'),
(2500, 58, 6699, '2020-11-26'),
(2501, 58, 6700, '2020-11-26'),
(2502, 58, 6701, '2020-11-26'),
(2503, 58, 6702, '2020-11-26'),
(2504, 58, 6703, '2020-11-26'),
(2505, 58, 6704, '2020-11-26'),
(2506, 58, 6705, '2020-11-26'),
(2507, 58, 6706, '2020-11-26'),
(2508, 58, 6707, '2020-11-26'),
(2509, 58, 6708, '2020-11-26'),
(2510, 58, 6709, '2020-11-26'),
(2511, 58, 6710, '2020-11-26'),
(2512, 58, 6711, '2020-11-26'),
(2513, 58, 6712, '2020-11-26'),
(2514, 58, 6713, '2020-11-26'),
(2515, 58, 6714, '2020-11-26'),
(2516, 58, 6715, '2020-11-26'),
(2517, 58, 6716, '2020-11-26'),
(2518, 58, 6717, '2020-11-26'),
(2519, 58, 6718, '2020-11-26'),
(2521, 58, 6720, '2020-11-26'),
(2522, 58, 6721, '2020-11-26'),
(2523, 58, 6722, '2020-11-26'),
(2524, 58, 6723, '2020-11-26'),
(2525, 58, 6724, '2020-11-26'),
(2526, 58, 6725, '2020-11-26'),
(2527, 58, 6726, '2020-11-26'),
(2528, 58, 6727, '2020-11-26'),
(2529, 58, 6728, '2020-11-26'),
(2530, 58, 6729, '2020-11-26'),
(2531, 58, 6730, '2020-11-26'),
(2532, 58, 6731, '2020-11-26'),
(2533, 58, 6732, '2020-11-26'),
(2534, 58, 6733, '2020-11-26'),
(2535, 58, 6734, '2020-11-26'),
(2536, 58, 6735, '2020-11-26'),
(2537, 58, 6736, '2020-11-26'),
(2538, 58, 6737, '2020-11-26'),
(2539, 58, 6738, '2020-11-26'),
(2540, 58, 6739, '2020-11-26'),
(2541, 58, 6740, '2020-11-26'),
(2542, 58, 6741, '2020-11-26'),
(2543, 58, 6742, '2020-11-26'),
(2544, 58, 6743, '2020-11-26'),
(2545, 58, 6744, '2020-11-26'),
(2546, 58, 6745, '2020-11-26'),
(2547, 58, 6746, '2020-11-26'),
(2548, 58, 6747, '2020-11-26'),
(2549, 58, 6748, '2020-11-26'),
(2550, 58, 6749, '2020-11-26'),
(2551, 58, 6750, '2020-11-26'),
(2552, 58, 6751, '2020-11-26'),
(2553, 58, 6752, '2020-11-26'),
(2554, 58, 6753, '2020-11-26'),
(2555, 58, 6754, '2020-11-26'),
(2556, 58, 6755, '2020-11-26'),
(2557, 58, 6756, '2020-11-26'),
(2558, 58, 6757, '2020-11-26'),
(2559, 58, 6758, '2020-11-26'),
(2560, 58, 6759, '2020-11-26'),
(2562, 58, 6761, '2020-11-26'),
(2563, 58, 6762, '2020-11-26'),
(2564, 58, 6763, '2020-11-26'),
(2565, 58, 6764, '2020-11-26'),
(2566, 58, 6765, '2020-11-26'),
(2567, 58, 6766, '2020-11-26'),
(2568, 58, 6767, '2020-11-26'),
(2569, 58, 6768, '2020-11-26'),
(2570, 58, 6769, '2020-11-26'),
(2571, 58, 6770, '2020-11-26'),
(2572, 58, 6771, '2020-11-26'),
(2573, 58, 6772, '2020-11-26'),
(2574, 58, 6773, '2020-11-26'),
(2575, 58, 6774, '2020-11-26'),
(2576, 58, 6775, '2020-11-26'),
(2577, 58, 6776, '2020-11-26'),
(2578, 58, 6777, '2020-11-26'),
(2579, 58, 6778, '2020-11-26'),
(2580, 58, 6779, '2020-11-26'),
(2581, 58, 6780, '2020-11-26'),
(2582, 58, 6781, '2020-11-26'),
(2583, 58, 6782, '2020-11-26'),
(2584, 58, 6783, '2020-11-27'),
(2585, 58, 6784, '2020-11-27'),
(2586, 58, 6785, '2020-11-27'),
(2587, 58, 6786, '2020-11-27'),
(2588, 58, 6787, '2020-11-27'),
(2589, 58, 6788, '2020-11-27'),
(2590, 58, 6789, '2020-11-27'),
(2591, 58, 6790, '2020-11-27'),
(2592, 58, 6791, '2020-11-27'),
(2593, 58, 6792, '2020-11-27'),
(2594, 58, 6793, '2020-11-27'),
(2595, 58, 6794, '2020-11-27'),
(2596, 58, 6795, '2020-11-27'),
(2597, 58, 6796, '2020-11-27'),
(2598, 58, 6797, '2020-11-27'),
(2599, 58, 6798, '2020-11-27'),
(2600, 58, 6799, '2020-11-27'),
(2601, 58, 6800, '2020-11-27'),
(2602, 58, 6801, '2020-11-27'),
(2603, 58, 6802, '2020-11-27'),
(2604, 58, 6803, '2020-11-27'),
(2605, 58, 6804, '2020-11-27'),
(2606, 58, 6805, '2020-11-27'),
(2607, 58, 6806, '2020-11-27'),
(2608, 58, 6807, '2020-11-27'),
(2609, 58, 6808, '2020-11-27'),
(2610, 58, 6809, '2020-11-27'),
(2611, 58, 6810, '2020-11-27'),
(2612, 58, 6811, '2020-11-27'),
(2613, 58, 6812, '2020-11-27'),
(2614, 58, 6813, '2020-11-27'),
(2615, 58, 6814, '2020-11-27'),
(2616, 58, 6815, '2020-11-27'),
(2617, 58, 6816, '2020-11-27'),
(2618, 58, 6817, '2020-11-27'),
(2619, 58, 6818, '2020-11-27'),
(2620, 58, 6819, '2020-11-27'),
(2621, 58, 6820, '2020-11-27'),
(2622, 58, 6821, '2020-11-27'),
(2623, 58, 6822, '2020-11-27'),
(2624, 58, 6823, '2020-11-27'),
(2625, 58, 6824, '2020-11-27'),
(2626, 58, 6825, '2020-11-27'),
(2627, 58, 6826, '2020-11-27'),
(2628, 58, 6827, '2020-11-27'),
(2629, 58, 6828, '2020-11-27'),
(2630, 58, 6829, '2020-11-27'),
(2631, 58, 6830, '2020-11-27'),
(2632, 58, 6831, '2020-11-27'),
(2633, 58, 6832, '2020-11-27'),
(2634, 58, 6833, '2020-11-27'),
(2635, 58, 6834, '2020-11-27'),
(2636, 58, 6835, '2020-11-27'),
(2637, 58, 6836, '2020-11-27'),
(2638, 58, 6837, '2020-11-27'),
(2639, 58, 6838, '2020-11-27'),
(2640, 58, 6839, '2020-11-27'),
(2641, 58, 6840, '2020-11-27'),
(2642, 58, 6841, '2020-11-27'),
(2643, 58, 6842, '2020-11-27'),
(2644, 58, 6843, '2020-11-27'),
(2645, 58, 6844, '2020-11-27'),
(2646, 58, 6845, '2020-11-27'),
(2647, 58, 6846, '2020-11-27'),
(2648, 58, 6847, '2020-11-27'),
(2649, 58, 6848, '2020-11-27'),
(2650, 58, 6849, '2020-11-27'),
(2651, 58, 6850, '2020-11-27'),
(2652, 58, 6851, '2020-11-27'),
(2653, 58, 6852, '2020-11-27'),
(2654, 58, 6853, '2020-11-27'),
(2655, 58, 6854, '2020-11-27'),
(2656, 58, 6855, '2020-11-27'),
(2657, 58, 6856, '2020-11-27'),
(2658, 58, 6857, '2020-11-27'),
(2659, 58, 6858, '2020-11-27'),
(2660, 58, 6859, '2020-11-27'),
(2661, 58, 6860, '2020-11-27'),
(2662, 58, 6861, '2020-11-27'),
(2663, 58, 6862, '2020-11-27'),
(2664, 58, 6863, '2020-11-27'),
(2665, 58, 6864, '2020-11-27'),
(2666, 58, 6865, '2020-11-27'),
(2667, 58, 6866, '2020-11-27'),
(2668, 58, 6867, '2020-11-27'),
(2669, 58, 6868, '2020-11-27'),
(2670, 58, 6869, '2020-11-27'),
(2671, 58, 6870, '2020-11-28'),
(2672, 58, 6871, '2020-11-28'),
(2673, 58, 6872, '2020-11-28'),
(2674, 58, 6873, '2020-11-28'),
(2675, 58, 6874, '2020-11-28'),
(2676, 58, 6875, '2020-11-28'),
(2677, 58, 6876, '2020-11-28'),
(2678, 58, 6877, '2020-11-28'),
(2679, 58, 6878, '2020-11-28'),
(2680, 58, 6879, '2020-11-28'),
(2681, 58, 6880, '2020-11-28'),
(2682, 58, 6881, '2020-11-28'),
(2683, 58, 6882, '2020-11-28'),
(2684, 58, 6883, '2020-11-28'),
(2685, 58, 6884, '2020-11-28'),
(2686, 58, 6885, '2020-11-28'),
(2687, 58, 6886, '2020-11-28'),
(2688, 58, 6887, '2020-11-28'),
(2689, 58, 6888, '2020-11-28'),
(2690, 58, 6889, '2020-11-28'),
(2691, 58, 6890, '2020-11-28'),
(2692, 58, 6891, '2020-11-28'),
(2693, 58, 6892, '2020-11-28'),
(2694, 58, 6893, '2020-11-28'),
(2695, 58, 6894, '2020-11-28'),
(2696, 58, 6895, '2020-11-28'),
(2697, 58, 6896, '2020-11-28'),
(2698, 58, 6897, '2020-11-28'),
(2699, 58, 6898, '2020-11-28'),
(2700, 58, 6899, '2020-11-28'),
(2701, 58, 6900, '2020-11-28'),
(2702, 58, 6901, '2020-11-28'),
(2703, 58, 6902, '2020-11-28'),
(2704, 58, 6903, '2020-11-28'),
(2705, 58, 6904, '2020-11-28'),
(2706, 58, 6905, '2020-11-28'),
(2707, 58, 6906, '2020-11-28'),
(2708, 58, 6907, '2020-11-28'),
(2709, 58, 6908, '2020-11-28'),
(2710, 58, 6909, '2020-11-28'),
(2711, 58, 6910, '2020-11-28'),
(2712, 58, 6911, '2020-11-28'),
(2713, 58, 6912, '2020-11-28'),
(2714, 58, 6913, '2020-11-28'),
(2715, 58, 6914, '2020-11-28'),
(2716, 58, 6915, '2020-11-28'),
(2717, 58, 6916, '2020-11-28'),
(2718, 58, 6917, '2020-11-28'),
(2719, 58, 6918, '2020-11-28'),
(2720, 58, 6919, '2020-11-28'),
(2721, 58, 6920, '2020-11-28'),
(2722, 58, 6921, '2020-11-28'),
(2723, 58, 6922, '2020-11-28'),
(2724, 58, 6923, '2020-11-28'),
(2725, 58, 6924, '2020-11-28'),
(2726, 58, 6925, '2020-11-28'),
(2727, 58, 6926, '2020-11-28'),
(2728, 58, 6927, '2020-11-28'),
(2729, 58, 6928, '2020-11-28'),
(2730, 58, 6929, '2020-11-28'),
(2731, 58, 6930, '2020-11-28'),
(2732, 58, 6931, '2020-11-28'),
(2733, 58, 6932, '2020-11-28'),
(2734, 58, 6933, '2020-11-28'),
(2735, 58, 6934, '2020-11-28'),
(2736, 58, 6935, '2020-11-28'),
(2737, 58, 6936, '2020-11-28'),
(2738, 58, 6937, '2020-11-28'),
(2739, 58, 6938, '2020-11-28'),
(2740, 58, 6939, '2020-11-28'),
(2741, 58, 6940, '2020-11-28'),
(2742, 58, 6941, '2020-11-28'),
(2743, 58, 6942, '2020-11-28'),
(2744, 58, 6943, '2020-11-28'),
(2745, 58, 6944, '2020-11-28'),
(2746, 58, 6945, '2020-11-28'),
(2747, 58, 6946, '2020-11-28'),
(2748, 58, 6947, '2020-11-28'),
(2749, 58, 6948, '2020-11-28'),
(2750, 58, 6949, '2020-11-28'),
(2751, 58, 6950, '2020-11-28'),
(2752, 58, 6951, '2020-11-28'),
(2753, 58, 6952, '2020-11-28'),
(2754, 58, 6953, '2020-11-28'),
(2755, 58, 6954, '2020-11-28'),
(2756, 58, 6955, '2020-11-28'),
(2757, 58, 6956, '2020-11-28'),
(2758, 58, 6957, '2020-11-28'),
(2759, 58, 6958, '2020-11-28'),
(2760, 58, 6959, '2020-11-28'),
(2761, 58, 6961, '2020-12-07'),
(2762, 58, 6962, '2020-12-07'),
(2763, 58, 6963, '2020-12-07'),
(2764, 58, 6964, '2020-12-07'),
(2765, 58, 6965, '2020-12-07'),
(2766, 58, 6966, '2020-12-07'),
(2767, 58, 6967, '2020-12-07'),
(2768, 58, 6968, '2020-12-07'),
(2769, 58, 6969, '2020-12-07'),
(2770, 58, 6970, '2020-12-07'),
(2771, 58, 6971, '2020-12-07'),
(2772, 58, 6972, '2020-12-07'),
(2773, 58, 6973, '2020-12-07'),
(2774, 58, 6974, '2020-12-07'),
(2775, 58, 6975, '2020-12-07'),
(2776, 58, 6976, '2020-12-07'),
(2777, 58, 6977, '2020-12-07'),
(2778, 58, 6978, '2020-12-07'),
(2779, 58, 6979, '2020-12-07'),
(2780, 58, 6980, '2020-12-07'),
(2781, 58, 6981, '2020-12-07'),
(2782, 58, 6982, '2020-12-07'),
(2783, 58, 6983, '2020-12-07'),
(2784, 58, 6984, '2020-12-07'),
(2785, 58, 6985, '2020-12-07'),
(2786, 58, 6986, '2020-12-07'),
(2787, 58, 6987, '2020-12-07'),
(2788, 58, 6988, '2020-12-07'),
(2789, 58, 6989, '2020-12-07'),
(2790, 58, 6990, '2020-12-07'),
(2791, 58, 6991, '2020-12-07'),
(2792, 58, 6992, '2020-12-07'),
(2793, 58, 6993, '2020-12-07'),
(2794, 58, 6994, '2020-12-07'),
(2795, 58, 6995, '2020-12-07'),
(2796, 58, 6996, '2020-12-07'),
(2797, 58, 6997, '2020-12-07'),
(2798, 58, 6998, '2020-12-07'),
(2799, 58, 6999, '2020-12-07'),
(2800, 58, 7000, '2020-12-07'),
(2801, 58, 7001, '2020-12-07'),
(2802, 58, 7002, '2020-12-07'),
(2803, 58, 7003, '2020-12-07'),
(2804, 58, 7004, '2020-12-07'),
(2805, 58, 7005, '2020-12-07'),
(2806, 58, 7006, '2020-12-07'),
(2807, 58, 7007, '2020-12-07'),
(2808, 58, 7008, '2020-12-07'),
(2809, 58, 7009, '2020-12-07'),
(2810, 58, 7010, '2020-12-07'),
(2811, 58, 7011, '2020-12-07'),
(2812, 58, 7012, '2020-12-07'),
(2813, 58, 7013, '2020-12-07'),
(2814, 58, 7014, '2020-12-07'),
(2815, 58, 7015, '2020-12-07'),
(2816, 58, 7016, '2020-12-07'),
(2817, 58, 7017, '2020-12-07'),
(2818, 58, 7018, '2020-12-07'),
(2819, 58, 7019, '2020-12-07'),
(2820, 58, 7020, '2020-12-08'),
(2821, 58, 7021, '2020-12-08'),
(2822, 58, 7022, '2020-12-08'),
(2823, 58, 7023, '2020-12-08'),
(2824, 58, 7024, '2020-12-08'),
(2825, 58, 7025, '2020-12-08'),
(2826, 58, 7026, '2020-12-08'),
(2827, 58, 7027, '2020-12-08'),
(2828, 58, 7028, '2020-12-08'),
(2829, 58, 7029, '2020-12-08'),
(2830, 58, 7030, '2020-12-08'),
(2831, 58, 7031, '2020-12-08'),
(2832, 58, 7032, '2020-12-08'),
(2833, 58, 7033, '2020-12-08'),
(2834, 58, 7034, '2020-12-08'),
(2835, 58, 7035, '2020-12-08'),
(2836, 58, 7036, '2020-12-08'),
(2837, 58, 7037, '2020-12-08'),
(2838, 58, 7038, '2020-12-08'),
(2839, 58, 7039, '2020-12-08'),
(2840, 58, 7040, '2020-12-08'),
(2841, 58, 7041, '2020-12-08'),
(2842, 58, 7042, '2020-12-08'),
(2843, 58, 7043, '2020-12-08'),
(2844, 58, 7044, '2020-12-08'),
(2845, 58, 7045, '2020-12-08'),
(2846, 58, 7046, '2020-12-08'),
(2847, 58, 7047, '2020-12-08'),
(2848, 58, 7048, '2020-12-08'),
(2849, 58, 7049, '2020-12-08'),
(2850, 58, 7050, '2020-12-08'),
(2851, 58, 7051, '2020-12-08'),
(2852, 58, 7052, '2020-12-08'),
(2853, 58, 7053, '2020-12-08'),
(2854, 58, 7054, '2020-12-08'),
(2855, 58, 7055, '2020-12-08'),
(2856, 58, 7056, '2020-12-08'),
(2857, 58, 7057, '2020-12-10'),
(2858, 58, 7058, '2020-12-10'),
(2859, 58, 7059, '2020-12-10'),
(2860, 58, 7060, '2020-12-10'),
(2861, 58, 7061, '2020-12-10'),
(2862, 58, 7062, '2020-12-10'),
(2863, 58, 7063, '2020-12-10'),
(2864, 58, 7064, '2020-12-10'),
(2865, 58, 7065, '2020-12-10'),
(2866, 58, 7066, '2020-12-10'),
(2867, 58, 7067, '2020-12-10'),
(2868, 58, 7068, '2020-12-10'),
(2869, 58, 7069, '2020-12-10'),
(2870, 58, 7070, '2020-12-10'),
(2871, 58, 7071, '2020-12-10'),
(2872, 58, 7072, '2020-12-10'),
(2873, 58, 7073, '2020-12-10'),
(2874, 58, 7074, '2020-12-10'),
(2875, 58, 7075, '2020-12-10'),
(2876, 58, 7076, '2020-12-10'),
(2877, 58, 7077, '2020-12-10'),
(2878, 58, 7078, '2020-12-10'),
(2879, 58, 7079, '2020-12-10'),
(2880, 58, 7080, '2020-12-10'),
(2881, 58, 7081, '2020-12-10'),
(2882, 58, 7082, '2020-12-10'),
(2883, 58, 7083, '2020-12-10'),
(2884, 58, 7084, '2020-12-10'),
(2885, 58, 7085, '2020-12-10'),
(2886, 58, 7086, '2020-12-10'),
(2887, 58, 7087, '2020-12-10'),
(2888, 58, 7088, '2020-12-10'),
(2889, 58, 7089, '2020-12-10'),
(2890, 58, 7090, '2020-12-10'),
(2891, 58, 7091, '2020-12-10'),
(2892, 58, 7092, '2020-12-10'),
(2893, 58, 7093, '2020-12-10'),
(2894, 58, 7094, '2020-12-10'),
(2895, 58, 7095, '2020-12-10'),
(2896, 58, 7096, '2020-12-10'),
(2897, 58, 7097, '2020-12-10'),
(2898, 58, 7098, '2020-12-10'),
(2899, 58, 7099, '2020-12-10'),
(2900, 58, 7100, '2020-12-10'),
(2901, 58, 7101, '2020-12-10'),
(2902, 58, 7102, '2020-12-10'),
(2903, 58, 7103, '2020-12-10'),
(2904, 58, 7104, '2020-12-10'),
(2905, 58, 7105, '2020-12-10'),
(2906, 58, 7106, '2020-12-10'),
(2907, 58, 7107, '2020-12-10'),
(2908, 58, 7108, '2020-12-10'),
(2909, 58, 7109, '2020-12-10'),
(2910, 58, 7110, '2020-12-10'),
(2911, 58, 7111, '2020-12-10'),
(2912, 58, 7112, '2020-12-10'),
(2913, 58, 7113, '2020-12-10'),
(2914, 58, 7114, '2020-12-10'),
(2915, 58, 7115, '2020-12-18'),
(2916, 58, 7116, '2020-12-18'),
(2917, 58, 7117, '2020-12-18'),
(2918, 58, 7118, '2020-12-18'),
(2919, 58, 7119, '2020-12-18'),
(2920, 58, 7120, '2020-12-18'),
(2921, 58, 7121, '2020-12-18'),
(2922, 58, 7122, '2020-12-18'),
(2923, 58, 7123, '2020-12-18'),
(2924, 58, 7124, '2020-12-18'),
(2925, 58, 7125, '2020-12-18'),
(2926, 58, 7126, '2020-12-18'),
(2927, 58, 7127, '2020-12-18'),
(2928, 58, 7128, '2020-12-18'),
(2929, 58, 7129, '2020-12-18'),
(2930, 58, 7130, '2020-12-18'),
(2931, 58, 7131, '2020-12-18'),
(2932, 58, 7132, '2020-12-18'),
(2933, 58, 7133, '2020-12-18'),
(2934, 58, 7134, '2020-12-18'),
(2935, 58, 7135, '2020-12-18'),
(2936, 58, 7136, '2020-12-18'),
(2937, 58, 7137, '2020-12-18'),
(2938, 58, 7138, '2020-12-18'),
(2939, 58, 7139, '2020-12-18'),
(2940, 58, 7140, '2020-12-18'),
(2941, 58, 7141, '2020-12-18'),
(2942, 58, 7142, '2020-12-18'),
(2943, 58, 7143, '2020-12-18'),
(2944, 58, 7144, '2020-12-18'),
(2945, 58, 7145, '2020-12-18'),
(2946, 58, 7146, '2020-12-18'),
(2947, 58, 7147, '2020-12-18'),
(2948, 58, 7148, '2020-12-18'),
(2949, 58, 7149, '2020-12-18'),
(2950, 58, 7150, '2020-12-18'),
(2951, 58, 7151, '2020-12-18'),
(2952, 58, 7152, '2020-12-18'),
(2953, 58, 7153, '2020-12-18'),
(2954, 58, 7154, '2020-12-18'),
(2955, 58, 7155, '2020-12-18'),
(2956, 58, 7156, '2020-12-18'),
(2957, 58, 7157, '2020-12-18'),
(2958, 58, 7158, '2020-12-18'),
(2959, 58, 7159, '2020-12-18'),
(2960, 58, 7160, '2020-12-18'),
(2961, 58, 7161, '2020-12-18'),
(2962, 58, 7162, '2020-12-18'),
(2963, 58, 7163, '2020-12-18'),
(2964, 58, 7164, '2020-12-18'),
(2965, 58, 7165, '2020-12-18'),
(2966, 58, 7166, '2020-12-18'),
(2967, 58, 7167, '2020-12-18'),
(2968, 58, 7168, '2020-12-18'),
(2969, 58, 7169, '2020-12-18'),
(2970, 58, 7170, '2020-12-18'),
(2971, 58, 7171, '2020-12-18'),
(2972, 58, 7172, '2020-12-18'),
(2973, 58, 7173, '2020-12-18'),
(2974, 58, 7174, '2020-12-18'),
(2975, 58, 7175, '2020-12-18'),
(2976, 58, 7176, '2020-12-18'),
(2977, 58, 7177, '2020-12-18'),
(2978, 58, 7178, '2020-12-18'),
(2979, 58, 7179, '2020-12-18'),
(2980, 58, 7180, '2020-12-18'),
(2981, 58, 7181, '2020-12-18'),
(2982, 58, 7182, '2020-12-18'),
(2983, 58, 7183, '2020-12-18'),
(2984, 58, 7184, '2020-12-18'),
(2985, 58, 7185, '2020-12-18'),
(2986, 58, 7186, '2020-12-18'),
(2987, 58, 7187, '2020-12-19'),
(2988, 58, 7188, '2020-12-19'),
(2989, 58, 7189, '2020-12-19'),
(2990, 58, 7190, '2020-12-19'),
(2991, 58, 7191, '2020-12-19'),
(2992, 58, 7192, '2020-12-19'),
(2993, 58, 7193, '2020-12-19'),
(2994, 58, 7194, '2020-12-19'),
(2995, 58, 7195, '2020-12-19'),
(2996, 58, 7196, '2020-12-19'),
(2997, 58, 7197, '2020-12-19'),
(2998, 58, 7198, '2020-12-19'),
(2999, 58, 7199, '2020-12-19'),
(3000, 58, 7200, '2020-12-19'),
(3001, 58, 7201, '2020-12-19'),
(3002, 58, 7202, '2020-12-19'),
(3003, 58, 7203, '2020-12-19'),
(3004, 58, 7204, '2020-12-19'),
(3005, 58, 7205, '2020-12-19'),
(3006, 58, 7206, '2020-12-19'),
(3007, 58, 7207, '2020-12-19'),
(3008, 58, 7208, '2020-12-19'),
(3009, 58, 7209, '2020-12-19'),
(3010, 58, 7210, '2020-12-19'),
(3011, 58, 7211, '2020-12-19'),
(3012, 58, 7212, '2020-12-19'),
(3013, 58, 7213, '2020-12-19'),
(3014, 58, 7214, '2020-12-19'),
(3015, 58, 7215, '2020-12-19'),
(3016, 58, 7216, '2020-12-19'),
(3017, 58, 7217, '2020-12-19'),
(3018, 58, 7218, '2020-12-19'),
(3019, 58, 7219, '2020-12-19'),
(3020, 58, 7220, '2020-12-19'),
(3021, 58, 7221, '2020-12-19'),
(3022, 58, 7222, '2020-12-19'),
(3023, 58, 7223, '2020-12-19'),
(3024, 58, 7224, '2020-12-19'),
(3025, 58, 7225, '2020-12-19'),
(3026, 58, 7226, '2020-12-19'),
(3027, 58, 7227, '2020-12-19'),
(3028, 58, 7228, '2020-12-19'),
(3029, 58, 7229, '2020-12-19'),
(3030, 58, 7230, '2020-12-19'),
(3031, 58, 7231, '2020-12-19'),
(3032, 58, 7232, '2020-12-19'),
(3033, 58, 7233, '2020-12-19'),
(3034, 58, 7234, '2020-12-19'),
(3035, 58, 7235, '2020-12-19'),
(3036, 58, 7236, '2020-12-19'),
(3037, 58, 7237, '2020-12-19'),
(3038, 58, 7238, '2020-12-19'),
(3039, 58, 7239, '2020-12-19'),
(3040, 58, 7240, '2020-12-19'),
(3041, 58, 7241, '2020-12-19'),
(3042, 58, 7242, '2020-12-19'),
(3043, 58, 7243, '2020-12-19'),
(3044, 58, 7244, '2020-12-19'),
(3045, 58, 7245, '2020-12-19'),
(3046, 58, 7246, '2020-12-19'),
(3047, 58, 7247, '2020-12-19'),
(3048, 58, 7248, '2020-12-19'),
(3049, 58, 7249, '2020-12-19'),
(3050, 58, 7250, '2020-12-21'),
(3051, 58, 7251, '2020-12-21'),
(3052, 58, 7252, '2020-12-21'),
(3053, 58, 7253, '2020-12-21'),
(3054, 58, 7254, '2020-12-21'),
(3055, 58, 7255, '2020-12-21'),
(3056, 58, 7256, '2020-12-21'),
(3057, 58, 7257, '2020-12-21'),
(3058, 58, 7258, '2020-12-21'),
(3059, 58, 7259, '2020-12-21'),
(3060, 58, 7260, '2020-12-21'),
(3061, 58, 7261, '2020-12-21'),
(3062, 58, 7262, '2020-12-21'),
(3063, 58, 7263, '2020-12-21'),
(3064, 58, 7264, '2020-12-21'),
(3065, 58, 7265, '2020-12-21'),
(3066, 58, 7266, '2020-12-21'),
(3067, 58, 7267, '2020-12-21'),
(3068, 58, 7268, '2020-12-21'),
(3069, 58, 7269, '2020-12-21'),
(3070, 58, 7270, '2020-12-21'),
(3071, 58, 7271, '2020-12-21'),
(3072, 58, 7272, '2020-12-21'),
(3073, 58, 7273, '2020-12-21'),
(3074, 58, 7274, '2020-12-21'),
(3075, 58, 7275, '2020-12-21'),
(3076, 58, 7276, '2020-12-21'),
(3077, 58, 7277, '2020-12-21'),
(3078, 58, 7278, '2020-12-21'),
(3079, 58, 7279, '2020-12-21'),
(3080, 58, 7280, '2020-12-21'),
(3081, 58, 7281, '2020-12-21'),
(3082, 58, 7282, '2020-12-21'),
(3083, 58, 7283, '2020-12-21'),
(3084, 58, 7284, '2020-12-21'),
(3085, 58, 7285, '2020-12-21'),
(3086, 58, 7286, '2020-12-21'),
(3087, 58, 7287, '2020-12-21'),
(3088, 58, 7288, '2020-12-21'),
(3089, 58, 7289, '2020-12-21'),
(3090, 58, 7290, '2020-12-21'),
(3091, 58, 7291, '2020-12-21'),
(3092, 58, 7292, '2020-12-21'),
(3093, 58, 7293, '2020-12-21'),
(3094, 58, 7294, '2020-12-21'),
(3095, 58, 7295, '2020-12-21'),
(3096, 58, 7296, '2020-12-21'),
(3097, 58, 7297, '2020-12-21'),
(3098, 58, 7298, '2020-12-21'),
(3099, 58, 7299, '2020-12-21'),
(3100, 58, 7300, '2020-12-21'),
(3101, 58, 7301, '2020-12-21'),
(3102, 58, 7302, '2020-12-21'),
(3103, 58, 7303, '2020-12-21'),
(3104, 58, 7304, '2020-12-21'),
(3105, 58, 7305, '2020-12-21'),
(3106, 58, 7306, '2020-12-21'),
(3107, 58, 7307, '2020-12-21'),
(3108, 58, 7308, '2020-12-22'),
(3109, 58, 7309, '2020-12-22'),
(3110, 58, 7310, '2020-12-22'),
(3111, 58, 7311, '2020-12-22'),
(3112, 58, 7312, '2020-12-22'),
(3113, 58, 7313, '2020-12-22'),
(3114, 58, 7314, '2020-12-22'),
(3115, 58, 7315, '2020-12-22'),
(3116, 58, 7316, '2020-12-22'),
(3117, 58, 7317, '2020-12-22'),
(3118, 58, 7318, '2020-12-22'),
(3119, 58, 7319, '2020-12-22'),
(3120, 58, 7320, '2020-12-22'),
(3121, 58, 7321, '2020-12-22'),
(3122, 58, 7322, '2020-12-22'),
(3123, 58, 7323, '2020-12-22'),
(3124, 58, 7324, '2020-12-22'),
(3125, 58, 7325, '2020-12-22'),
(3126, 58, 7326, '2020-12-22'),
(3127, 58, 7327, '2020-12-22'),
(3128, 58, 7328, '2020-12-22'),
(3129, 58, 7329, '2020-12-22'),
(3130, 58, 7330, '2020-12-22'),
(3131, 58, 7331, '2020-12-22'),
(3132, 58, 7332, '2020-12-22'),
(3133, 58, 7333, '2020-12-22'),
(3134, 58, 7334, '2020-12-22'),
(3135, 58, 7335, '2020-12-22'),
(3136, 58, 7336, '2020-12-22'),
(3137, 58, 7337, '2020-12-22'),
(3138, 58, 7338, '2020-12-22'),
(3139, 58, 7339, '2020-12-22'),
(3140, 58, 7340, '2020-12-22'),
(3141, 58, 7341, '2020-12-22'),
(3142, 58, 7342, '2020-12-22'),
(3143, 58, 7343, '2020-12-22'),
(3144, 58, 7344, '2020-12-22'),
(3145, 58, 7345, '2020-12-22'),
(3146, 58, 7346, '2020-12-22'),
(3147, 58, 7347, '2020-12-22'),
(3148, 58, 7348, '2020-12-22'),
(3149, 58, 7349, '2020-12-22'),
(3150, 58, 7350, '2020-12-22'),
(3151, 58, 7351, '2020-12-22'),
(3152, 58, 7352, '2020-12-22'),
(3153, 58, 7353, '2020-12-22'),
(3154, 58, 7354, '2020-12-22'),
(3155, 58, 7355, '2020-12-22'),
(3156, 58, 7356, '2020-12-22'),
(3157, 58, 7357, '2020-12-22'),
(3158, 58, 7358, '2020-12-22'),
(3159, 58, 7359, '2020-12-22'),
(3160, 58, 7360, '2020-12-22'),
(3161, 58, 7361, '2020-12-22'),
(3162, 58, 7362, '2020-12-22'),
(3163, 58, 7363, '2020-12-22'),
(3164, 58, 7364, '2020-12-22'),
(3165, 58, 7365, '2020-12-22'),
(3166, 58, 7366, '2020-12-22'),
(3167, 58, 7367, '2020-12-22'),
(3168, 58, 7368, '2020-12-22'),
(3169, 58, 7369, '2020-12-22'),
(3170, 58, 7370, '2020-12-22'),
(3171, 58, 7371, '2020-12-22'),
(3172, 58, 7372, '2020-12-22'),
(3173, 58, 7373, '2020-12-23'),
(3174, 58, 7374, '2020-12-23'),
(3175, 58, 7375, '2020-12-23'),
(3176, 58, 7376, '2020-12-23'),
(3177, 58, 7377, '2020-12-23'),
(3178, 58, 7378, '2020-12-23'),
(3179, 58, 7379, '2020-12-23'),
(3180, 58, 7380, '2020-12-23'),
(3181, 58, 7381, '2020-12-23'),
(3182, 58, 7382, '2020-12-23'),
(3183, 58, 7383, '2020-12-23'),
(3184, 58, 7384, '2020-12-23'),
(3185, 58, 7385, '2020-12-23'),
(3186, 58, 7386, '2020-12-23'),
(3187, 58, 7387, '2020-12-23'),
(3188, 58, 7388, '2020-12-23'),
(3189, 58, 7389, '2020-12-23'),
(3190, 58, 7390, '2020-12-23'),
(3191, 58, 7391, '2020-12-23'),
(3192, 58, 7392, '2020-12-23'),
(3193, 58, 7393, '2020-12-23'),
(3194, 58, 7394, '2020-12-23'),
(3195, 58, 7395, '2020-12-23'),
(3196, 58, 7396, '2020-12-23'),
(3197, 58, 7397, '2020-12-23'),
(3198, 58, 7398, '2020-12-23'),
(3199, 58, 7399, '2020-12-23'),
(3200, 58, 7400, '2020-12-23'),
(3201, 58, 7401, '2020-12-23'),
(3202, 58, 7402, '2020-12-23'),
(3203, 58, 7403, '2020-12-23'),
(3204, 58, 7404, '2020-12-23'),
(3205, 58, 7405, '2020-12-23'),
(3206, 58, 7406, '2020-12-23'),
(3207, 58, 7407, '2020-12-23'),
(3208, 58, 7408, '2020-12-23'),
(3209, 58, 7409, '2020-12-23'),
(3210, 58, 7410, '2020-12-23'),
(3211, 58, 7411, '2020-12-23'),
(3212, 58, 7412, '2020-12-23'),
(3213, 58, 7413, '2020-12-23'),
(3214, 58, 7414, '2020-12-23'),
(3215, 58, 7415, '2020-12-23'),
(3216, 58, 7416, '2020-12-23'),
(3217, 58, 7417, '2020-12-23'),
(3218, 58, 7418, '2020-12-23'),
(3219, 58, 7419, '2020-12-23'),
(3220, 58, 7420, '2020-12-23'),
(3221, 58, 7421, '2020-12-23'),
(3222, 58, 7422, '2020-12-23'),
(3223, 58, 7423, '2020-12-23'),
(3224, 58, 7424, '2020-12-23'),
(3225, 58, 7425, '2020-12-23'),
(3226, 58, 7426, '2020-12-23'),
(3227, 58, 7427, '2020-12-23'),
(3228, 58, 7428, '2020-12-23'),
(3229, 58, 7429, '2020-12-23'),
(3230, 58, 7430, '2020-12-23'),
(3231, 58, 7431, '2020-12-23'),
(3232, 58, 7432, '2020-12-23'),
(3233, 58, 7433, '2020-12-24'),
(3234, 58, 7434, '2020-12-24'),
(3235, 58, 7435, '2020-12-24'),
(3236, 58, 7436, '2020-12-24'),
(3237, 58, 7437, '2020-12-24'),
(3238, 58, 7438, '2020-12-24'),
(3239, 58, 7439, '2020-12-24'),
(3240, 58, 7440, '2020-12-24'),
(3241, 58, 7441, '2020-12-24'),
(3242, 58, 7442, '2020-12-24'),
(3243, 58, 7443, '2020-12-24'),
(3244, 58, 7444, '2020-12-24'),
(3245, 58, 7445, '2020-12-24'),
(3246, 58, 7446, '2020-12-24'),
(3247, 58, 7447, '2020-12-24'),
(3248, 58, 7448, '2020-12-24'),
(3249, 58, 7449, '2020-12-24'),
(3250, 58, 7450, '2020-12-24'),
(3251, 58, 7451, '2020-12-24'),
(3252, 58, 7452, '2020-12-24'),
(3253, 58, 7453, '2020-12-24'),
(3254, 58, 7454, '2020-12-24'),
(3255, 58, 7455, '2020-12-24'),
(3256, 58, 7456, '2020-12-24'),
(3257, 58, 7457, '2020-12-24'),
(3258, 58, 7458, '2020-12-24'),
(3259, 58, 7459, '2020-12-24'),
(3260, 58, 7460, '2020-12-24'),
(3261, 58, 7461, '2020-12-24'),
(3262, 58, 7462, '2020-12-24'),
(3263, 58, 7463, '2020-12-24'),
(3264, 58, 7464, '2020-12-24'),
(3265, 58, 7465, '2020-12-24'),
(3266, 58, 7466, '2020-12-24'),
(3267, 58, 7467, '2020-12-24'),
(3268, 58, 7468, '2020-12-24'),
(3269, 58, 7469, '2020-12-24'),
(3270, 58, 7470, '2020-12-24'),
(3271, 58, 7471, '2020-12-24'),
(3272, 58, 7472, '2020-12-24'),
(3273, 58, 7473, '2020-12-24'),
(3274, 58, 7474, '2020-12-24'),
(3275, 58, 7475, '2020-12-24'),
(3276, 58, 7476, '2020-12-24'),
(3277, 58, 7477, '2020-12-24'),
(3278, 58, 7478, '2020-12-24'),
(3279, 58, 7479, '2020-12-24'),
(3280, 58, 7480, '2020-12-24'),
(3281, 58, 7481, '2020-12-24'),
(3282, 58, 7482, '2020-12-24'),
(3283, 58, 7483, '2020-12-24'),
(3284, 58, 7484, '2020-12-24'),
(3285, 58, 7485, '2020-12-24'),
(3286, 58, 7486, '2020-12-24'),
(3287, 58, 7487, '2020-12-24'),
(3288, 58, 7488, '2020-12-24'),
(3289, 58, 7489, '2020-12-24'),
(3290, 58, 7490, '2020-12-24'),
(3291, 58, 7491, '2020-12-24'),
(3292, 58, 7492, '2020-12-24'),
(3293, 58, 7493, '2020-12-28'),
(3294, 58, 7494, '2020-12-28'),
(3295, 58, 7495, '2020-12-28'),
(3296, 58, 7496, '2020-12-28'),
(3297, 58, 7497, '2020-12-28'),
(3298, 58, 7498, '2020-12-28'),
(3299, 58, 7499, '2020-12-28'),
(3300, 58, 7500, '2020-12-28'),
(3301, 58, 7501, '2020-12-28'),
(3302, 58, 7502, '2020-12-28'),
(3303, 58, 7503, '2020-12-28'),
(3304, 58, 7504, '2020-12-28'),
(3305, 58, 7505, '2020-12-28'),
(3306, 58, 7506, '2020-12-28'),
(3307, 58, 7507, '2020-12-28'),
(3308, 58, 7508, '2020-12-28'),
(3309, 58, 7509, '2020-12-28'),
(3310, 58, 7510, '2020-12-28'),
(3311, 58, 7511, '2020-12-28'),
(3312, 58, 7512, '2020-12-28'),
(3313, 58, 7513, '2020-12-28'),
(3314, 58, 7514, '2020-12-28'),
(3315, 58, 7515, '2020-12-28'),
(3316, 58, 7516, '2020-12-28'),
(3317, 58, 7517, '2020-12-28'),
(3318, 58, 7518, '2020-12-28'),
(3319, 58, 7519, '2020-12-28'),
(3320, 58, 7520, '2020-12-28'),
(3321, 58, 7521, '2020-12-28'),
(3322, 58, 7522, '2020-12-28'),
(3323, 58, 7523, '2020-12-28'),
(3324, 58, 7524, '2020-12-28'),
(3325, 58, 7525, '2020-12-28'),
(3326, 58, 7526, '2020-12-28'),
(3327, 58, 7527, '2020-12-28'),
(3328, 58, 7528, '2020-12-28'),
(3329, 58, 7529, '2020-12-28'),
(3330, 58, 7530, '2020-12-28'),
(3331, 58, 7531, '2020-12-28'),
(3332, 58, 7532, '2020-12-28'),
(3333, 58, 7533, '2020-12-28'),
(3334, 58, 7534, '2020-12-28'),
(3335, 58, 7535, '2020-12-28'),
(3336, 58, 7536, '2020-12-28'),
(3337, 58, 7537, '2020-12-28'),
(3338, 58, 7538, '2020-12-28'),
(3339, 58, 7539, '2020-12-28'),
(3340, 58, 7540, '2020-12-28'),
(3341, 58, 7541, '2020-12-28'),
(3342, 58, 7542, '2020-12-28'),
(3343, 58, 7543, '2020-12-28'),
(3344, 58, 7544, '2020-12-28'),
(3345, 58, 7545, '2020-12-28'),
(3346, 58, 7546, '2020-12-28'),
(3347, 58, 7547, '2020-12-28'),
(3348, 58, 7548, '2020-12-28'),
(3349, 58, 7549, '2020-12-28'),
(3350, 58, 7550, '2020-12-28'),
(3351, 58, 7551, '2020-12-28'),
(3352, 58, 7552, '2020-12-29'),
(3353, 58, 7553, '2020-12-29'),
(3354, 58, 7554, '2020-12-29'),
(3355, 58, 7555, '2020-12-29'),
(3356, 58, 7556, '2020-12-29'),
(3357, 58, 7557, '2020-12-29'),
(3358, 58, 7558, '2020-12-29'),
(3359, 58, 7559, '2020-12-29'),
(3360, 58, 7560, '2020-12-29'),
(3361, 58, 7561, '2020-12-29'),
(3362, 58, 7562, '2020-12-29'),
(3363, 58, 7563, '2020-12-29'),
(3364, 58, 7564, '2020-12-29'),
(3365, 58, 7565, '2020-12-29'),
(3366, 58, 7566, '2020-12-29'),
(3367, 58, 7567, '2020-12-29'),
(3368, 58, 7568, '2020-12-29'),
(3369, 58, 7569, '2020-12-29'),
(3370, 58, 7570, '2020-12-29'),
(3371, 58, 7571, '2020-12-29'),
(3372, 58, 7572, '2020-12-29'),
(3373, 58, 7573, '2020-12-29'),
(3374, 58, 7574, '2020-12-29'),
(3375, 58, 7575, '2020-12-29'),
(3376, 58, 7576, '2020-12-29'),
(3377, 58, 7577, '2020-12-29'),
(3378, 58, 7578, '2020-12-29'),
(3379, 58, 7579, '2020-12-29'),
(3380, 58, 7580, '2020-12-29'),
(3381, 58, 7581, '2020-12-29'),
(3382, 58, 7582, '2020-12-29'),
(3383, 58, 7583, '2020-12-29'),
(3384, 58, 7584, '2020-12-29'),
(3385, 58, 7585, '2020-12-29'),
(3386, 58, 7586, '2020-12-29'),
(3387, 58, 7587, '2020-12-29'),
(3388, 58, 7588, '2020-12-29'),
(3389, 58, 7589, '2020-12-29'),
(3390, 58, 7590, '2020-12-29'),
(3391, 58, 7591, '2020-12-29'),
(3392, 58, 7592, '2020-12-29'),
(3393, 58, 7593, '2020-12-29'),
(3394, 58, 7594, '2020-12-29'),
(3395, 58, 7595, '2020-12-29'),
(3396, 58, 7596, '2020-12-29'),
(3397, 58, 7597, '2020-12-29'),
(3398, 58, 7598, '2020-12-29'),
(3399, 58, 7599, '2020-12-29'),
(3400, 58, 7600, '2020-12-30'),
(3401, 58, 7601, '2020-12-30'),
(3402, 58, 7602, '2020-12-30'),
(3403, 58, 7603, '2020-12-30'),
(3404, 58, 7604, '2020-12-30'),
(3405, 58, 7605, '2020-12-30'),
(3406, 58, 7606, '2020-12-30'),
(3407, 58, 7607, '2020-12-30'),
(3408, 58, 7608, '2020-12-30'),
(3409, 58, 7609, '2020-12-30'),
(3410, 58, 7610, '2020-12-30'),
(3411, 58, 7611, '2020-12-30'),
(3412, 58, 7612, '2020-12-30'),
(3413, 58, 7613, '2020-12-30'),
(3414, 58, 7614, '2020-12-30'),
(3415, 58, 7615, '2020-12-30'),
(3416, 58, 7616, '2020-12-30'),
(3417, 58, 7617, '2020-12-30'),
(3418, 58, 7618, '2020-12-30'),
(3419, 58, 7619, '2020-12-30'),
(3420, 58, 7620, '2020-12-30'),
(3421, 58, 7621, '2020-12-30'),
(3422, 58, 7622, '2020-12-30'),
(3423, 58, 7623, '2020-12-30'),
(3424, 58, 7624, '2020-12-30'),
(3425, 58, 7625, '2020-12-30'),
(3426, 58, 7626, '2020-12-30'),
(3427, 58, 7627, '2020-12-30'),
(3428, 58, 7628, '2020-12-30'),
(3429, 58, 7629, '2020-12-30'),
(3430, 58, 7630, '2020-12-30'),
(3431, 58, 7631, '2020-12-30'),
(3432, 58, 7632, '2020-12-30'),
(3433, 58, 7633, '2020-12-30'),
(3434, 58, 7634, '2020-12-30'),
(3435, 58, 7635, '2020-12-30'),
(3436, 58, 7636, '2020-12-30'),
(3437, 58, 7637, '2020-12-30'),
(3438, 58, 7638, '2020-12-31'),
(3439, 58, 7639, '2020-12-31'),
(3440, 58, 7640, '2020-12-31'),
(3441, 58, 7641, '2020-12-31'),
(3442, 58, 7642, '2020-12-31'),
(3443, 58, 7643, '2020-12-31'),
(3444, 58, 7644, '2020-12-31'),
(3445, 58, 7645, '2020-12-31'),
(3446, 58, 7646, '2020-12-31'),
(3447, 58, 7647, '2020-12-31'),
(3448, 58, 7648, '2020-12-31'),
(3449, 58, 7649, '2020-12-31'),
(3450, 58, 7650, '2020-12-31'),
(3451, 58, 7651, '2020-12-31'),
(3452, 58, 7652, '2020-12-31'),
(3453, 58, 7653, '2020-12-31'),
(3454, 58, 7654, '2020-12-31'),
(3455, 58, 7655, '2020-12-31'),
(3456, 58, 7656, '2020-12-31'),
(3457, 58, 7657, '2020-12-31'),
(3458, 58, 7658, '2020-12-31'),
(3459, 58, 7659, '2020-12-31'),
(3460, 58, 7660, '2020-12-31'),
(3461, 58, 7661, '2020-12-31'),
(3462, 58, 7662, '2020-12-31'),
(3463, 58, 7663, '2020-12-31'),
(3464, 58, 7664, '2020-12-31'),
(3465, 58, 7665, '2020-12-31'),
(3466, 58, 7666, '2020-12-31'),
(3467, 58, 7667, '2020-12-31'),
(3468, 58, 7668, '2020-12-31'),
(3469, 58, 7669, '2020-12-31'),
(3470, 58, 7670, '2021-01-01'),
(3471, 58, 7671, '2021-01-01'),
(3472, 58, 7672, '2021-01-01'),
(3473, 58, 7673, '2021-01-01'),
(3474, 58, 7674, '2021-01-01'),
(3475, 58, 7675, '2021-01-01'),
(3476, 58, 7676, '2021-01-01'),
(3477, 58, 7677, '2021-01-01'),
(3478, 58, 7678, '2021-01-01'),
(3479, 58, 7679, '2021-01-01'),
(3480, 58, 7680, '2021-01-01'),
(3481, 58, 7681, '2021-01-01'),
(3482, 58, 7682, '2021-01-01'),
(3483, 58, 7683, '2021-01-01'),
(3484, 58, 7684, '2021-01-01'),
(3485, 58, 7685, '2021-01-01'),
(3486, 58, 7686, '2021-01-01'),
(3487, 58, 7687, '2021-01-01'),
(3488, 58, 7688, '2021-01-01'),
(3489, 58, 7689, '2021-01-01'),
(3490, 58, 7690, '2021-01-01'),
(3491, 58, 7691, '2021-01-01'),
(3492, 58, 7692, '2021-01-01'),
(3493, 58, 7693, '2021-01-01'),
(3494, 58, 7694, '2021-01-01'),
(3495, 58, 7695, '2021-01-01'),
(3496, 58, 7696, '2021-01-01'),
(3497, 58, 7697, '2021-01-01'),
(3498, 58, 7698, '2021-01-01'),
(3499, 58, 7699, '2021-01-01');
INSERT INTO `pms_admin_candidates` (`id`, `admin_id`, `candidate_id`, `assigned_date`) VALUES
(3500, 58, 7700, '2021-01-01'),
(3501, 58, 7701, '2021-01-01'),
(3502, 58, 7702, '2021-01-01'),
(3503, 58, 7703, '2021-01-01'),
(3504, 58, 7704, '2021-01-01'),
(3505, 58, 7705, '2021-01-01'),
(3506, 58, 7706, '2021-01-01'),
(3507, 58, 7707, '2021-01-01'),
(3508, 58, 7708, '2021-01-01'),
(3509, 58, 7709, '2021-01-01'),
(3510, 58, 7710, '2021-01-01'),
(3511, 58, 7711, '2021-01-02'),
(3512, 58, 7712, '2021-01-02'),
(3513, 58, 7713, '2021-01-07'),
(3514, 58, 7714, '2021-01-07'),
(3515, 58, 7735, '2021-01-14'),
(3516, 58, 7741, '2021-01-14'),
(3517, 58, 7743, '2021-01-14'),
(3518, 58, 7744, '2021-01-14'),
(3519, 58, 7745, '2021-01-14'),
(3520, 58, 7756, '2021-01-15'),
(3521, 58, 7760, '2021-01-16'),
(3522, 58, 7761, '2021-01-16'),
(3523, 58, 7762, '2021-01-16'),
(3524, 58, 7763, '2021-01-16'),
(3525, 58, 7764, '2021-01-16'),
(3526, 58, 7765, '2021-01-16'),
(3527, 58, 7766, '2021-01-16'),
(3528, 58, 7769, '2021-01-18'),
(3529, 58, 7770, '2021-01-18'),
(3530, 58, 7771, '2021-01-18'),
(3531, 58, 7772, '2021-01-18'),
(3533, 58, 7774, '2021-01-18'),
(3534, 58, 7775, '2021-01-18'),
(3535, 58, 7776, '2021-01-18'),
(3536, 58, 7777, '2021-01-18'),
(3537, 58, 7778, '2021-01-18'),
(3538, 58, 7779, '2021-01-18'),
(3539, 58, 7780, '2021-01-18'),
(3540, 58, 7781, '2021-01-18'),
(3541, 58, 7782, '2021-01-18'),
(3542, 58, 7785, '2021-01-19'),
(3543, 58, 7786, '2021-01-19'),
(3544, 58, 7787, '2021-01-19'),
(3545, 58, 7788, '2021-01-19'),
(3546, 58, 7789, '2021-01-19'),
(3547, 58, 7790, '2021-01-19'),
(3548, 58, 7791, '2021-01-19'),
(3549, 58, 7792, '2021-01-19'),
(3550, 58, 7793, '2021-01-19'),
(3551, 58, 7794, '2021-01-19'),
(3552, 58, 7795, '2021-01-19'),
(3553, 58, 7796, '2021-01-19'),
(3554, 58, 7798, '2021-01-19'),
(3555, 58, 7799, '2021-01-19'),
(3556, 58, 7800, '2021-01-19'),
(3557, 58, 7803, '2021-01-21'),
(3558, 58, 7804, '2021-01-21'),
(3559, 58, 7805, '2021-01-21'),
(3560, 58, 7806, '2021-01-21'),
(3561, 58, 7807, '2021-01-21'),
(3562, 58, 7808, '2021-01-21'),
(3563, 58, 7809, '2021-01-21'),
(3564, 58, 7810, '2021-01-21'),
(3565, 58, 7811, '2021-01-21'),
(3566, 58, 7812, '2021-01-21'),
(3567, 58, 7813, '2021-01-21'),
(3568, 58, 7814, '2021-01-22'),
(3569, 58, 7815, '2021-01-22'),
(3570, 58, 7816, '2021-01-22'),
(3571, 58, 7817, '2021-01-22'),
(3572, 58, 7818, '2021-01-22'),
(3573, 58, 7819, '2021-01-22'),
(3574, 58, 7820, '2021-01-22'),
(3575, 58, 7821, '2021-01-22'),
(3576, 58, 7822, '2021-01-22'),
(3577, 58, 7823, '2021-01-22'),
(3578, 58, 7824, '2021-01-22'),
(3579, 58, 7825, '2021-01-22'),
(3580, 58, 7830, '2021-01-23'),
(3581, 58, 7831, '2021-01-23'),
(3582, 58, 7832, '2021-01-23'),
(3583, 58, 7833, '2021-01-23'),
(3584, 58, 7834, '2021-01-23'),
(3585, 58, 7835, '2021-01-23'),
(3586, 58, 7836, '2021-01-23'),
(3587, 58, 7837, '2021-01-23'),
(3588, 58, 7838, '2021-01-23'),
(3589, 58, 7841, '2021-01-25'),
(3590, 58, 7842, '2021-01-25'),
(3591, 58, 7843, '2021-01-25'),
(3592, 58, 7844, '2021-01-25'),
(3593, 58, 7845, '2021-01-25'),
(3594, 58, 7846, '2021-01-25'),
(3595, 58, 7847, '2021-01-25'),
(3596, 58, 7848, '2021-01-25'),
(3597, 58, 7849, '2021-01-25'),
(3598, 58, 7850, '2021-01-25'),
(3599, 58, 7851, '2021-01-25'),
(3600, 58, 7852, '2021-01-25'),
(3601, 58, 7853, '2021-01-25'),
(3602, 58, 7854, '2021-01-25'),
(3603, 58, 7856, '2021-01-27'),
(3604, 58, 7857, '2021-01-27'),
(3605, 58, 7858, '2021-01-27'),
(3606, 58, 7859, '2021-01-27'),
(3607, 58, 7860, '2021-01-27'),
(3608, 58, 7861, '2021-01-27'),
(3609, 58, 7862, '2021-01-27'),
(3610, 58, 7863, '2021-01-27'),
(3611, 58, 7864, '2021-01-27'),
(3612, 58, 7865, '2021-01-27'),
(3613, 58, 7866, '2021-01-27'),
(3614, 58, 7867, '2021-01-27'),
(3615, 58, 7868, '2021-01-27'),
(3616, 58, 7869, '2021-01-27'),
(3617, 58, 7872, '2021-02-02'),
(3618, 58, 7873, '2021-02-02'),
(3619, 58, 7874, '2021-02-02'),
(3620, 58, 7875, '2021-02-02'),
(3621, 58, 7876, '2021-02-02'),
(3622, 58, 7877, '2021-02-02'),
(3623, 58, 7878, '2021-02-02'),
(3624, 58, 7879, '2021-02-02'),
(3625, 58, 7880, '2021-02-02'),
(3626, 58, 7881, '2021-02-02'),
(3627, 58, 7882, '2021-02-02'),
(3628, 58, 7883, '2021-02-02'),
(3629, 58, 7884, '2021-02-02'),
(3630, 58, 7885, '2021-02-02'),
(3631, 58, 7886, '2021-02-02'),
(3632, 58, 7887, '2021-02-02'),
(3633, 58, 7888, '2021-02-02'),
(3634, 58, 7889, '2021-02-02'),
(3635, 58, 7890, '2021-02-02'),
(3636, 58, 7891, '2021-02-02'),
(3637, 58, 7892, '2021-02-02'),
(3638, 58, 7893, '2021-02-02'),
(3639, 58, 7894, '2021-02-02'),
(3640, 58, 7895, '2021-02-02'),
(3641, 58, 7896, '2021-02-02'),
(3642, 58, 7897, '2021-02-02'),
(3643, 58, 7898, '2021-02-02'),
(3644, 58, 7899, '2021-02-02'),
(3645, 58, 7900, '2021-02-02'),
(3646, 58, 7901, '2021-02-02'),
(3647, 58, 7902, '2021-02-02'),
(3648, 58, 7903, '2021-02-02'),
(3649, 58, 7904, '2021-02-02'),
(3650, 58, 7905, '2021-02-02'),
(3651, 58, 7906, '2021-02-02'),
(3652, 58, 7907, '2021-02-02'),
(3653, 58, 7908, '2021-02-02'),
(3654, 58, 7909, '2021-02-02'),
(3655, 58, 7910, '2021-02-02'),
(3656, 58, 7911, '2021-02-02'),
(3657, 58, 7912, '2021-02-02'),
(3658, 58, 7913, '2021-02-02'),
(3659, 58, 7914, '2021-02-02'),
(3660, 58, 7916, '2021-02-02'),
(3661, 58, 7917, '2021-02-02'),
(3662, 58, 7918, '2021-02-02'),
(3663, 58, 7919, '2021-02-02'),
(3664, 58, 7920, '2021-02-02'),
(3665, 58, 7921, '2021-02-02'),
(3666, 58, 7922, '2021-02-02'),
(3667, 58, 7923, '2021-02-02'),
(3668, 58, 7924, '2021-02-02'),
(3669, 58, 7925, '2021-02-02'),
(3670, 58, 7926, '2021-02-02'),
(3671, 58, 7927, '2021-02-02'),
(3672, 58, 7928, '2021-02-02'),
(3673, 58, 7929, '2021-02-02'),
(3674, 58, 7931, '2021-02-03'),
(3675, 58, 7932, '2021-02-03'),
(3676, 58, 7933, '2021-02-03'),
(3677, 58, 7934, '2021-02-03'),
(3678, 58, 7935, '2021-02-03'),
(3679, 58, 7936, '2021-02-03'),
(3680, 58, 7937, '2021-02-03'),
(3681, 58, 7938, '2021-02-03'),
(3682, 58, 7939, '2021-02-03'),
(3683, 58, 7940, '2021-02-03'),
(3684, 58, 7941, '2021-02-03'),
(3685, 58, 7942, '2021-02-03'),
(3686, 58, 7943, '2021-02-03'),
(3687, 58, 7944, '2021-02-03'),
(3688, 58, 7945, '2021-02-03'),
(3689, 58, 7946, '2021-02-03'),
(3690, 58, 7947, '2021-02-03'),
(3691, 58, 7948, '2021-02-04'),
(3693, 58, 7950, '2021-02-04'),
(3694, 58, 7951, '2021-02-04'),
(3695, 58, 7952, '2021-02-04'),
(3696, 58, 7953, '2021-02-04'),
(3697, 58, 7954, '2021-02-04'),
(3698, 58, 7955, '2021-02-04'),
(3699, 58, 7956, '2021-02-04'),
(3700, 58, 7957, '2021-02-04'),
(3701, 58, 7958, '2021-02-04'),
(3702, 58, 7959, '2021-02-04'),
(3703, 58, 7960, '2021-02-04'),
(3704, 58, 7961, '2021-02-04'),
(3705, 58, 7962, '2021-02-04'),
(3706, 58, 7963, '2021-02-04'),
(3707, 58, 7964, '2021-02-04'),
(3708, 58, 7965, '2021-02-04'),
(3709, 58, 7966, '2021-02-04'),
(3710, 58, 7967, '2021-02-04'),
(3711, 58, 7968, '2021-02-04'),
(3712, 58, 7969, '2021-02-05'),
(3713, 58, 7970, '2021-02-05'),
(3714, 58, 7971, '2021-02-05'),
(3715, 58, 7972, '2021-02-05'),
(3716, 58, 7973, '2021-02-05'),
(3717, 58, 7974, '2021-02-05'),
(3718, 58, 7975, '2021-02-05'),
(3719, 58, 7976, '2021-02-05'),
(3720, 58, 7977, '2021-02-05'),
(3721, 58, 7978, '2021-02-05'),
(3722, 58, 7979, '2021-02-05'),
(3723, 58, 7980, '2021-02-05'),
(3724, 58, 7981, '2021-02-05'),
(3725, 58, 7982, '2021-02-05'),
(3726, 58, 7983, '2021-02-05'),
(3727, 58, 7984, '2021-02-05'),
(3728, 58, 7985, '2021-02-05'),
(3729, 58, 7986, '2021-02-05'),
(3730, 58, 7987, '2021-02-05'),
(3731, 58, 7988, '2021-02-05'),
(3732, 58, 7989, '2021-02-05'),
(3733, 58, 7990, '2021-02-05'),
(3734, 58, 7991, '2021-02-05'),
(3735, 58, 7995, '2021-02-06'),
(3736, 58, 7996, '2021-02-06'),
(3737, 58, 7997, '2021-02-06'),
(3738, 58, 7998, '2021-02-06'),
(3739, 58, 7999, '2021-02-06'),
(3740, 58, 8000, '2021-02-06'),
(3741, 58, 8001, '2021-02-06'),
(3742, 58, 8002, '2021-02-06'),
(3743, 58, 8003, '2021-02-06'),
(3744, 58, 8004, '2021-02-06'),
(3745, 58, 8005, '2021-02-06'),
(3746, 58, 8007, '2021-02-15'),
(3748, 58, 8009, '2021-02-15'),
(3749, 58, 8010, '2021-02-15'),
(3750, 58, 8011, '2021-02-15'),
(3751, 58, 8012, '2021-02-15'),
(3752, 58, 8013, '2021-02-15'),
(3753, 58, 8014, '2021-02-15'),
(3754, 58, 8015, '2021-02-15'),
(3755, 58, 8016, '2021-02-15'),
(3756, 58, 8017, '2021-02-15'),
(3757, 58, 8018, '2021-02-15'),
(3758, 58, 8019, '2021-02-15'),
(3759, 58, 8020, '2021-02-15'),
(3760, 58, 8021, '2021-02-15'),
(3761, 58, 8022, '2021-02-15'),
(3762, 58, 8023, '2021-02-15'),
(3763, 58, 8024, '2021-02-15'),
(3764, 58, 8025, '2021-02-15'),
(3765, 58, 8026, '2021-02-15'),
(3766, 58, 8027, '2021-02-15'),
(3767, 58, 8028, '2021-02-15'),
(3768, 58, 8029, '2021-02-15'),
(3769, 58, 8030, '2021-02-15'),
(3770, 58, 8031, '2021-02-15'),
(3771, 58, 8032, '2021-02-16'),
(3772, 58, 8033, '2021-02-16'),
(3773, 58, 8035, '2021-02-16'),
(3774, 58, 8036, '2021-02-16'),
(3775, 58, 8037, '2021-02-16'),
(3776, 58, 8038, '2021-02-16'),
(3777, 58, 8039, '2021-02-16'),
(3778, 58, 8040, '2021-02-16'),
(3779, 58, 8041, '2021-02-16'),
(3780, 58, 8042, '2021-02-16'),
(3781, 58, 8043, '2021-02-16'),
(3782, 58, 8044, '2021-02-16'),
(3783, 58, 8045, '2021-02-16'),
(3784, 58, 8046, '2021-02-16'),
(3785, 58, 8047, '2021-02-16'),
(3786, 58, 8048, '2021-02-16'),
(3787, 58, 8049, '2021-02-16'),
(3788, 58, 8050, '2021-02-16'),
(3789, 58, 8051, '2021-02-16'),
(3790, 58, 8052, '2021-02-16'),
(3791, 58, 8053, '2021-02-16'),
(3792, 58, 8054, '2021-02-16'),
(3793, 58, 8055, '2021-02-16'),
(3794, 58, 8056, '2021-02-16'),
(3795, 58, 8057, '2021-02-16'),
(3796, 58, 8058, '2021-02-16'),
(3797, 58, 8059, '2021-02-16'),
(3798, 58, 8060, '2021-02-16'),
(3799, 58, 8061, '2021-02-16'),
(3800, 58, 8062, '2021-02-16'),
(3801, 58, 8063, '2021-02-16'),
(3802, 58, 8064, '2021-02-16'),
(3803, 58, 8065, '2021-02-16'),
(3804, 58, 8066, '2021-02-16'),
(3805, 58, 8067, '2021-02-16'),
(3806, 58, 8068, '2021-02-16'),
(3807, 58, 8069, '2021-02-16'),
(3808, 58, 8070, '2021-02-16'),
(3809, 58, 8071, '2021-02-16'),
(3810, 58, 8072, '2021-02-16'),
(3811, 58, 8073, '2021-02-16'),
(3812, 58, 8075, '2021-02-17'),
(3813, 58, 8076, '2021-02-17'),
(3814, 58, 8077, '2021-02-17'),
(3815, 58, 8078, '2021-02-17'),
(3816, 58, 8079, '2021-02-17'),
(3817, 58, 8080, '2021-02-17'),
(3818, 58, 8081, '2021-02-17'),
(3819, 58, 8082, '2021-02-17'),
(3820, 58, 8083, '2021-02-17'),
(3821, 58, 8084, '2021-02-17'),
(3822, 58, 8085, '2021-02-17'),
(3823, 58, 8086, '2021-02-17'),
(3824, 58, 8087, '2021-02-17'),
(3825, 58, 8088, '2021-02-17'),
(3826, 58, 8089, '2021-02-17'),
(3827, 58, 8090, '2021-02-17'),
(3828, 58, 8091, '2021-02-17'),
(3829, 58, 8092, '2021-02-17'),
(3830, 58, 8093, '2021-02-17'),
(3831, 58, 8094, '2021-02-17'),
(3832, 58, 8095, '2021-02-17'),
(3833, 58, 8097, '2021-02-17'),
(3835, 58, 8099, '2021-02-17'),
(3837, 58, 8102, '2021-02-17'),
(3838, 58, 8103, '2021-02-17'),
(3839, 58, 8104, '2021-02-17'),
(3840, 58, 8105, '2021-02-17'),
(3841, 58, 8106, '2021-02-17'),
(3842, 58, 8107, '2021-02-17'),
(3843, 58, 8108, '2021-02-17'),
(3844, 58, 8109, '2021-02-17'),
(3845, 58, 8110, '2021-02-17'),
(3846, 58, 8111, '2021-02-17'),
(3847, 58, 8112, '2021-02-17'),
(3849, 58, 8114, '2021-02-18'),
(3850, 58, 8115, '2021-02-18'),
(3851, 58, 8116, '2021-02-18'),
(3852, 58, 8117, '2021-02-18'),
(3853, 58, 8118, '2021-02-18'),
(3854, 58, 8119, '2021-02-18'),
(3855, 58, 8120, '2021-02-18'),
(3856, 58, 8121, '2021-02-18'),
(3857, 58, 8122, '2021-02-18'),
(3858, 58, 8123, '2021-02-18'),
(3859, 58, 8124, '2021-02-18'),
(3860, 58, 8125, '2021-02-18'),
(3861, 58, 8126, '2021-02-18'),
(3862, 58, 8127, '2021-02-18'),
(3863, 58, 8128, '2021-02-18'),
(3865, 58, 8131, '2021-02-18'),
(3866, 58, 8132, '2021-02-18'),
(3867, 58, 8133, '2021-02-18'),
(3869, 58, 8135, '2021-02-18'),
(3870, 58, 8136, '2021-02-18'),
(3871, 58, 8137, '2021-02-18'),
(3872, 58, 8138, '2021-02-18'),
(3873, 58, 8139, '2021-02-18'),
(3874, 58, 8140, '2021-02-18'),
(3875, 58, 8141, '2021-02-18'),
(3876, 58, 8142, '2021-02-18'),
(3877, 58, 8143, '2021-02-18'),
(3878, 58, 8144, '2021-02-18'),
(3879, 58, 8145, '2021-02-18'),
(3880, 58, 8146, '2021-02-19'),
(3881, 58, 8147, '2021-02-19'),
(3883, 58, 8149, '2021-02-19'),
(3884, 58, 8150, '2021-02-19'),
(3885, 58, 8151, '2021-02-19'),
(3886, 58, 8152, '2021-02-19'),
(3887, 58, 8153, '2021-02-19'),
(3888, 58, 8154, '2021-02-19'),
(3889, 58, 8155, '2021-02-19'),
(3890, 58, 8156, '2021-02-19'),
(3891, 58, 8157, '2021-02-19'),
(3892, 58, 8158, '2021-02-19'),
(3893, 58, 8159, '2021-02-19'),
(3894, 58, 8160, '2021-02-19'),
(3895, 58, 8161, '2021-02-19'),
(3896, 58, 8162, '2021-02-19'),
(3897, 58, 8163, '2021-02-19'),
(3898, 58, 8164, '2021-02-19'),
(3899, 58, 8165, '2021-02-19'),
(3900, 58, 8166, '2021-02-19'),
(3902, 58, 8168, '2021-02-19'),
(3903, 58, 8169, '2021-02-20'),
(3904, 58, 8170, '2021-02-22'),
(3905, 58, 8171, '2021-02-22'),
(3906, 58, 8172, '2021-02-22'),
(3907, 58, 8173, '2021-02-22'),
(3908, 58, 8174, '2021-02-22'),
(3909, 58, 8175, '2021-02-22'),
(3910, 58, 8176, '2021-02-22'),
(3911, 58, 8177, '2021-02-22'),
(3912, 58, 8178, '2021-02-23'),
(3913, 58, 8179, '2021-02-23'),
(3914, 58, 8180, '2021-02-23'),
(3915, 58, 8181, '2021-02-23'),
(3916, 58, 8182, '2021-02-23'),
(3917, 58, 8183, '2021-02-23'),
(3918, 58, 8184, '2021-02-23'),
(3919, 58, 8185, '2021-02-23'),
(3920, 58, 8186, '2021-02-23'),
(3921, 58, 8187, '2021-02-23'),
(3922, 58, 8188, '2021-02-23'),
(3923, 58, 8189, '2021-02-23'),
(3924, 58, 8190, '2021-02-23'),
(3925, 58, 8191, '2021-02-23'),
(3926, 58, 8192, '2021-02-25'),
(3927, 58, 8193, '2021-02-25'),
(3928, 58, 8194, '2021-02-25'),
(3929, 58, 8195, '2021-02-25'),
(3930, 58, 8196, '2021-02-25'),
(3931, 58, 8197, '2021-02-25'),
(3932, 58, 8198, '2021-02-25'),
(3933, 58, 8199, '2021-02-25'),
(3934, 58, 8200, '2021-02-25'),
(3935, 58, 8201, '2021-02-25'),
(3936, 58, 8202, '2021-02-25'),
(3937, 58, 8203, '2021-02-25'),
(3938, 58, 8204, '2021-02-25'),
(3939, 58, 8205, '2021-02-25'),
(3940, 58, 8206, '2021-02-25'),
(3941, 58, 8207, '2021-02-25'),
(3942, 58, 8208, '2021-02-25'),
(3943, 58, 8209, '2021-02-25'),
(3944, 58, 8210, '2021-02-25'),
(3945, 58, 8211, '2021-02-25'),
(3946, 58, 8212, '2021-02-25'),
(3947, 58, 8213, '2021-02-25'),
(3948, 58, 8214, '2021-02-25'),
(3949, 58, 8215, '2021-02-25'),
(3950, 58, 8216, '2021-02-25'),
(3951, 58, 8217, '2021-02-25'),
(3952, 58, 8218, '2021-02-25'),
(3953, 58, 8219, '2021-02-25'),
(3954, 58, 8220, '2021-02-25'),
(3955, 58, 8221, '2021-02-25'),
(3956, 58, 8222, '2021-02-25'),
(3957, 58, 8223, '2021-02-25'),
(3958, 58, 8224, '2021-02-25'),
(3959, 58, 8225, '2021-02-25'),
(3960, 58, 8226, '2021-02-25'),
(3961, 58, 8227, '2021-02-27'),
(3962, 58, 8228, '2021-02-27'),
(3963, 58, 8229, '2021-02-27'),
(3964, 58, 8230, '2021-02-27'),
(3965, 58, 8231, '2021-02-27'),
(3966, 58, 8232, '2021-02-27'),
(3967, 58, 8233, '2021-02-27'),
(3968, 58, 8234, '2021-02-27'),
(3969, 58, 8235, '2021-02-27'),
(3970, 58, 8236, '2021-02-27'),
(3971, 58, 8237, '2021-02-27'),
(3972, 58, 8238, '2021-02-27'),
(3973, 58, 8239, '2021-02-27'),
(3974, 58, 8240, '2021-02-27'),
(3975, 58, 8241, '2021-02-27'),
(3976, 58, 8242, '2021-02-27'),
(3977, 58, 8243, '2021-02-27'),
(3978, 58, 8244, '2021-02-27'),
(3979, 58, 8245, '2021-02-27'),
(3980, 58, 8246, '2021-02-27'),
(3981, 58, 8247, '2021-02-27'),
(3982, 58, 8248, '2021-02-27'),
(3983, 58, 8249, '2021-02-27'),
(3984, 58, 8250, '2021-02-27'),
(3985, 58, 8251, '2021-03-01'),
(3986, 58, 8252, '2021-03-01'),
(3987, 58, 8253, '2021-03-01'),
(3988, 58, 8254, '2021-03-01'),
(3989, 58, 8255, '2021-03-01'),
(3990, 58, 8256, '2021-03-01'),
(3991, 58, 8257, '2021-03-01'),
(3992, 58, 8258, '2021-03-01'),
(3993, 58, 8259, '2021-03-01'),
(3994, 58, 8260, '2021-03-01'),
(3995, 58, 8261, '2021-03-01'),
(3996, 58, 8262, '2021-03-01'),
(3997, 58, 8263, '2021-03-01'),
(3998, 58, 8264, '2021-03-01'),
(3999, 58, 8265, '2021-03-01'),
(4000, 58, 8266, '2021-03-04'),
(4001, 58, 8267, '2021-03-04'),
(4002, 58, 8268, '2021-03-04'),
(4003, 58, 8269, '2021-03-04'),
(4004, 58, 8270, '2021-03-04'),
(4005, 58, 8271, '2021-03-04'),
(4006, 58, 8272, '2021-03-04'),
(4007, 58, 8273, '2021-03-04'),
(4008, 58, 8274, '2021-03-04'),
(4009, 58, 8275, '2021-03-04'),
(4010, 58, 8276, '2021-03-04'),
(4011, 58, 8277, '2021-03-04'),
(4012, 58, 8278, '2021-03-04'),
(4013, 58, 8279, '2021-03-04'),
(4014, 58, 8280, '2021-03-04'),
(4015, 58, 8281, '2021-03-04'),
(4016, 58, 8282, '2021-03-04'),
(4017, 58, 8283, '2021-03-04'),
(4018, 58, 8284, '2021-03-04'),
(4019, 58, 8285, '2021-03-04'),
(4020, 58, 8286, '2021-03-04'),
(4021, 58, 8287, '2021-03-04'),
(4022, 58, 8288, '2021-03-04'),
(4023, 58, 8289, '2021-03-04'),
(4024, 58, 8290, '2021-03-04'),
(4025, 58, 8291, '2021-03-04'),
(4026, 58, 8292, '2021-03-04'),
(4027, 58, 8293, '2021-03-04'),
(4028, 58, 8294, '2021-03-04'),
(4029, 58, 8295, '2021-03-04'),
(4030, 58, 8296, '2021-03-04'),
(4031, 58, 8297, '2021-03-05'),
(4032, 58, 8298, '2021-03-05'),
(4033, 58, 8299, '2021-03-05'),
(4034, 58, 8300, '2021-03-05'),
(4035, 58, 8301, '2021-03-05'),
(4036, 58, 8302, '2021-03-05'),
(4037, 58, 8303, '2021-03-05'),
(4038, 58, 8304, '2021-03-05'),
(4039, 58, 8305, '2021-03-05'),
(4040, 58, 8306, '2021-03-05'),
(4041, 58, 8307, '2021-03-05'),
(4042, 58, 8308, '2021-03-05'),
(4043, 58, 8309, '2021-03-05'),
(4044, 58, 8310, '2021-03-05'),
(4045, 58, 8313, '2021-03-08'),
(4046, 58, 8314, '2021-03-08'),
(4047, 58, 8315, '2021-03-08'),
(4048, 58, 8316, '2021-03-08'),
(4049, 58, 8317, '2021-03-08'),
(4050, 58, 8318, '2021-03-08'),
(4051, 58, 8319, '2021-03-08'),
(4052, 58, 8320, '2021-03-08'),
(4053, 58, 8321, '2021-03-08'),
(4054, 58, 8322, '2021-03-08'),
(4055, 58, 8323, '2021-03-08'),
(4056, 58, 8324, '2021-03-08'),
(4057, 58, 8325, '2021-03-08'),
(4058, 58, 8326, '2021-03-08'),
(4059, 58, 8327, '2021-03-08'),
(4060, 58, 8328, '2021-03-08'),
(4061, 58, 8329, '2021-03-08'),
(4062, 58, 8330, '2021-03-08'),
(4063, 58, 8331, '2021-03-08'),
(4064, 58, 8332, '2021-03-08'),
(4065, 58, 8333, '2021-03-08'),
(4066, 58, 8334, '2021-03-08'),
(4067, 58, 8335, '2021-03-08'),
(4068, 58, 8336, '2021-03-08'),
(4069, 58, 8337, '2021-03-08'),
(4070, 58, 8338, '2021-03-08'),
(4071, 58, 8339, '2021-03-08'),
(4072, 58, 8340, '2021-03-08'),
(4073, 58, 8341, '2021-03-08'),
(4074, 58, 8344, '2021-03-09'),
(4075, 58, 8345, '2021-03-09'),
(4076, 58, 8346, '2021-03-09'),
(4077, 58, 8347, '2021-03-09'),
(4078, 58, 8348, '2021-03-09'),
(4079, 58, 8349, '2021-03-09'),
(4080, 58, 8350, '2021-03-10'),
(4081, 58, 8351, '2021-03-10'),
(4082, 58, 8352, '2021-03-10'),
(4083, 58, 8353, '2021-03-10'),
(4084, 58, 8354, '2021-03-10'),
(4085, 58, 8355, '2021-03-10'),
(4086, 58, 8356, '2021-03-10'),
(4087, 58, 8357, '2021-03-10'),
(4088, 58, 8358, '2021-03-10'),
(4089, 58, 8359, '2021-03-10'),
(4090, 58, 8360, '2021-03-10'),
(4091, 58, 8362, '2021-03-11'),
(4092, 58, 8363, '2021-03-11'),
(4093, 58, 8364, '2021-03-11'),
(4094, 58, 8365, '2021-03-11'),
(4095, 58, 8366, '2021-03-11'),
(4096, 58, 8367, '2021-03-11'),
(4097, 58, 8368, '2021-03-11'),
(4098, 58, 8369, '2021-03-11'),
(4099, 58, 8370, '2021-03-11'),
(4101, 58, 8372, '2021-03-11'),
(4102, 58, 8373, '2021-03-11'),
(4103, 58, 8374, '2021-03-11'),
(4104, 58, 8375, '2021-03-11'),
(4105, 58, 8376, '2021-03-11'),
(4106, 58, 8377, '2021-03-11'),
(4107, 58, 8378, '2021-03-11'),
(4108, 58, 8379, '2021-03-11'),
(4109, 58, 8380, '2021-03-11'),
(4110, 58, 8381, '2021-03-11'),
(4111, 58, 8382, '2021-03-11'),
(4112, 58, 8383, '2021-03-11'),
(4113, 58, 8385, '2021-03-12'),
(4114, 58, 8386, '2021-03-12'),
(4115, 58, 8387, '2021-03-12'),
(4116, 58, 8388, '2021-03-12'),
(4117, 58, 8389, '2021-03-12'),
(4118, 58, 8390, '2021-03-12'),
(4119, 58, 8391, '2021-03-12'),
(4120, 58, 8392, '2021-03-12'),
(4121, 58, 8393, '2021-03-12'),
(4122, 58, 8394, '2021-03-12'),
(4123, 58, 8396, '2021-03-16'),
(4124, 58, 8397, '2021-03-16'),
(4125, 58, 8398, '2021-03-16'),
(4126, 58, 8399, '2021-03-16'),
(4127, 58, 8400, '2021-03-16'),
(4128, 58, 8401, '2021-03-16'),
(4129, 58, 8402, '2021-03-16'),
(4130, 58, 8403, '2021-03-16'),
(4131, 58, 8404, '2021-03-16'),
(4132, 58, 8405, '2021-03-16'),
(4133, 58, 8406, '2021-03-16'),
(4134, 58, 8407, '2021-03-16'),
(4135, 58, 8408, '2021-03-16'),
(4136, 58, 8409, '2021-03-16'),
(4137, 58, 8410, '2021-03-16'),
(4138, 58, 8411, '2021-03-16'),
(4139, 58, 8412, '2021-03-16'),
(4140, 58, 8413, '2021-03-16'),
(4141, 58, 8414, '2021-03-16'),
(4142, 58, 8415, '2021-03-16'),
(4143, 58, 8416, '2021-03-16'),
(4144, 58, 8417, '2021-03-16'),
(4145, 58, 8418, '2021-03-16'),
(4146, 58, 8419, '2021-03-16'),
(4147, 58, 8420, '2021-03-16'),
(4148, 58, 8421, '2021-03-16'),
(4149, 58, 8422, '2021-03-16'),
(4150, 58, 8423, '2021-03-16'),
(4151, 58, 8424, '2021-03-16'),
(4152, 58, 8425, '2021-03-17'),
(4153, 58, 8426, '2021-03-17'),
(4154, 58, 8427, '2021-03-17'),
(4155, 58, 8428, '2021-03-17'),
(4156, 58, 8429, '2021-03-17'),
(4157, 58, 8430, '2021-03-17'),
(4158, 58, 8431, '2021-03-17'),
(4159, 58, 8432, '2021-03-17'),
(4160, 58, 8433, '2021-03-17'),
(4161, 58, 8434, '2021-03-17'),
(4162, 58, 8435, '2021-03-17'),
(4163, 58, 8437, '2021-03-18'),
(4164, 58, 8438, '2021-03-18'),
(4165, 58, 8439, '2021-03-18'),
(4166, 58, 8440, '2021-03-18'),
(4167, 58, 8441, '2021-03-18'),
(4168, 58, 8442, '2021-03-18'),
(4169, 58, 8443, '2021-03-18'),
(4170, 58, 8444, '2021-03-18'),
(4171, 58, 8445, '2021-03-19'),
(4172, 58, 8446, '2021-03-19'),
(4173, 58, 8447, '2021-03-19'),
(4174, 58, 8448, '2021-03-19'),
(4175, 58, 8449, '2021-03-19'),
(4176, 58, 8450, '2021-03-19'),
(4177, 58, 8451, '2021-03-19'),
(4178, 58, 8452, '2021-03-19'),
(4179, 58, 8453, '2021-03-19'),
(4180, 58, 8454, '2021-03-19'),
(4181, 58, 8455, '2021-03-20'),
(4182, 58, 8456, '2021-03-20'),
(4183, 58, 8457, '2021-03-20'),
(4184, 58, 8458, '2021-03-20'),
(4185, 58, 8459, '2021-03-20'),
(4186, 58, 8460, '2021-03-20'),
(4187, 58, 8461, '2021-03-20'),
(4188, 58, 8462, '2021-03-20'),
(4189, 58, 8463, '2021-03-20'),
(4190, 58, 8464, '2021-03-20'),
(4191, 58, 8465, '2021-03-20'),
(4192, 58, 8467, '2021-03-22'),
(4193, 58, 8468, '2021-03-22'),
(4194, 58, 8469, '2021-03-22'),
(4195, 58, 8470, '2021-03-22'),
(4196, 58, 8471, '2021-03-22'),
(4197, 58, 8472, '2021-03-22'),
(4198, 58, 8473, '2021-03-22'),
(4199, 58, 8474, '2021-03-22'),
(4200, 58, 8475, '2021-03-22'),
(4201, 58, 8476, '2021-03-22'),
(4202, 58, 8477, '2021-03-22'),
(4203, 58, 8478, '2021-03-22'),
(4204, 58, 8479, '2021-03-22'),
(4205, 58, 8480, '2021-03-22'),
(4206, 58, 8481, '2021-03-22'),
(4207, 58, 8482, '2021-03-22'),
(4208, 58, 8483, '2021-03-22'),
(4209, 58, 8484, '2021-03-22'),
(4210, 58, 8485, '2021-03-22'),
(4211, 58, 8486, '2021-03-22'),
(4212, 58, 8487, '2021-03-22'),
(4213, 58, 8488, '2021-03-22'),
(4214, 58, 8490, '2021-03-22'),
(4215, 58, 8491, '2021-03-22'),
(4216, 58, 8492, '2021-03-22'),
(4217, 58, 8493, '2021-03-22'),
(4218, 58, 8494, '2021-03-23'),
(4219, 58, 8495, '2021-03-23'),
(4220, 58, 8496, '2021-03-23'),
(4221, 58, 8497, '2021-03-23'),
(4222, 58, 8498, '2021-03-23'),
(4223, 58, 8499, '2021-03-23'),
(4224, 58, 8500, '2021-03-23'),
(4225, 58, 8501, '2021-03-23'),
(4226, 58, 8502, '2021-03-23'),
(4227, 58, 8503, '2021-03-23'),
(4228, 58, 8504, '2021-03-23'),
(4229, 58, 8505, '2021-03-23'),
(4230, 58, 8506, '2021-03-24'),
(4231, 58, 8507, '2021-03-24'),
(4232, 58, 8508, '2021-03-24'),
(4233, 58, 8509, '2021-03-24'),
(4234, 58, 8510, '2021-03-24'),
(4235, 58, 8511, '2021-03-24'),
(4236, 58, 8512, '2021-03-24'),
(4237, 58, 8513, '2021-03-24'),
(4238, 58, 8514, '2021-03-24'),
(4239, 58, 8515, '2021-03-24'),
(4240, 58, 8516, '2021-03-24'),
(4241, 58, 8517, '2021-03-24'),
(4242, 58, 8518, '2021-03-24'),
(4243, 58, 8519, '2021-03-24'),
(4244, 58, 8520, '2021-03-25'),
(4245, 58, 8521, '2021-03-25'),
(4246, 58, 8522, '2021-03-25'),
(4247, 58, 8523, '2021-03-25'),
(4248, 58, 8524, '2021-03-25'),
(4249, 58, 8525, '2021-03-25'),
(4250, 58, 8526, '2021-03-25'),
(4251, 58, 8527, '2021-03-25'),
(4252, 58, 8528, '2021-03-25'),
(4253, 58, 8529, '2021-03-25'),
(4254, 58, 8530, '2021-03-25'),
(4255, 58, 8531, '2021-03-25'),
(4256, 58, 8532, '2021-03-25'),
(4257, 58, 8533, '2021-03-25'),
(4258, 58, 8534, '2021-03-25'),
(4259, 58, 8535, '2021-03-25'),
(4260, 58, 8536, '2021-03-25'),
(4261, 58, 8537, '2021-03-25'),
(4262, 58, 8538, '2021-03-25'),
(4263, 58, 8539, '2021-03-26'),
(4264, 58, 8540, '2021-03-26'),
(4265, 58, 8541, '2021-03-26'),
(4266, 58, 8542, '2021-03-26'),
(4267, 58, 8543, '2021-03-26'),
(4268, 58, 8544, '2021-03-26'),
(4269, 58, 8545, '2021-03-26'),
(4270, 58, 8546, '2021-03-26'),
(4271, 58, 8547, '2021-03-26'),
(4272, 58, 8548, '2021-03-26'),
(4273, 58, 8549, '2021-03-26'),
(4274, 58, 8550, '2021-03-26'),
(4275, 58, 8551, '2021-03-27'),
(4276, 58, 8552, '2021-03-27'),
(4277, 58, 8553, '2021-03-27'),
(4278, 58, 8554, '2021-03-27'),
(4279, 58, 8555, '2021-03-27'),
(4280, 58, 8556, '2021-03-27'),
(4281, 58, 8557, '2021-03-27'),
(4282, 58, 8558, '2021-03-27'),
(4283, 58, 8559, '2021-03-27'),
(4284, 58, 8560, '2021-03-27'),
(4285, 58, 8561, '2021-03-27'),
(4286, 58, 8562, '2021-03-27'),
(4287, 58, 8563, '2021-03-27'),
(4288, 58, 8564, '2021-03-27'),
(4289, 58, 8565, '2021-03-27'),
(4290, 58, 8566, '2021-03-27'),
(4291, 58, 8567, '2021-03-27'),
(4292, 58, 8568, '2021-03-29'),
(4293, 58, 8569, '2021-03-29'),
(4294, 58, 8570, '2021-03-29'),
(4295, 58, 8571, '2021-03-29'),
(4296, 58, 8572, '2021-03-29'),
(4297, 58, 8573, '2021-03-29'),
(4298, 58, 8574, '2021-03-29'),
(4299, 58, 8575, '2021-03-29'),
(4300, 58, 8576, '2021-03-29'),
(4301, 58, 8577, '2021-03-29'),
(4302, 58, 8578, '2021-03-29'),
(4303, 58, 8579, '2021-03-29'),
(4304, 58, 8580, '2021-03-29'),
(4305, 58, 8581, '2021-03-29'),
(4306, 58, 8582, '2021-03-29'),
(4307, 58, 8583, '2021-03-29'),
(4308, 58, 8584, '2021-03-29'),
(4309, 58, 8585, '2021-03-29'),
(4310, 58, 8586, '2021-03-29'),
(4311, 58, 8587, '2021-03-29'),
(4312, 58, 8588, '2021-03-29'),
(4313, 58, 8589, '2021-03-29'),
(4314, 58, 8590, '2021-03-29'),
(4315, 58, 8591, '2021-03-30'),
(4316, 58, 8592, '2021-03-30'),
(4317, 58, 8593, '2021-03-30'),
(4318, 58, 8594, '2021-03-30'),
(4319, 58, 8595, '2021-03-30'),
(4320, 58, 8596, '2021-03-30'),
(4321, 58, 8597, '2021-03-30'),
(4322, 58, 8598, '2021-03-30'),
(4323, 58, 8599, '2021-03-30'),
(4324, 58, 8600, '2021-03-30'),
(4325, 58, 8601, '2021-03-30'),
(4326, 58, 8602, '2021-03-30'),
(4327, 58, 8603, '2021-03-30'),
(4328, 58, 8604, '2021-03-30'),
(4329, 58, 8605, '2021-03-30'),
(4330, 58, 8606, '2021-03-30'),
(4331, 58, 8607, '2021-03-30'),
(4332, 58, 8608, '2021-03-30'),
(4333, 58, 8609, '2021-03-30'),
(4334, 58, 8610, '2021-03-30'),
(4335, 58, 8611, '2021-03-30'),
(4336, 58, 8612, '2021-03-30'),
(4337, 58, 8613, '2021-03-30'),
(4338, 58, 8614, '2021-03-30'),
(4339, 58, 8615, '2021-03-30'),
(4340, 58, 8616, '2021-03-30'),
(4341, 58, 8617, '2021-03-31'),
(4342, 58, 8618, '2021-03-31'),
(4343, 58, 8619, '2021-03-31'),
(4344, 58, 8620, '2021-03-31'),
(4345, 58, 8621, '2021-03-31'),
(4346, 58, 8622, '2021-03-31'),
(4347, 58, 8623, '2021-03-31'),
(4348, 58, 8624, '2021-03-31'),
(4349, 58, 8625, '2021-03-31'),
(4350, 58, 8626, '2021-03-31'),
(4351, 58, 8627, '2021-03-31'),
(4352, 58, 8628, '2021-03-31'),
(4353, 58, 8629, '2021-03-31'),
(4354, 58, 8630, '2021-03-31'),
(4355, 58, 8631, '2021-03-31'),
(4356, 58, 8632, '2021-03-31'),
(4357, 58, 8633, '2021-03-31'),
(4358, 58, 8634, '2021-03-31'),
(4359, 58, 8635, '2021-03-31'),
(4360, 58, 8636, '2021-03-31'),
(4361, 58, 8637, '2021-04-01'),
(4362, 58, 8638, '2021-04-01'),
(4363, 58, 8639, '2021-04-01'),
(4364, 58, 8640, '2021-04-01'),
(4365, 58, 8641, '2021-04-01'),
(4366, 58, 8642, '2021-04-01'),
(4367, 58, 8643, '2021-04-01'),
(4368, 58, 8644, '2021-04-01'),
(4369, 58, 8645, '2021-04-01'),
(4370, 58, 8646, '2021-04-01'),
(4371, 58, 8647, '2021-04-01'),
(4372, 58, 8648, '2021-04-01'),
(4373, 58, 8649, '2021-04-01'),
(4374, 58, 8650, '2021-04-05'),
(4375, 58, 8651, '2021-04-05'),
(4376, 58, 8652, '2021-04-05'),
(4377, 58, 8653, '2021-04-05'),
(4378, 58, 8654, '2021-04-05'),
(4379, 58, 8655, '2021-04-05'),
(4380, 58, 8656, '2021-04-05'),
(4381, 58, 8657, '2021-04-05'),
(4382, 58, 8658, '2021-04-05'),
(4383, 58, 8659, '2021-04-05'),
(4384, 58, 8660, '2021-04-05'),
(4385, 58, 8661, '2021-04-05'),
(4386, 58, 8662, '2021-04-05'),
(4387, 58, 8663, '2021-04-05'),
(4388, 58, 8664, '2021-04-05'),
(4389, 58, 8665, '2021-04-05'),
(4390, 58, 8666, '2021-04-05'),
(4391, 58, 8667, '2021-04-05'),
(4392, 58, 8668, '2021-04-05'),
(4393, 58, 8669, '2021-04-05'),
(4394, 58, 8670, '2021-04-05'),
(4395, 58, 8671, '2021-04-05'),
(4396, 58, 8672, '2021-04-05'),
(4397, 58, 8673, '2021-04-05'),
(4398, 58, 8674, '2021-04-05'),
(4399, 58, 8675, '2021-04-05'),
(4400, 58, 8676, '2021-04-05'),
(4401, 58, 8677, '2021-04-05'),
(4402, 58, 8678, '2021-04-05'),
(4403, 58, 8679, '2021-04-05'),
(4404, 58, 8680, '2021-04-06'),
(4405, 58, 8681, '2021-04-06'),
(4406, 58, 8682, '2021-04-06'),
(4407, 58, 8683, '2021-04-06'),
(4408, 58, 8684, '2021-04-06'),
(4409, 58, 8685, '2021-04-06'),
(4410, 58, 8686, '2021-04-06'),
(4411, 58, 8687, '2021-04-06'),
(4412, 58, 8688, '2021-04-06'),
(4413, 58, 8689, '2021-04-06'),
(4414, 58, 8690, '2021-04-06'),
(4415, 58, 8691, '2021-04-06'),
(4416, 58, 8692, '2021-04-06'),
(4417, 58, 8693, '2021-04-06'),
(4418, 58, 8694, '2021-04-06'),
(4419, 58, 8695, '2021-04-06'),
(4420, 58, 8696, '2021-04-07'),
(4421, 58, 8697, '2021-04-07'),
(4422, 58, 8698, '2021-04-07'),
(4423, 58, 8699, '2021-04-07'),
(4424, 58, 8700, '2021-04-07'),
(4425, 58, 8701, '2021-04-07'),
(4426, 58, 8702, '2021-04-07'),
(4427, 58, 8703, '2021-04-07'),
(4428, 58, 8704, '2021-04-07'),
(4429, 58, 8705, '2021-04-07'),
(4430, 58, 8706, '2021-04-07'),
(4431, 58, 8707, '2021-04-07'),
(4432, 58, 8708, '2021-04-07'),
(4433, 58, 8709, '2021-04-07'),
(4434, 58, 8710, '2021-04-07'),
(4435, 58, 8711, '2021-04-07'),
(4436, 58, 8712, '2021-04-08'),
(4437, 58, 8713, '2021-04-08'),
(4438, 58, 8714, '2021-04-08'),
(4439, 58, 8715, '2021-04-08'),
(4440, 58, 8716, '2021-04-08'),
(4441, 58, 8717, '2021-04-09'),
(4442, 58, 8718, '2021-04-09'),
(4443, 58, 8719, '2021-04-09'),
(4444, 58, 8720, '2021-04-09'),
(4445, 58, 8721, '2021-04-09'),
(4446, 58, 8722, '2021-04-09'),
(4447, 58, 8723, '2021-04-09'),
(4448, 58, 8724, '2021-04-09'),
(4449, 58, 8725, '2021-04-09'),
(4450, 58, 8726, '2021-04-09'),
(4451, 58, 8727, '2021-04-10'),
(4452, 58, 8728, '2021-04-10'),
(4453, 58, 8729, '2021-04-10'),
(4454, 58, 8730, '2021-04-10'),
(4455, 58, 8731, '2021-04-10'),
(4456, 58, 8732, '2021-04-10'),
(4457, 58, 8733, '2021-04-10'),
(4458, 58, 8734, '2021-04-10'),
(4459, 58, 8735, '2021-04-10'),
(4460, 58, 8736, '2021-04-10'),
(4461, 58, 8737, '2021-04-10'),
(4462, 58, 8738, '2021-04-10'),
(4463, 58, 8739, '2021-04-10'),
(4464, 58, 8740, '2021-04-10'),
(4465, 58, 8741, '2021-04-10'),
(4466, 58, 8742, '2021-04-10'),
(4467, 58, 8743, '2021-04-10'),
(4468, 58, 8744, '2021-04-12'),
(4469, 58, 8745, '2021-04-12'),
(4470, 58, 8746, '2021-04-12'),
(4471, 58, 8747, '2021-04-12'),
(4472, 58, 8748, '2021-04-12'),
(4473, 58, 8749, '2021-04-12'),
(4474, 58, 8750, '2021-04-12'),
(4475, 58, 8751, '2021-04-12'),
(4476, 58, 8752, '2021-04-12'),
(4477, 58, 8753, '2021-04-12'),
(4478, 58, 8754, '2021-04-12'),
(4479, 58, 8755, '2021-04-12'),
(4480, 58, 8756, '2021-04-12'),
(4481, 58, 8757, '2021-04-12'),
(4482, 58, 8758, '2021-04-12'),
(4483, 58, 8759, '2021-04-12'),
(4484, 58, 8760, '2021-04-12'),
(4485, 58, 8761, '2021-04-12'),
(4486, 58, 8762, '2021-04-12'),
(4487, 58, 8763, '2021-04-12'),
(4488, 58, 8764, '2021-04-12'),
(4489, 58, 8765, '2021-04-12'),
(4490, 58, 8766, '2021-04-12'),
(4491, 58, 8767, '2021-04-12'),
(4492, 58, 8768, '2021-04-12'),
(4493, 58, 8769, '2021-04-13'),
(4494, 58, 8770, '2021-04-13'),
(4495, 58, 8771, '2021-04-13'),
(4496, 58, 8772, '2021-04-13'),
(4497, 58, 8773, '2021-04-13'),
(4498, 58, 8774, '2021-04-13'),
(4499, 58, 8775, '2021-04-13'),
(4500, 58, 8776, '2021-04-13'),
(4501, 58, 8777, '2021-04-13'),
(4502, 58, 8778, '2021-04-13'),
(4503, 58, 8779, '2021-04-13'),
(4504, 58, 8780, '2021-04-13'),
(4505, 58, 8781, '2021-04-13'),
(4506, 58, 8782, '2021-04-19'),
(4507, 58, 8783, '2021-04-19'),
(4508, 58, 8784, '2021-04-19'),
(4509, 58, 8785, '2021-04-19'),
(4510, 58, 8786, '2021-04-19'),
(4511, 58, 8787, '2021-04-19'),
(4512, 58, 8788, '2021-04-19'),
(4513, 58, 8789, '2021-04-19'),
(4514, 58, 8790, '2021-04-19'),
(4515, 58, 8791, '2021-04-19'),
(4516, 58, 8792, '2021-04-19'),
(4517, 58, 8793, '2021-04-19'),
(4518, 58, 8794, '2021-04-19'),
(4519, 58, 8795, '2021-04-19'),
(4520, 58, 8796, '2021-04-19'),
(4521, 58, 8797, '2021-04-19'),
(4522, 58, 8798, '2021-04-19'),
(4523, 58, 8799, '2021-04-19'),
(4524, 58, 8800, '2021-04-19'),
(4525, 58, 8801, '2021-04-19'),
(4526, 58, 8802, '2021-04-19'),
(4527, 58, 8803, '2021-04-19'),
(4528, 58, 8804, '2021-04-19'),
(4529, 58, 8805, '2021-04-19'),
(4530, 58, 8806, '2021-04-19'),
(4531, 58, 8807, '2021-04-19'),
(4532, 58, 8808, '2021-04-19'),
(4533, 58, 8809, '2021-04-20'),
(4534, 58, 8810, '2021-04-20'),
(4535, 58, 8811, '2021-04-20'),
(4536, 58, 8812, '2021-04-20'),
(4537, 58, 8813, '2021-04-20'),
(4538, 58, 8814, '2021-04-20'),
(4539, 58, 8815, '2021-04-20'),
(4540, 58, 8816, '2021-04-20'),
(4541, 58, 8817, '2021-04-20'),
(4542, 58, 8818, '2021-04-20'),
(4543, 58, 8819, '2021-04-20'),
(4544, 58, 8820, '2021-04-20'),
(4545, 58, 8821, '2021-04-20'),
(4546, 58, 8822, '2021-04-20'),
(4547, 58, 8823, '2021-04-20'),
(4548, 58, 8824, '2021-04-20'),
(4549, 58, 8825, '2021-04-20'),
(4550, 58, 8826, '2021-04-20'),
(4551, 58, 8827, '2021-04-21'),
(4552, 58, 8828, '2021-04-21'),
(4553, 58, 8829, '2021-04-21'),
(4554, 58, 8830, '2021-04-21'),
(4555, 58, 8831, '2021-04-21'),
(4556, 58, 8832, '2021-04-21'),
(4557, 58, 8833, '2021-04-21'),
(4558, 58, 8834, '2021-04-21'),
(4559, 58, 8835, '2021-04-21'),
(4560, 58, 8836, '2021-04-21'),
(4561, 58, 8837, '2021-04-21'),
(4562, 58, 8838, '2021-04-21'),
(4563, 58, 8839, '2021-04-21'),
(4564, 58, 8840, '2021-04-21'),
(4565, 58, 8841, '2021-04-21'),
(4566, 58, 8842, '2021-04-21'),
(4567, 58, 8843, '2021-04-22'),
(4568, 58, 8844, '2021-04-22'),
(4569, 58, 8845, '2021-04-22'),
(4570, 58, 8846, '2021-04-22'),
(4571, 58, 8847, '2021-04-22'),
(4572, 58, 8848, '2021-04-22'),
(4573, 58, 8849, '2021-04-22'),
(4574, 58, 8850, '2021-04-22'),
(4575, 58, 8851, '2021-04-22'),
(4576, 58, 8852, '2021-04-22'),
(4577, 58, 8853, '2021-04-22'),
(4578, 58, 8854, '2021-04-22'),
(4579, 58, 8855, '2021-04-22'),
(4580, 58, 8856, '2021-04-22'),
(4581, 58, 8857, '2021-04-22'),
(4582, 58, 8858, '2021-04-22'),
(4583, 58, 8859, '2021-04-22'),
(4584, 58, 8860, '2021-04-22'),
(4585, 58, 8861, '2021-04-23'),
(4586, 58, 8862, '2021-04-23'),
(4587, 58, 8863, '2021-04-23'),
(4588, 58, 8864, '2021-04-23'),
(4589, 58, 8865, '2021-04-23'),
(4590, 58, 8866, '2021-04-23'),
(4591, 58, 8867, '2021-04-23'),
(4592, 58, 8868, '2021-04-23'),
(4593, 58, 8869, '2021-04-23'),
(4594, 58, 8870, '2021-04-23'),
(4595, 58, 8871, '2021-04-23'),
(4596, 58, 8872, '2021-04-23'),
(4597, 58, 8873, '2021-04-23'),
(4598, 58, 8874, '2021-04-23'),
(4599, 58, 8875, '2021-04-23'),
(4600, 58, 8876, '2021-04-23'),
(4601, 58, 8877, '2021-04-23'),
(4602, 58, 8878, '2021-04-23'),
(4603, 58, 8879, '2021-04-23'),
(4604, 58, 8880, '2021-04-23'),
(4605, 58, 8881, '2021-04-23'),
(4606, 58, 8882, '2021-04-23'),
(4607, 58, 8883, '2021-04-23'),
(4608, 58, 8884, '2021-04-23'),
(4609, 58, 8885, '2021-04-26'),
(4610, 58, 8886, '2021-04-26'),
(4611, 58, 8887, '2021-04-26'),
(4612, 58, 8888, '2021-04-26'),
(4613, 58, 8889, '2021-04-26'),
(4614, 58, 8890, '2021-04-26'),
(4615, 58, 8891, '2021-04-26'),
(4616, 58, 8892, '2021-04-26'),
(4617, 58, 8893, '2021-04-26'),
(4618, 58, 8894, '2021-04-26'),
(4619, 58, 8895, '2021-04-27'),
(4620, 58, 8896, '2021-04-27'),
(4621, 58, 8897, '2021-04-27'),
(4622, 58, 8898, '2021-04-27'),
(4623, 58, 8899, '2021-04-27'),
(4624, 58, 8900, '2021-04-27'),
(4625, 58, 8901, '2021-04-27'),
(4626, 58, 8902, '2021-04-28'),
(4627, 58, 8903, '2021-04-28'),
(4628, 58, 8904, '2021-04-28'),
(4629, 58, 8905, '2021-04-28'),
(4630, 58, 8906, '2021-04-28'),
(4631, 58, 8907, '2021-04-28'),
(4632, 58, 8908, '2021-04-28'),
(4633, 58, 8909, '2021-04-28'),
(4634, 58, 8910, '2021-04-28'),
(4635, 58, 8911, '2021-04-29'),
(4636, 58, 8912, '2021-04-29'),
(4637, 58, 8913, '2021-04-29'),
(4638, 58, 8914, '2021-04-29'),
(4639, 58, 8915, '2021-04-29'),
(4640, 58, 8916, '2021-04-29'),
(4641, 58, 8917, '2021-04-29'),
(4642, 58, 8918, '2021-04-30'),
(4643, 58, 8919, '2021-04-30'),
(4644, 58, 8920, '2021-04-30'),
(4645, 58, 8921, '2021-04-30'),
(4646, 58, 8922, '2021-04-30'),
(4649, 58, 8937, '2023-01-17'),
(4650, 29, 8940, '2023-01-18'),
(4651, 58, 8945, '2023-01-21'),
(4652, 58, 8946, '2023-01-21'),
(4653, 27, 8948, '2023-01-21'),
(4656, 27, 8951, '2023-01-22'),
(4658, 27, 8997, '2023-02-02'),
(4659, 58, 8998, '2023-02-02'),
(4660, 58, 8999, '2023-02-02'),
(4661, 58, 9000, '2023-02-02'),
(4662, 58, 9001, '2023-02-02'),
(4663, 58, 9002, '2023-02-02'),
(4664, 58, 9003, '2023-02-02'),
(4665, 58, 9004, '2023-02-02'),
(4666, 58, 9005, '2023-02-03'),
(4667, 58, 9006, '2023-02-03'),
(4668, 58, 9007, '2023-02-03'),
(4669, 58, 9008, '2023-02-03'),
(4670, 58, 9009, '2023-02-03'),
(4671, 58, 9010, '2023-02-03'),
(4672, 58, 9011, '2023-02-03'),
(4673, 58, 9012, '2023-02-03'),
(4674, 58, 9013, '2023-02-03'),
(4675, 58, 9017, '2023-02-08'),
(4676, 58, 9018, '2023-02-08'),
(4677, 58, 9019, '2023-02-08'),
(4678, 58, 9020, '2023-02-08'),
(4679, 58, 9023, '2023-02-09'),
(4680, 58, 9024, '2023-02-09'),
(4681, 58, 9025, '2023-02-09'),
(4682, 58, 9026, '2023-02-09'),
(4683, 58, 9027, '2023-02-10'),
(4684, 58, 9028, '2023-02-10'),
(4685, 58, 9029, '2023-02-10'),
(4686, 58, 9030, '2023-02-10'),
(4687, 58, 9031, '2023-02-10'),
(4688, 58, 9032, '2023-02-10'),
(4689, 58, 9033, '2023-02-10'),
(4690, 58, 9034, '2023-02-10'),
(4691, 58, 9035, '2023-02-10'),
(4692, 58, 9036, '2023-02-10'),
(4693, 58, 9037, '2023-02-10'),
(4694, 58, 9038, '2023-02-10'),
(4695, 58, 9046, '2023-03-03'),
(4696, 58, 9054, '2023-03-23'),
(4697, 58, 9055, '2023-03-23'),
(4698, 58, 9056, '2023-03-23'),
(4699, 58, 9057, '2023-03-23'),
(4700, 58, 9058, '2023-03-23'),
(4701, 58, 9059, '2023-03-23'),
(4702, 58, 9060, '2023-03-23'),
(4703, 58, 9061, '2023-03-24'),
(4704, 58, 9062, '2023-03-24'),
(4705, 58, 9063, '2023-03-24'),
(4706, 58, 9064, '2023-03-24'),
(4707, 58, 9065, '2023-03-24'),
(4708, 58, 9066, '2023-03-24'),
(4709, 58, 9067, '2023-03-24'),
(4710, 58, 9068, '2023-03-24'),
(4711, 58, 9070, '2023-03-31'),
(4712, 58, 9071, '2023-03-31');

-- --------------------------------------------------------

--
-- Table structure for table `pms_admin_departments`
--

CREATE TABLE `pms_admin_departments` (
  `dep_id` bigint NOT NULL,
  `dep_name` varchar(100) NOT NULL,
  `status` int NOT NULL DEFAULT '0'
) ENGINE=InnoDB DEFAULT CHARSET=latin1;

--
-- Dumping data for table `pms_admin_departments`
--

INSERT INTO `pms_admin_departments` (`dep_id`, `dep_name`, `status`) VALUES
(3, 'Marketing', 1),
(4, 'it', 1);

-- --------------------------------------------------------

--
-- Table structure for table `pms_admin_leave`
--

CREATE TABLE `pms_admin_leave` (
  `leave_id` int NOT NULL,
  `admin_id` int NOT NULL,
  `date_from` varchar(50) NOT NULL,
  `date_to` varchar(50) NOT NULL,
  `leave_type` int NOT NULL COMMENT '0-none,1-halfday,2-fullday',
  `session_type` int NOT NULL COMMENT '0-none,1-morning,2-aftrn',
  `leave_status` int NOT NULL COMMENT '1-open,2-approved,3-cancelled',
  `approved_by` int NOT NULL
) ENGINE=InnoDB DEFAULT CHARSET=utf8mb3;

--
-- Dumping data for table `pms_admin_leave`
--

INSERT INTO `pms_admin_leave` (`leave_id`, `admin_id`, `date_from`, `date_to`, `leave_type`, `session_type`, `leave_status`, `approved_by`) VALUES
(1, 21, '2017-10-20', '2017-10-22', 2, 2, 2, 1);

-- --------------------------------------------------------

--
-- Table structure for table `pms_admin_modules`
--

CREATE TABLE `pms_admin_modules` (
  `module_id` bigint NOT NULL,
  `module_name` varchar(100) NOT NULL,
  `module_description` longtext NOT NULL,
  `module_url` varchar(200) NOT NULL,
  `module_order` bigint NOT NULL,
  `ordering` int NOT NULL,
  `status` int NOT NULL,
  `parent_id` bigint NOT NULL,
  `module_image` varchar(255) NOT NULL,
  `module_class` varchar(255) NOT NULL
) ENGINE=InnoDB DEFAULT CHARSET=latin1;

--
-- Dumping data for table `pms_admin_modules`
--

INSERT INTO `pms_admin_modules` (`module_id`, `module_name`, `module_description`, `module_url`, `module_order`, `ordering`, `status`, `parent_id`, `module_image`, `module_class`) VALUES
(25, 'Company Type', '', 'companytype', 0, 0, 1, 107, '', ''),
(30, 'Contact Group', '', 'contactgroup', 12, 0, 1, 34, '', ''),
(31, 'Contact Business', '', 'contactbusiness', 0, 0, 1, 34, '', ''),
(32, 'Contact Designation', '', 'contactdesignation', 0, 0, 1, 34, '', ''),
(86, 'Company Opportunity', '', 'opportunity', 0, 0, 1, 107, '', ''),
(92, 'Ppayment Type', '', 'paymenttype', 0, 0, 1, 77, '', ''),
(93, 'Orders Status', '', 'ordersstatus', 0, 0, 1, 77, '', ''),
(133, 'Contact Folder', '', 'contactfolder', 5, 0, 1, 34, '', ''),
(137, 'Contacts', '', 'contact', 3, 0, 0, 0, '', ''),
(148, 'Contact Product', '', 'contactproducts', 0, 0, 1, 34, '', ''),
(149, 'Contact Source', '', 'contactsource', 0, 0, 1, 34, '', ''),
(150, 'Contact Status', '', 'contactstatus', 0, 0, 1, 34, '', ''),
(151, 'Contact Reference', '', 'references', 0, 0, 1, 34, '', ''),
(152, 'Social Media', '', 'socialmedia', 0, 0, 1, 34, '', ''),
(183, 'Home', '', 'dashboard', 1, 0, 0, 0, '', ''),
(184, 'Candidates Database', '', 'candidates_all', 5, 0, 1, 0, '', ''),
(185, 'University', '', 'university', 51, 0, 0, 190, '', ''),
(186, 'Courses', '', 'courses', 3, 0, 1, 185, '', ''),
(187, 'Complaints', '', 'tickets', 56, 0, 0, 190, '', ''),
(188, 'All Tasks', '', 'tasks', 1, 0, 1, 261, '', ''),
(189, 'Reports', '', '#', 14, 0, 1, 0, '', ''),
(190, 'Settings', '', '#', 15, 0, 1, 0, '', ''),
(191, 'Campus', '', 'campus', 1, 0, 1, 185, '', ''),
(193, 'Latest Follow Ups', '', 'reports_followup', 2, 0, 0, 189, '', ''),
(195, 'Branch Based List', '', 'branch_based', 4, 0, 0, 189, '', ''),
(197, 'Application Process', '', 'aplication_reports', 6, 0, 0, 189, '', ''),
(198, 'Interview Schedules', '', 'interview_reports', 7, 0, 0, 189, '', ''),
(200, 'Expert Level', '', 'expertlevel', 1, 0, 0, 184, '', ''),
(201, 'Education Level', '', 'level', 2, 0, 0, 184, '', ''),
(202, 'Professional Certification', '', 'profcert', 3, 0, 0, 184, '', ''),
(203, 'Manage Religion', '', 'religion', 4, 0, 0, 184, '', ''),
(204, 'Manage Visa Type', '', 'visatype', 7, 0, 1, 190, '', ''),
(205, 'Manage Study Mode', '', 'stdmode', 6, 0, 0, 184, '', ''),
(206, 'Manage Courses', '', 'courses', 8, 0, 1, 190, '', ''),
(207, 'Manage Work level', '', 'worklevel', 8, 0, 0, 184, '', ''),
(208, 'Process Status', '', 'status', 9, 0, 0, 184, '', ''),
(209, 'Interview Type', '', 'interviewtype', 10, 0, 0, 184, '', ''),
(210, 'Interview Status', '', 'interviewstatus', 11, 0, 0, 184, '', ''),
(211, 'Manage User', '', 'admin', 1, 0, 1, 190, '', ''),
(212, 'Manage Admin Group', '', 'admingroup', 2, 0, 1, 190, '', ''),
(213, 'Manage Admin Dept', '', 'admindept', 52, 0, 0, 190, '', ''),
(214, 'Manage Admin Type', '', 'admintype', 54, 0, 0, 190, '', ''),
(215, 'Manage Admin Module', '', 'adminmodule', 57, 0, 0, 190, '', ''),
(216, 'Manage Scratch Pad', '', 'scratchpad', 58, 0, 0, 190, '', ''),
(217, 'Manage Notifications', '', 'notifications', 59, 0, 0, 190, '', ''),
(218, 'Manage Country', '', 'country', 8, 0, 1, 190, '', ''),
(219, 'Manage State', '', 'state', 9, 0, 1, 190, '', ''),
(220, 'Manage City', '', 'city', 10, 0, 1, 190, '', ''),
(221, 'Manage Location', '', 'location', 60, 0, 0, 190, '', ''),
(222, 'Manage Branch', '', 'branch', 61, 0, 0, 190, '', ''),
(223, 'Specialisation', '', 'specialisation', 6, 0, 1, 190, '', ''),
(224, 'Subjects', '', 'subjects', 5, 0, 1, 185, '', ''),
(225, 'All Candidates', '', 'candidates_all', 0, 0, 1, 184, '', ''),
(226, 'BDM', '', 'company', 2, 0, 1, 0, '', ''),
(227, 'Requirements', '', 'jobs', 3, 0, 1, 0, '', ''),
(229, 'Manage Leaves', '', 'manage_leave', 7, 0, 0, 189, '', ''),
(230, 'Attendance', '', 'attend', 10, 0, 0, 189, '', ''),
(231, 'Manage Attendance', '', 'manage_attend', 12, 0, 0, 189, '', ''),
(232, 'Manage Skills', '', 'skill_mgmt', 6, 0, 1, 190, '', ''),
(233, 'Calendar', '', 'interviews', 9, 0, 1, 0, '', ''),
(234, 'Apps', '', 'job_apps', 8, 0, 0, 0, '', ''),
(235, 'Offers', '', 'offerletters', 10, 0, 0, 0, '', ''),
(236, 'Invoice', '', 'invoice_list', 11, 0, 0, 0, '', ''),
(237, 'CVs', '', '#', 5, 0, 0, 0, '', ''),
(238, 'Raw Data', '', 'candidates', 2, 0, 1, 237, '', ''),
(239, 'Data Entry', '', 'data_entry', 3, 0, 1, 237, '', ''),
(240, 'Final Verification ', '', 'final_verify', 6, 0, 1, 237, '', ''),
(241, 'Verification', '', 'verify_data', 5, 0, 1, 237, '', ''),
(242, 'All Applications', '', 'job_apps', 1, 0, 0, 189, '', ''),
(243, 'All Interviews', '', 'interviews', 4, 0, 1, 189, '', ''),
(244, 'Offer Letters Issued', '', 'offerletters', 5, 0, 1, 189, '', ''),
(245, 'Invoice Generated', '', 'invoice_list', 6, 0, 1, 189, '', ''),
(246, 'CV Parser', '', 'cv_parser', 1, 1, 1, 237, '', ''),
(247, 'Search CVs', 'My Email box, has to be tested. ', 'search_cvs', 10, 0, 0, 0, '', ''),
(248, 'My Tasks', '', 'mytasks', 2, 0, 1, 261, '', ''),
(249, 'Feeds', '', 'company_feeds', 1, 0, 1, 268, '', ''),
(250, 'Leads', '', 'company_leads', 2, 0, 1, 268, '', ''),
(251, 'Clients', '', 'company_clients', 3, 0, 1, 268, '', ''),
(253, 'Vendors', '', 'vendors', 62, 0, 0, 190, '', ''),
(254, 'Internal Database', '', 'candidates_internal', 1, 0, 0, 184, '', ''),
(255, 'Vendor\'s Database', '', 'candidates_vendors', 2, 0, 0, 184, '', ''),
(256, 'Candidates-Web', '', 'candidates_web', 3, 0, 0, 184, '', ''),
(257, 'Candidates-Mobile', '', 'candidates_mobile', 4, 0, 0, 184, '', ''),
(258, 'Source Candidate', '', 'jobs_sourcer', 1, 0, 1, 264, '', ''),
(259, 'Call Candidates', '', 'jobs_caller', 2, 0, 0, 264, '', ''),
(260, 'Assessment', '', 'jobs_assessment', 3, 0, 1, 264, '', ''),
(261, 'My Office', '', '#', 6, 0, 1, 0, '', ''),
(262, 'Manage Candidates', '', 'candidate_sourcer', 0, 0, 1, 184, '', ''),
(264, 'Recruitment', '', '#', 4, 0, 1, 0, '', ''),
(265, 'Edu Hub', '', 'mobileapps', 55, 0, 0, 190, '', ''),
(266, 'BDEs Summary', '', 'company_flp', 4, 0, 1, 189, '', ''),
(267, 'Activity Summary', '', 'jobs_flp', 3, 0, 1, 189, '', ''),
(268, 'Business Development', '', '#', 3, 0, 1, 0, '', ''),
(269, 'All Clients', '', 'company_agreements', 1, 0, 1, 226, '', ''),
(270, 'Industry', '', 'industry', 3, 0, 1, 190, '', ''),
(271, 'Languages', '', 'languages', 11, 0, 1, 190, '', ''),
(272, 'Restar', '', 'jobs_summary', 1, 0, 1, 189, '', ''),
(273, 'Process Summary', '', 'recruiter_summary', 2, 0, 1, 189, '', ''),
(274, 'Manage Salary', '', 'salary', 13, 0, 1, 190, '', ''),
(275, 'Functional Area', '', 'jobarea', 4, 0, 1, 190, '', ''),
(276, 'Experience Master', '', 'experience', 12, 0, 1, 190, '', ''),
(277, 'Restar Summary', '', 'jobs_report', 1, 0, 1, 189, '', ''),
(278, 'Manage Designation', '', 'designation', 5, 0, 1, 190, '', ''),
(279, 'Manage Payments', '', 'make_payment', 3, 0, 0, 226, '', ''),
(280, 'Employer Login ', '', 'companyusers', 2, 0, 1, 226, '', ''),
(281, 'Cur. Job Status', '', 'curjobstatus', 16, 0, 1, 190, '', ''),
(282, 'Download Profile', '', 'downloadprofile', 16, 0, 0, 190, '', '');

-- --------------------------------------------------------

--
-- Table structure for table `pms_admin_password_change`
--

CREATE TABLE `pms_admin_password_change` (
  `password_change_id` int NOT NULL,
  `unique_id` int NOT NULL,
  `admin_id` int NOT NULL,
  `status` int NOT NULL
) ENGINE=InnoDB DEFAULT CHARSET=latin1;

--
-- Dumping data for table `pms_admin_password_change`
--

INSERT INTO `pms_admin_password_change` (`password_change_id`, `unique_id`, `admin_id`, `status`) VALUES
(2, 639343, 0, 1);

-- --------------------------------------------------------

--
-- Table structure for table `pms_admin_permission`
--

CREATE TABLE `pms_admin_permission` (
  `group_id` bigint NOT NULL,
  `module_id` bigint NOT NULL
) ENGINE=InnoDB DEFAULT CHARSET=latin1;

--
-- Dumping data for table `pms_admin_permission`
--

INSERT INTO `pms_admin_permission` (`group_id`, `module_id`) VALUES
(25, 268),
(25, 249),
(25, 261),
(25, 248),
(26, 227),
(26, 267),
(26, 261),
(26, 248),
(27, 264),
(27, 258),
(27, 261),
(27, 248),
(28, 268),
(28, 251),
(28, 264),
(28, 258),
(28, 259),
(28, 260),
(28, 184),
(28, 262),
(28, 225),
(28, 261),
(28, 248),
(18, 264),
(18, 258),
(18, 260),
(18, 184),
(18, 225),
(18, 261),
(18, 248),
(18, 233),
(18, 189),
(18, 277),
(19, 268),
(19, 249),
(19, 250),
(19, 251),
(19, 261),
(19, 248),
(19, 266),
(14, 183),
(14, 226),
(14, 269),
(14, 280),
(14, 279),
(14, 227),
(14, 249),
(14, 250),
(14, 251),
(14, 264),
(14, 258),
(14, 259),
(14, 184),
(14, 225),
(14, 200),
(14, 254),
(14, 201),
(14, 255),
(14, 202),
(14, 256),
(14, 203),
(14, 257),
(14, 205),
(14, 207),
(14, 208),
(14, 209),
(14, 210),
(14, 237),
(14, 246),
(14, 238),
(14, 239),
(14, 241),
(14, 240),
(14, 261),
(14, 188),
(14, 248),
(14, 234),
(14, 233),
(14, 235),
(14, 247),
(14, 236),
(14, 189),
(14, 242),
(14, 272),
(14, 277),
(14, 193),
(14, 273),
(14, 267),
(14, 195),
(14, 243),
(14, 266),
(14, 244),
(14, 197),
(14, 245),
(14, 198),
(14, 229),
(14, 230),
(14, 231),
(14, 190),
(14, 211),
(14, 212),
(14, 270),
(14, 275),
(14, 278),
(14, 232),
(14, 223),
(14, 204),
(14, 206),
(14, 218),
(14, 219),
(14, 220),
(14, 271),
(14, 276),
(14, 274),
(14, 281),
(14, 282),
(14, 185),
(14, 191),
(14, 186),
(14, 224),
(14, 213),
(14, 214),
(14, 265),
(14, 187),
(14, 215),
(14, 216),
(14, 217),
(14, 221),
(14, 222),
(14, 253);

-- --------------------------------------------------------

--
-- Table structure for table `pms_admin_to_department`
--

CREATE TABLE `pms_admin_to_department` (
  `admin_id` bigint NOT NULL,
  `dept_id` bigint NOT NULL
) ENGINE=InnoDB DEFAULT CHARSET=latin1;

--
-- Dumping data for table `pms_admin_to_department`
--

INSERT INTO `pms_admin_to_department` (`admin_id`, `dept_id`) VALUES
(2, 3),
(2, 3),
(4, 3),
(15, 3),
(1, 3),
(4, 4),
(5, 4);

-- --------------------------------------------------------

--
-- Table structure for table `pms_admin_users`
--

CREATE TABLE `pms_admin_users` (
  `admin_id` int UNSIGNED NOT NULL,
  `email` varchar(50) NOT NULL,
  `username` varchar(50) NOT NULL,
  `password` varchar(100) NOT NULL,
  `firstname` varchar(50) NOT NULL,
  `lastname` varchar(50) NOT NULL,
  `nickname` varchar(255) NOT NULL,
  `designation` varchar(255) NOT NULL,
  `company_name` varchar(255) NOT NULL,
  `address` varchar(250) NOT NULL,
  `mobile` varchar(20) NOT NULL,
  `telephone` varchar(20) NOT NULL,
  `skype` varchar(255) NOT NULL,
  `website` varchar(255) NOT NULL,
  `pobox_address` varchar(255) NOT NULL,
  `building` varchar(255) NOT NULL,
  `facebook` varchar(255) NOT NULL,
  `twitter` varchar(255) NOT NULL,
  `linkedin` varchar(255) NOT NULL,
  `logo_url` varchar(255) NOT NULL,
  `type_id` int NOT NULL,
  `group_id` bigint NOT NULL,
  `branch_id` int NOT NULL,
  `active` tinyint DEFAULT '1',
  `admin_last_login_time` datetime DEFAULT NULL,
  `admin_last_login_ip` varchar(50) DEFAULT NULL,
  `admin_privilage` varchar(50) NOT NULL,
  `admin_prof_img_url` varchar(100) NOT NULL,
  `id_proof` varchar(255) NOT NULL,
  `joining_date` date NOT NULL,
  `joining_salary` double(10,2) NOT NULL,
  `current_salary` double(10,2) NOT NULL,
  `resigned_on` date NOT NULL,
  `remarks` longtext NOT NULL,
  `status` tinyint NOT NULL,
  `smtp_outgoing_server` varchar(100) NOT NULL,
  `smtp_incoming_server` varchar(100) NOT NULL,
  `smtp_username` varchar(100) NOT NULL,
  `smtp_password` varchar(100) NOT NULL,
  `smtp_port` varchar(100) NOT NULL
) ENGINE=InnoDB DEFAULT CHARSET=latin1;

--
-- Dumping data for table `pms_admin_users`
--

INSERT INTO `pms_admin_users` (`admin_id`, `email`, `username`, `password`, `firstname`, `lastname`, `nickname`, `designation`, `company_name`, `address`, `mobile`, `telephone`, `skype`, `website`, `pobox_address`, `building`, `facebook`, `twitter`, `linkedin`, `logo_url`, `type_id`, `group_id`, `branch_id`, `active`, `admin_last_login_time`, `admin_last_login_ip`, `admin_privilage`, `admin_prof_img_url`, `id_proof`, `joining_date`, `joining_salary`, `current_salary`, `resigned_on`, `remarks`, `status`, `smtp_outgoing_server`, `smtp_incoming_server`, `smtp_username`, `smtp_password`, `smtp_port`) VALUES
(27, 'joy@seekersgulf.com', 'joy', '5f778fb1cfb1b57ddb58055cc46fa432', 'Joy', 'Chackappan', 'Joy SEEKERS', 'HR Business Partner ', 'Seekers Consultancy LLC', '', '00971 50 860 6100', '00971 4 2693600', 'joychackappan', 'www.seekershr.com', 'P.O Box 20893, Dubai, UAE', '', '', '', '', '', 0, 14, 0, 0, '0000-00-00 00:00:00', '', '', '', '', '0000-00-00', 0.00, 0.00, '0000-00-00', '', 1, '', '', '', '', ''),
(29, 'logis.ae@seekershr.com', 'Seekers', '5f778fb1cfb1b57ddb58055cc46fa432', 'Seekers', 'RECRUIT', '', '', '', '', '', '', '', '', '', '', '', '', '', '', 0, 14, 0, 0, '0000-00-00 00:00:00', '', '', '', '', '0000-00-00', 0.00, 0.00, '0000-00-00', '', 1, '', '', '', '', ''),
(41, 'logisticsbd@seekersgulf.com', 'LogisticsBD', '8f7cb1ed7a27be714d04e23fd7538c3c', 'LogisticsBD', 'Gomathi', '', '', '', '', '', '', '', '', '', '', '', '', '', '', 0, 19, 0, 0, '0000-00-00 00:00:00', '', '', '', '', '0000-00-00', 0.00, 0.00, '0000-00-00', '', 1, '', '', '', '', ''),
(54, 'logisticsjobs@seekersgulf.com', 'logisticsCANDIDATES', '2756a1c4b826a9055e8b28a80f7df041', 'Logistics', 'CANDIDATES', 'Logistics CANDIDATES', 'Career Consultant ', 'Seekers Consultancy LLC', '', '', '', '', '', '', '', '', '', '', '', 0, 28, 0, 0, '0000-00-00 00:00:00', '', '', '', '', '0000-00-00', 0.00, 0.00, '0000-00-00', '', 1, '', '', '', '', ''),
(57, 'jobs@logisticsjobs.ae', 'logrecruit', '3bc8546d741fb6d1558a0d3c0b4d94b5', 'Atheesha', 'Ashokan', 'Atheesha', '', '', '', '', '', '', '', '', '', '', '', '', '', 0, 0, 0, 0, '0000-00-00 00:00:00', '', '', '', '', '0000-00-00', 0.00, 0.00, '0000-00-00', '', 1, '', '', '', '', ''),
(58, 'jobs@logisticsjobs.ae', 'logis', '5f778fb1cfb1b57ddb58055cc46fa432', 'Logistics ', 'Recruit', '', '', '', '', '', '', '', '', '', '', '', '', '', '', 0, 14, 0, 0, '0000-00-00 00:00:00', '', '', '', '', '0000-00-00', 0.00, 0.00, '0000-00-00', '', 1, '', '', '', '', ''),
(59, 'logisrecruiter@logis.ae', 'logisrecruiter', '2756a1c4b826a9055e8b28a80f7df041', 'logis', 'Recruiter', 'logisrecruiter', '', '', '', '', '', '', '', '', '', '', '', '', '', 0, 26, 0, 0, '0000-00-00 00:00:00', '', '', '', '', '0000-00-00', 0.00, 0.00, '0000-00-00', '', 1, '', '', '', '', '');

-- --------------------------------------------------------

--
-- Table structure for table `pms_admin_user_groups`
--

CREATE TABLE `pms_admin_user_groups` (
  `user_grp_id` bigint NOT NULL,
  `user_grp_name` varchar(100) NOT NULL,
  `status` int NOT NULL DEFAULT '0'
) ENGINE=InnoDB DEFAULT CHARSET=latin1;

--
-- Dumping data for table `pms_admin_user_groups`
--

INSERT INTO `pms_admin_user_groups` (`user_grp_id`, `user_grp_name`, `status`) VALUES
(14, 'Super Admin', 1),
(18, 'Recruiter', 1),
(19, 'Business Development', 1),
(25, 'BDE-Data Processing', 1),
(26, 'Consultant - Manager', 1),
(27, 'Consultant - Source Candidates', 1),
(28, 'Consultant - Assessment', 1);

-- --------------------------------------------------------

--
-- Table structure for table `pms_admin_user_types`
--

CREATE TABLE `pms_admin_user_types` (
  `type_id` bigint NOT NULL,
  `type_name` varchar(100) NOT NULL,
  `ordering` int NOT NULL,
  `status` int NOT NULL
) ENGINE=InnoDB DEFAULT CHARSET=latin1;

--
-- Dumping data for table `pms_admin_user_types`
--

INSERT INTO `pms_admin_user_types` (`type_id`, `type_name`, `ordering`, `status`) VALUES
(1, 'Counselor', 0, 1),
(2, 'Agent', 0, 1);

-- --------------------------------------------------------

--
-- Table structure for table `pms_branch`
--

CREATE TABLE `pms_branch` (
  `branch_id` int NOT NULL,
  `branch_name` varchar(50) CHARACTER SET utf8mb3 COLLATE utf8mb3_unicode_ci NOT NULL,
  `status` int NOT NULL,
  `branch_code` varchar(10) CHARACTER SET utf8mb3 COLLATE utf8mb3_unicode_ci NOT NULL,
  `app_count` int NOT NULL
) ENGINE=MyISAM DEFAULT CHARSET=utf8mb3 COLLATE=utf8mb3_unicode_ci;

-- --------------------------------------------------------

--
-- Table structure for table `pms_business_type`
--

CREATE TABLE `pms_business_type` (
  `business_type_id` bigint NOT NULL,
  `business_type_name` varchar(100) NOT NULL,
  `business_type_desc` longtext NOT NULL
) ENGINE=InnoDB DEFAULT CHARSET=latin1;

--
-- Dumping data for table `pms_business_type`
--

INSERT INTO `pms_business_type` (`business_type_id`, `business_type_name`, `business_type_desc`) VALUES
(1, 'NA', ''),
(2, 'MNC', ''),
(3, '5 Star Hotel', ''),
(4, '4 Star Hotel', ''),
(5, '3 Star Hotel', ''),
(6, '2 Star Hotel', ''),
(7, '1 Star Hotel', ''),
(8, 'Heritage Hotel', ''),
(9, 'Resort', ''),
(10, 'Delux Resort', ''),
(11, 'Premium Resort', ''),
(12, 'Ayrvedic Resort', ''),
(13, 'Wellness Resort', ''),
(14, 'Home Stay', ''),
(15, 'Start Hotel', ''),
(16, 'Indian Company', ''),
(17, 'FMCG', ''),
(18, 'Multi Speciality', ''),
(19, 'Super Speciality', ''),
(20, 'NBFC', ''),
(21, 'Nationalized Bank', '');

-- --------------------------------------------------------

--
-- Table structure for table `pms_campus`
--

CREATE TABLE `pms_campus` (
  `campus_id` bigint NOT NULL,
  `campus_name` varchar(255) NOT NULL,
  `address` longtext NOT NULL,
  `univ_id` bigint NOT NULL
) ENGINE=InnoDB DEFAULT CHARSET=latin1;

-- --------------------------------------------------------

--
-- Table structure for table `pms_campus_courses`
--

CREATE TABLE `pms_campus_courses` (
  `campus_id` bigint NOT NULL,
  `course_id` bigint NOT NULL
) ENGINE=InnoDB DEFAULT CHARSET=utf8mb3 COLLATE=utf8mb3_unicode_ci;

-- --------------------------------------------------------

--
-- Table structure for table `pms_campus_courses_fees`
--

CREATE TABLE `pms_campus_courses_fees` (
  `campus_course_id` bigint NOT NULL,
  `campus_id` bigint NOT NULL,
  `course_id` bigint NOT NULL,
  `app_id` bigint NOT NULL,
  `total_semester` int NOT NULL,
  `fee_per_semester` float(10,2) NOT NULL,
  `annual_tution_fee` float(10,2) NOT NULL,
  `total_tution_fee` float(10,2) NOT NULL,
  `course_duration` int NOT NULL,
  `wkly_living_cost` float(10,2) NOT NULL,
  `wkly_hourly_rate` float(10,2) NOT NULL,
  `wkly_total_hrs` float(10,2) NOT NULL,
  `annual_living_cost` float(10,2) NOT NULL,
  `ielts_overall` float(2,1) NOT NULL,
  `ielts_r` float(2,1) NOT NULL,
  `ielts_w` float(2,1) NOT NULL,
  `ielts_l` float(2,1) NOT NULL,
  `ielts_s` float(2,1) NOT NULL,
  `pte_overall` float(2,1) NOT NULL,
  `pte_r` float(2,1) NOT NULL,
  `pte_w` float(2,1) NOT NULL,
  `pte_l` float(2,1) NOT NULL,
  `pte_s` float(2,1) NOT NULL,
  `tofel_overall` float(2,1) NOT NULL,
  `tofel_r` float(2,1) NOT NULL,
  `tofel_w` float(2,1) NOT NULL,
  `tofel_l` float(2,1) NOT NULL,
  `tofel_s` float(2,1) NOT NULL,
  `oet_overall` float(2,1) NOT NULL,
  `oet_r` float(2,1) NOT NULL,
  `oet_w` float(2,1) NOT NULL,
  `oet_l` float(2,1) NOT NULL,
  `oet_s` float(2,1) NOT NULL,
  `gre` float(2,1) NOT NULL,
  `gmat` float(2,1) NOT NULL,
  `sat` float(2,1) NOT NULL,
  `10th` float(2,1) NOT NULL,
  `12th` float(2,1) NOT NULL,
  `arrears` float(2,1) NOT NULL,
  `absense` float(2,1) NOT NULL,
  `repeat` float(2,1) NOT NULL,
  `year_back` float(2,1) NOT NULL,
  `total_percentage` float(2,1) NOT NULL,
  `grade` float(2,1) NOT NULL,
  `scholarship` bigint NOT NULL
) ENGINE=InnoDB DEFAULT CHARSET=latin1;

-- --------------------------------------------------------

--
-- Table structure for table `pms_candidate`
--

CREATE TABLE `pms_candidate` (
  `candidate_id` bigint NOT NULL,
  `username` varchar(50) NOT NULL,
  `password` varchar(50) NOT NULL,
  `first_name` varchar(50) NOT NULL,
  `last_name` varchar(50) NOT NULL,
  `reg_date` date NOT NULL,
  `alternate_email` varchar(100) NOT NULL,
  `title` varchar(5) NOT NULL,
  `gender` int NOT NULL DEFAULT '0',
  `marital_status` int NOT NULL DEFAULT '1',
  `marriage_date` date NOT NULL,
  `engaged_date` date NOT NULL,
  `date_of_birth` date NOT NULL,
  `age` int NOT NULL,
  `children` int NOT NULL,
  `lead_source` varchar(200) NOT NULL,
  `mobile_prefix` varchar(5) NOT NULL,
  `mobile` varchar(20) NOT NULL,
  `mobile_prefix1` varchar(100) NOT NULL,
  `mobile1` varchar(100) NOT NULL,
  `exp_years` int NOT NULL DEFAULT '0',
  `exp_months` int NOT NULL DEFAULT '0',
  `job_cat_id` bigint NOT NULL,
  `func_id` bigint NOT NULL,
  `nationality` bigint NOT NULL DEFAULT '0',
  `current_location` bigint NOT NULL DEFAULT '0',
  `passportno` varchar(50) NOT NULL,
  `passport_type` int NOT NULL COMMENT '1:ECR,2:ECNR',
  `issued_date` date NOT NULL,
  `expiry_date` date NOT NULL,
  `place_of_issue` varchar(200) NOT NULL,
  `passport_nationality` varchar(200) NOT NULL,
  `visa_type_id` bigint NOT NULL,
  `visa_nationality` bigint NOT NULL,
  `visa_start_date` date NOT NULL,
  `visa_end_date` date NOT NULL,
  `release_noc` varchar(255) NOT NULL,
  `religion_id` bigint NOT NULL,
  `cur_exp_years` int NOT NULL,
  `cur_exp_month` int NOT NULL,
  `city_id` bigint NOT NULL DEFAULT '0',
  `state` int NOT NULL,
  `keywords` varchar(200) NOT NULL,
  `ref_id` bigint NOT NULL,
  `skills` varchar(200) NOT NULL,
  `driving_license` varchar(100) NOT NULL,
  `driving_license_country` bigint NOT NULL,
  `photo` varchar(50) NOT NULL,
  `cv_file` varchar(100) NOT NULL,
  `client_cv_file` varchar(255) NOT NULL,
  `pt_code` varchar(100) NOT NULL,
  `added_by` bigint NOT NULL,
  `reg_status` int NOT NULL DEFAULT '0',
  `cur_job_status` bigint NOT NULL,
  `job_folder_id` bigint NOT NULL,
  `lead_opportunity` int NOT NULL,
  `fee_comments` varchar(255) NOT NULL,
  `fee_date` date NOT NULL,
  `fee_amount` float(10,2) NOT NULL,
  `device_type` int NOT NULL,
  `allow_mobile` int NOT NULL DEFAULT '0',
  `contact_id` bigint NOT NULL,
  `profile_completion` int NOT NULL,
  `rps_id` bigint NOT NULL,
  `referred_by` bigint NOT NULL,
  `facebook_url` varchar(255) NOT NULL,
  `linkedin_url` varchar(255) NOT NULL,
  `app_code` varchar(100) NOT NULL,
  `status_updated_on` date NOT NULL,
  `desig` varchar(255) NOT NULL,
  `industry` varchar(255) NOT NULL,
  `dept` varchar(255) NOT NULL
) ENGINE=InnoDB DEFAULT CHARSET=latin1;

--
-- Dumping data for table `pms_candidate`
--

INSERT INTO `pms_candidate` (`candidate_id`, `username`, `password`, `first_name`, `last_name`, `reg_date`, `alternate_email`, `title`, `gender`, `marital_status`, `marriage_date`, `engaged_date`, `date_of_birth`, `age`, `children`, `lead_source`, `mobile_prefix`, `mobile`, `mobile_prefix1`, `mobile1`, `exp_years`, `exp_months`, `job_cat_id`, `func_id`, `nationality`, `current_location`, `passportno`, `passport_type`, `issued_date`, `expiry_date`, `place_of_issue`, `passport_nationality`, `visa_type_id`, `visa_nationality`, `visa_start_date`, `visa_end_date`, `release_noc`, `religion_id`, `cur_exp_years`, `cur_exp_month`, `city_id`, `state`, `keywords`, `ref_id`, `skills`, `driving_license`, `driving_license_country`, `photo`, `cv_file`, `client_cv_file`, `pt_code`, `added_by`, `reg_status`, `cur_job_status`, `job_folder_id`, `lead_opportunity`, `fee_comments`, `fee_date`, `fee_amount`, `device_type`, `allow_mobile`, `contact_id`, `profile_completion`, `rps_id`, `referred_by`, `facebook_url`, `linkedin_url`, `app_code`, `status_updated_on`, `desig`, `industry`, `dept`) VALUES
(1, 'mcjoy@gmail.com', '1488c46a7b7812b3760f05ecc524110c', 'Joy M.C', '', '2023-05-05', 'mcjoyonline@gmail.com', '1', 1, 1, '0000-00-00', '0000-00-00', '1973-01-27', 50, 0, '2', '+971', '507148300', '+971', '508606100', 0, 0, 0, 0, 162, 0, '0', 0, '0000-00-00', '0000-00-00', '', '0', 13, 0, '0000-00-00', '0000-00-00', '0', 0, 0, 0, 6, 0, '', 0, 'Accounting Software', '1', 350, '97fc14b4507d9acf50af3b0074bc231d.jpg', '024cf98d96360e4a6d80d08ffd80e57c.doc', '', '', 0, 1, 1, 0, 1, '', '0000-00-00', 0.00, 0, 1, 0, 0, 0, 0, '', 'https://www.linkedin.com/in/joychackappan/', '', '2023-05-11', '', '', ''),
(2, 'mcjoyonline@gmail.com', '1488c46a7b7812b3760f05ecc524110c', 'joy', '', '2023-05-05', '', '1', 1, 0, '0000-00-00', '0000-00-00', '1970-01-01', 0, 0, '2', '+971', '501234567', '+971', '', 0, 0, 0, 0, 0, 0, '', 0, '0000-00-00', '0000-00-00', '', '', 0, 0, '0000-00-00', '0000-00-00', '0', 0, 0, 0, 0, 0, '', 0, '', '0', 0, '', '', '', '', 0, 1, 1, 2, 1, '', '0000-00-00', 0.00, 0, 1, 0, 0, 0, 0, '', '', '', '0000-00-00', '', '', ''),
(3, 'test12345@gmail.com', 'c06db68e819be6ec3d26c6038d8e8d1f', 'joy', '', '2023-05-06', '', '1', 1, 0, '0000-00-00', '0000-00-00', '2007-05-09', 15, 0, '2', '+971', '507148300', '+971', '', 0, 0, 0, 0, 162, 0, '', 0, '0000-00-00', '0000-00-00', '', '', 0, 0, '0000-00-00', '0000-00-00', '0', 0, 0, 0, 0, 0, '', 0, '', '0', 0, '', '', '', '', 0, 1, 1, 2, 1, '', '0000-00-00', 0.00, 0, 1, 0, 0, 0, 0, '', '', '', '0000-00-00', '', '', ''),
(4, 'joy3456@gmail.com', 'a6811cc41027415123946c44f1a2986d', 'joy3', '', '2023-05-06', '', '1', 1, 0, '0000-00-00', '0000-00-00', '2005-05-04', 18, 0, '2', '+971', '507148300', '+971', '', 0, 0, 0, 0, 315, 0, '', 0, '0000-00-00', '0000-00-00', '', '', 0, 0, '0000-00-00', '0000-00-00', '0', 0, 0, 0, 88, 0, '', 0, '', '0', 0, '', '', '', '', 0, 1, 1, 2, 1, '', '0000-00-00', 0.00, 0, 1, 0, 0, 0, 0, '', '', '', '2023-06-11', '', '', ''),
(5, 'CSPaundDayday', 'abd684343be623a3aea8052faee5791d', 'CSPaundDaydayPA', '', '2023-05-08', 'annet@sosbook.online', '1', 1, 0, '0000-00-00', '0000-00-00', '1980-11-12', 42, 0, '2', '+971', '56852921799', '+971', '82759585226', 0, 0, 0, 0, 313, 0, '', 0, '0000-00-00', '0000-00-00', '', '', 0, 0, '0000-00-00', '0000-00-00', '0', 0, 0, 0, 0, 0, '', 0, '', '0', 0, '', '', '', '', 0, 1, 1, 2, 1, '', '0000-00-00', 0.00, 0, 1, 0, 0, 0, 0, '', 'https://narkologsamara.online/', '', '0000-00-00', '', '', ''),
(6, 'boobalanbalaji@gmail.com', 'fbf86eff40d899086a64a5b8ca30715a', 'Poobalan Balaji', '', '2023-05-09', 'boobalanbalaji@gmail.com', '1', 1, 6, '0000-00-00', '0000-00-00', '1995-05-18', 28, 0, '2', '+971', '52967784609', '+91', '9677846093', 0, 0, 0, 0, 162, 0, '0', 0, '0000-00-00', '0000-00-00', '', '0', 15, 0, '0000-00-00', '0000-00-00', '0', 0, 0, 0, 90, 0, '', 0, '', '1', 162, '', '', '', '', 0, 1, 1, 0, 1, '', '0000-00-00', 0.00, 0, 1, 0, 0, 0, 0, '', 'poobalanbalaji', '', '2023-05-10', '', '', ''),
(7, 'santhoshswce@gmail.com', '25d55ad283aa400af464c76d713c07ad', 'Santhosh K', '', '2023-05-10', 'Santhoshswce@gmail.com', '1', 1, 0, '0000-00-00', '0000-00-00', '1990-12-01', 32, 0, '2', '+971', '996527914', '+971', '', 0, 0, 0, 0, 162, 0, '0', 0, '0000-00-00', '0000-00-00', '', '', 15, 0, '0000-00-00', '0000-00-00', '0', 0, 0, 0, 129, 0, '', 0, '', '1', 162, '', '', '', '', 0, 1, 1, 2, 1, '', '0000-00-00', 0.00, 0, 1, 0, 0, 0, 0, '', '', '', '0000-00-00', '', '', ''),
(8, 'boobalanbalaji18@gmail.com', 'fbf86eff40d899086a64a5b8ca30715a', 'poobalanbalaji', '', '2023-05-13', 'boobalanbalaji18@gmail.com', '1', 1, 0, '0000-00-00', '0000-00-00', '1995-05-18', 28, 0, '2', '+971', '967784609', '+91', '9677846093', 0, 0, 0, 0, 162, 0, '0', 0, '0000-00-00', '0000-00-00', '', '0', 15, 0, '0000-00-00', '0000-00-00', '0', 0, 0, 0, 90, 0, '', 0, '', '0', 0, '9d75f87994de2cafb653d97f3a9c3730.jpg', 'd55282e7e949f6b5e6065b943aed2fef.pdf', '', '', 0, 1, 1, 0, 1, '', '0000-00-00', 0.00, 0, 1, 0, 0, 0, 0, '', 'https://www.linkedin.com/feed/', '', '2023-05-18', '', '', ''),
(9, 'Beckhabek', '23fbb06b9664797cbec48b02f70b6fae', 'BeckhabekZY', '', '2023-05-16', 'krinzgov85@gmail.com', '1', 1, 0, '0000-00-00', '0000-00-00', '1975-12-12', 47, 0, '2', '+971', '58894689396', '+971', '89593483125', 0, 0, 0, 0, 169, 0, '', 0, '0000-00-00', '0000-00-00', '', '', 0, 0, '0000-00-00', '0000-00-00', '0', 0, 0, 0, 0, 0, '', 0, '', '0', 0, '', '', '', '', 0, 1, 1, 2, 1, '', '0000-00-00', 0.00, 0, 1, 0, 0, 0, 0, '', 'http://www.sporthappy.com.ua/Trenazheryi_dlya_ulitsyi', '', '2023-05-18', '', '', ''),
(10, 'Peteropully', 'c590d3b6d3d2c18407ae0f6e3b07926b', 'PeteropullyUN', '', '2023-05-23', 'o.legbryncalov@gmail.com', '1', 1, 0, '0000-00-00', '0000-00-00', '1977-11-11', 45, 0, '2', '+971', '54844623563', '+971', '89567748368', 0, 0, 0, 0, 351, 0, '', 0, '0000-00-00', '0000-00-00', '', '', 0, 0, '0000-00-00', '0000-00-00', '0', 0, 0, 0, 0, 0, '', 0, '', '0', 0, '', '', '', '', 0, 1, 5, 2, 1, '', '0000-00-00', 0.00, 0, 1, 0, 0, 0, 0, '', '', '', '0000-00-00', '', '', ''),
(11, 'Logeshmani@gmail.com', '81dc9bdb52d04dc20036dbd8313ed055', 'logesh', '', '2023-05-23', 'logeshmani811@gmail.com', '1', 1, 0, '0000-00-00', '0000-00-00', '1991-05-16', 32, 0, '2', '11536', '50999888421', '+971', '', 0, 0, 0, 0, 162, 0, '', 0, '0000-00-00', '0000-00-00', '', '', 0, 0, '0000-00-00', '0000-00-00', '0', 0, 0, 0, 0, 0, '', 0, '', '0', 0, '', '', '', '', 0, 1, 1, 2, 1, '', '0000-00-00', 0.00, 0, 1, 0, 0, 0, 0, '', '', '', '2023-06-11', '', '', ''),
(12, 'Ivaninpully', 'c590d3b6d3d2c18407ae0f6e3b07926b', 'IvaninpullyJS', '', '2023-05-27', 'ol.egbryncalov@gmail.com', '1', 1, 0, '0000-00-00', '0000-00-00', '1975-12-11', 47, 0, '2', '+971', '54835147929', '+971', '82917624424', 0, 0, 0, 0, 351, 0, '', 0, '0000-00-00', '0000-00-00', '', '', 0, 0, '0000-00-00', '0000-00-00', '0', 0, 0, 0, 0, 0, '', 0, '', '0', 0, '', '', '', '', 0, 1, 8, 2, 1, '', '0000-00-00', 0.00, 0, 1, 0, 0, 0, 0, '', '', '', '0000-00-00', '', '', ''),
(13, 'Azatled', '0d98d77bfe46f6474cfb72fe150ef4a6', 'AzatledPN', '', '2023-05-28', 'valentinellington@wwjmp.com', '1', 1, 0, '0000-00-00', '0000-00-00', '1977-10-12', 45, 0, '2', '+971', '55827791751', '+971', '87631193818', 0, 0, 0, 0, 350, 0, '', 0, '0000-00-00', '0000-00-00', '', '', 0, 0, '0000-00-00', '0000-00-00', '0', 0, 0, 0, 0, 0, '', 0, '', '0', 0, '', '', '', '', 0, 1, 5, 2, 1, '', '0000-00-00', 0.00, 0, 1, 0, 0, 0, 0, '', '<a href=https://www.binance.com/en/activity/referral-entry/CPA?fromActivityPage=true&ref=CPA_007YZN88KF>Many people are interested in earning on cryptocurrency.</a>', '', '0000-00-00', '', '', ''),
(14, 'wRqiedxhQoUYkp', 'e9d9d19232f653ef35729313509350fc', 'voVySKDLdtkc', '', '2023-06-04', 'dilyiquled@outlook.com', '3', 2, 0, '0000-00-00', '0000-00-00', '1970-01-01', 0, 0, '2', '76500', '563042145258', '6699183175', '2210528540', 0, 0, 0, 0, 361, 0, '', 0, '0000-00-00', '0000-00-00', '', '', 0, 0, '0000-00-00', '0000-00-00', '0', 0, 0, 0, 0, 0, '', 0, '', '0', 0, '', '', '', '', 0, 1, 8, 2, 1, '', '0000-00-00', 0.00, 0, 1, 0, 0, 0, 0, '', 'eRUofmkOIjzLS', '', '0000-00-00', '', '', ''),
(15, 'akhilbenny.7@gmail.com', 'e10adc3949ba59abbe56e057f20f883e', 'akhil', '', '2023-06-05', 'akhil.7@gmail.com', '1', 1, 1, '0000-00-00', '0000-00-00', '1993-02-01', 30, 0, '2', '+971', '50960599987', '+91', '8921879667', 0, 0, 0, 0, 162, 0, '0', 0, '0000-00-00', '0000-00-00', '', '', 15, 0, '0000-00-00', '0000-00-00', '0', 0, 0, 0, 93, 0, '', 0, 'grgrg', '1', 175, '', '', '', '', 0, 1, 1, 2, 1, 'teaswet', '0000-00-00', 0.00, 0, 1, 0, 0, 0, 0, '', 'fdgdfgdf/jyjytyty', '', '2023-06-11', '', '', ''),
(16, 'Alexanpully', 'c590d3b6d3d2c18407ae0f6e3b07926b', 'AlexanpullyUZ', '', '2023-06-07', 'oleg.bryncalov@gmail.com', '1', 1, 0, '0000-00-00', '0000-00-00', '1975-11-12', 47, 0, '2', '+971', '54831165675', '+971', '87681922289', 0, 0, 0, 0, 179, 0, '', 0, '0000-00-00', '0000-00-00', '', '', 0, 0, '0000-00-00', '0000-00-00', '0', 0, 0, 0, 0, 0, '', 0, '', '0', 0, '', '', '', '', 0, 1, 5, 2, 1, '', '0000-00-00', 0.00, 0, 1, 0, 0, 0, 0, '', '', '', '0000-00-00', '', '', '');

-- --------------------------------------------------------

--
-- Table structure for table `pms_candidate_address`
--

CREATE TABLE `pms_candidate_address` (
  `address_id` bigint NOT NULL,
  `candidate_id` bigint NOT NULL,
  `location_id` bigint NOT NULL,
  `address` longtext NOT NULL,
  `mobile_prefix` varchar(20) NOT NULL,
  `mobile` varchar(20) NOT NULL,
  `land_prefix` varchar(20) NOT NULL,
  `land_phone` varchar(20) NOT NULL,
  `work_prefix` varchar(20) NOT NULL,
  `workphone` varchar(20) NOT NULL,
  `fax_prefix` varchar(20) NOT NULL,
  `fax` varchar(20) NOT NULL,
  `zipcode` varchar(20) NOT NULL
) ENGINE=InnoDB DEFAULT CHARSET=latin1;

-- --------------------------------------------------------

--
-- Table structure for table `pms_candidate_applications`
--

CREATE TABLE `pms_candidate_applications` (
  `app_id` bigint NOT NULL,
  `app_created` date NOT NULL,
  `created_by` bigint NOT NULL,
  `candidate_id` bigint NOT NULL,
  `campus_id` bigint NOT NULL,
  `course_id` bigint NOT NULL,
  `candidate_course_id` bigint NOT NULL,
  `app_details` text NOT NULL,
  `intake_id` bigint NOT NULL,
  `process_status_id` bigint NOT NULL,
  `country_id` bigint NOT NULL,
  `coe_title` varchar(255) NOT NULL,
  `student_id` varchar(100) NOT NULL,
  `course_code` varchar(100) NOT NULL,
  `total_semester` int NOT NULL,
  `fee_per_semester` float(10,2) NOT NULL,
  `annual_tution_fee` varchar(100) NOT NULL,
  `total_tution_fee` float(10,2) NOT NULL,
  `course_duration` varchar(100) NOT NULL,
  `course_commencement` varchar(255) NOT NULL,
  `orientation_date` date NOT NULL,
  `start_date` date NOT NULL,
  `end_date` date NOT NULL,
  `course_details` longtext NOT NULL,
  `app_status` int NOT NULL DEFAULT '0'
) ENGINE=InnoDB DEFAULT CHARSET=latin1;

-- --------------------------------------------------------

--
-- Table structure for table `pms_candidate_certification`
--

CREATE TABLE `pms_candidate_certification` (
  `cert_id` bigint NOT NULL,
  `cert_name` varchar(255) NOT NULL,
  `cert_authority` varchar(255) NOT NULL,
  `year_completed` date NOT NULL,
  `duration` int NOT NULL,
  `marks_percent` float(2,2) NOT NULL,
  `marks_grade` varchar(100) NOT NULL,
  `country_id` bigint NOT NULL,
  `link_to_cert` varchar(255) NOT NULL
) ENGINE=InnoDB DEFAULT CHARSET=latin1;

-- --------------------------------------------------------

--
-- Table structure for table `pms_candidate_contract`
--

CREATE TABLE `pms_candidate_contract` (
  `contract_id` bigint NOT NULL,
  `company_name` varchar(255) NOT NULL,
  `candidate_id` bigint NOT NULL,
  `start_date` date NOT NULL,
  `end_date` date NOT NULL,
  `cur_ctc` float(10,2) NOT NULL,
  `expct_ctc` float(10,2) NOT NULL,
  `notice_period` float(10,2) NOT NULL,
  `total_months` int NOT NULL,
  `total_exp` int NOT NULL,
  `contract_created` date NOT NULL,
  `present_status` int NOT NULL
) ENGINE=MyISAM DEFAULT CHARSET=latin1;

-- --------------------------------------------------------

--
-- Table structure for table `pms_candidate_cvfile`
--

CREATE TABLE `pms_candidate_cvfile` (
  `cvfile_id` int NOT NULL,
  `candidate_id` int NOT NULL,
  `cv_file` longtext NOT NULL,
  `cv_category_id` bigint NOT NULL
) ENGINE=InnoDB DEFAULT CHARSET=latin1;

-- --------------------------------------------------------

--
-- Table structure for table `pms_candidate_cv_category`
--

CREATE TABLE `pms_candidate_cv_category` (
  `cv_category_id` bigint NOT NULL,
  `cv_category_name` varchar(255) NOT NULL
) ENGINE=InnoDB DEFAULT CHARSET=latin1;

--
-- Dumping data for table `pms_candidate_cv_category`
--

INSERT INTO `pms_candidate_cv_category` (`cv_category_id`, `cv_category_name`) VALUES
(1, 'Personal'),
(2, 'Address'),
(3, 'Education'),
(4, 'Professional History'),
(5, 'Language Skills'),
(6, 'Tech. Skills'),
(7, 'Certification'),
(8, 'Industry Experience [Projects]'),
(9, 'Sports'),
(10, 'Social');

-- --------------------------------------------------------

--
-- Table structure for table `pms_candidate_designation`
--

CREATE TABLE `pms_candidate_designation` (
  `desig_id` int NOT NULL,
  `candidate_id` bigint NOT NULL,
  `func_id` bigint NOT NULL
) ENGINE=InnoDB DEFAULT CHARSET=latin1;

-- --------------------------------------------------------

--
-- Table structure for table `pms_candidate_domain`
--

CREATE TABLE `pms_candidate_domain` (
  `domain_id` int NOT NULL,
  `domain_name` varchar(250) NOT NULL,
  `active` int NOT NULL
) ENGINE=InnoDB DEFAULT CHARSET=latin1;

--
-- Dumping data for table `pms_candidate_domain`
--

INSERT INTO `pms_candidate_domain` (`domain_id`, `domain_name`, `active`) VALUES
(1, 'Systems architecture', 1),
(2, 'Database design and development', 1),
(3, 'Networking', 1),
(4, 'Application development', 1),
(5, 'Testing', 1),
(6, 'Documentation', 1),
(7, 'Maintenance and hosting', 1),
(8, 'Operational support', 1),
(9, 'Security services', 1),
(10, 'Customer Support', 1),
(11, 'New Domain', 1),
(12, 'Construction', 1);

-- --------------------------------------------------------

--
-- Table structure for table `pms_candidate_education`
--

CREATE TABLE `pms_candidate_education` (
  `eucation_id` bigint NOT NULL,
  `candidate_id` bigint NOT NULL,
  `level_id` bigint NOT NULL,
  `course_id` bigint NOT NULL,
  `spcl_id` bigint NOT NULL,
  `univ_id` bigint NOT NULL,
  `univ_name` varchar(255) NOT NULL,
  `college_id` bigint DEFAULT NULL,
  `edu_year` int NOT NULL,
  `edu_country` bigint NOT NULL,
  `course_type_id` bigint NOT NULL,
  `arrears` varchar(100) NOT NULL,
  `absesnse` varchar(100) NOT NULL,
  `repeat` varchar(100) NOT NULL,
  `year_back` varchar(100) NOT NULL,
  `mark_percentage` varchar(100) NOT NULL,
  `grade` varchar(255) NOT NULL
) ENGINE=InnoDB DEFAULT CHARSET=latin1;

--
-- Dumping data for table `pms_candidate_education`
--

INSERT INTO `pms_candidate_education` (`eucation_id`, `candidate_id`, `level_id`, `course_id`, `spcl_id`, `univ_id`, `univ_name`, `college_id`, `edu_year`, `edu_country`, `course_type_id`, `arrears`, `absesnse`, `repeat`, `year_back`, `mark_percentage`, `grade`) VALUES
(1, 3, 20, 1427, 43, 0, '', 0, 0, 0, 0, '0', '0', '0', '0', '0', '0'),
(2, 1, 21, 1440, 97, 0, 'Bharathiyar University', 0, 1999, 162, 11, '0', '0', '0', '0', '0', '0'),
(4, 1, 21, 1439, 44, 0, 'Mahatma Gandhi University ', 0, 1997, 162, 11, '0', '0', '0', '0', '0', '0'),
(5, 8, 20, 1434, 75, 0, 'anna university', 0, 2014, 162, 11, '0', '0', '0', '0', '0', '0'),
(6, 15, 20, 1422, 43, 0, 'test', 0, 2012, 175, 13, '0', '0', '0', '0', '0', '0'),
(7, 15, 20, 1430, 49, 0, 'test', NULL, 2017, 376, 11, '0', '0', '0', '0', '0', '0'),
(8, 15, 20, 1427, 43, 0, 'test', NULL, 2011, 177, 11, '0', '0', '0', '0', '0', '0');

-- --------------------------------------------------------

--
-- Table structure for table `pms_candidate_files`
--

CREATE TABLE `pms_candidate_files` (
  `file_id` int NOT NULL,
  `file_name` varchar(100) NOT NULL,
  `file_type` varchar(100) NOT NULL,
  `file_size` varchar(255) NOT NULL,
  `search_keywords` longtext NOT NULL,
  `actual_text` longtext NOT NULL,
  `text_by_line` longtext NOT NULL,
  `text_by_array` longtext NOT NULL,
  `candidate_id` int NOT NULL,
  `status` int NOT NULL,
  `upload_date` date NOT NULL
) ENGINE=InnoDB DEFAULT CHARSET=latin1;

--
-- Dumping data for table `pms_candidate_files`
--

INSERT INTO `pms_candidate_files` (`file_id`, `file_name`, `file_type`, `file_size`, `search_keywords`, `actual_text`, `text_by_line`, `text_by_array`, `candidate_id`, `status`, `upload_date`) VALUES
(1, '97fc14b4507d9acf50af3b0074bc231d.jpg', '97fc14b4507d9acf50af3b0074bc231d.jpg', '', '', '', '', '', 1, 0, '0000-00-00'),
(2, '024cf98d96360e4a6d80d08ffd80e57c.doc', '024cf98d96360e4a6d80d08ffd80e57c.doc', '', '', '', '', '', 1, 0, '0000-00-00'),
(3, 'd55282e7e949f6b5e6065b943aed2fef.pdf', 'd55282e7e949f6b5e6065b943aed2fef.pdf', '', '', '', '', '', 8, 0, '2023-05-13'),
(4, '9d75f87994de2cafb653d97f3a9c3730.jpg', '9d75f87994de2cafb653d97f3a9c3730.jpg', '', '', '', '', '', 8, 0, '0000-00-00');

-- --------------------------------------------------------

--
-- Table structure for table `pms_candidate_followup`
--

CREATE TABLE `pms_candidate_followup` (
  `candidate_follow_id` int NOT NULL,
  `status_id` bigint NOT NULL,
  `app_id` bigint NOT NULL,
  `candidate_id` bigint NOT NULL,
  `admin_id` bigint NOT NULL,
  `title` varchar(100) NOT NULL,
  `description` text NOT NULL,
  `flp_date` date NOT NULL,
  `flp_date_reminder` date NOT NULL,
  `flp_time_reminder` varchar(100) NOT NULL,
  `assigned_to` bigint NOT NULL
) ENGINE=InnoDB DEFAULT CHARSET=latin1;

-- --------------------------------------------------------

--
-- Table structure for table `pms_candidate_interviews`
--

CREATE TABLE `pms_candidate_interviews` (
  `interview_id` bigint NOT NULL,
  `candidate_id` bigint NOT NULL,
  `interview_date` timestamp NOT NULL DEFAULT '0000-00-00 00:00:00' ON UPDATE CURRENT_TIMESTAMP,
  `title` varchar(200) NOT NULL,
  `description` longtext NOT NULL,
  `duration` varchar(20) NOT NULL,
  `interview_time` varchar(20) NOT NULL,
  `interview_type_id` bigint NOT NULL,
  `int_status_id` bigint NOT NULL,
  `int_status` int NOT NULL,
  `location` longtext NOT NULL
) ENGINE=InnoDB DEFAULT CHARSET=latin1;

-- --------------------------------------------------------

--
-- Table structure for table `pms_candidate_interview_status`
--

CREATE TABLE `pms_candidate_interview_status` (
  `int_status_id` bigint NOT NULL,
  `int_status_name` varchar(100) NOT NULL
) ENGINE=InnoDB DEFAULT CHARSET=latin1;

--
-- Dumping data for table `pms_candidate_interview_status`
--

INSERT INTO `pms_candidate_interview_status` (`int_status_id`, `int_status_name`) VALUES
(1, 'Screening'),
(2, 'Telephonic Interview'),
(3, 'Selected'),
(4, 'Scheduled an interview'),
(5, 'On Hold'),
(6, 'HR Interview');

-- --------------------------------------------------------

--
-- Table structure for table `pms_candidate_interview_types`
--

CREATE TABLE `pms_candidate_interview_types` (
  `interview_type_id` bigint NOT NULL,
  `interview_type` varchar(100) NOT NULL
) ENGINE=InnoDB DEFAULT CHARSET=latin1;

--
-- Dumping data for table `pms_candidate_interview_types`
--

INSERT INTO `pms_candidate_interview_types` (`interview_type_id`, `interview_type`) VALUES
(1, 'Telephonic'),
(2, 'HR'),
(3, 'Face to Face'),
(4, 'Technical');

-- --------------------------------------------------------

--
-- Table structure for table `pms_candidate_job_profile`
--

CREATE TABLE `pms_candidate_job_profile` (
  `job_profile_id` bigint NOT NULL,
  `candidate_id` bigint NOT NULL,
  `company_id` bigint NOT NULL,
  `organization` varchar(200) NOT NULL,
  `city_id` bigint NOT NULL,
  `designation` varchar(200) NOT NULL,
  `org_id` bigint NOT NULL,
  `desig_id` bigint NOT NULL,
  `job_ind_id` bigint NOT NULL,
  `job_cat_id` bigint NOT NULL,
  `func_id` bigint NOT NULL,
  `responsibility` longtext NOT NULL,
  `from_date` date NOT NULL,
  `to_date` date NOT NULL,
  `monthly_salary` float(8,2) NOT NULL,
  `currency_id` bigint NOT NULL,
  `present_job` int NOT NULL DEFAULT '0',
  `total_experience` float(3,2) NOT NULL
) ENGINE=InnoDB DEFAULT CHARSET=latin1;

--
-- Dumping data for table `pms_candidate_job_profile`
--

INSERT INTO `pms_candidate_job_profile` (`job_profile_id`, `candidate_id`, `company_id`, `organization`, `city_id`, `designation`, `org_id`, `desig_id`, `job_ind_id`, `job_cat_id`, `func_id`, `responsibility`, `from_date`, `to_date`, `monthly_salary`, `currency_id`, `present_job`, `total_experience`) VALUES
(2, 2, 0, '', 0, '', 0, 0, 0, 0, 0, '', '0000-00-00', '0000-00-00', 0.00, 0, 0, 0.00),
(3, 3, 0, '', 0, '', 0, 0, 0, 133, 0, '', '0000-00-00', '0000-00-00', 0.00, 0, 0, 9.99),
(4, 4, 0, 'asdgasdg', 0, '', 0, 0, 0, 68, 0, '', '0000-00-00', '0000-00-00', 0.00, 0, 0, 9.99),
(5, 1, 0, 'Seekers Consultancy ', 0, 'Director ', 0, 0, 0, 108, 0, '<p>\n	<span style=\"font-size:16px;\">Duties and Responsibilities:-</span></p>\n<p>\n	<span style=\"font-size:16px;\">&bull; Lead a team of consultants associated with various clients and corporates.</span></p>\n<p>\n	<span style=\"font-size:16px;\">&bull; Evaluate the requirements of HR, Management &amp; Business Consulting related functionalities of the clients and decide the plan of action to empower the team in support to achieve their goals.</span></p>\n<p>\n	Duties and Responsibilities:-</p>\n<p>\n	&bull; Complete handling of books of accounts up to finalization.</p>\n<p>\n	&bull; Bank, global suppliers&rsquo; accounts and debtors ledger reconciliation.</p>\n<p>\n	&bull; Management of sundry debtors and creditors and preparation of periodical credit reports &amp; Management of Cash.</p>\n<p>\n	&bull; Preparation and analysis of financial statements &ndash; budgets, cash flow and fund flow and business plans.</p>\n<p>\n	&bull; Liaison with banks and other financial institutions.</p>\n<p>\n	&bull; Analyzing the cost aspect of the contracts in consideration of the types of costs in order to bring the same to its minimal.</p>\n', '2006-05-31', '0000-00-00', 0.00, 0, 1, 0.00),
(6, 5, 0, 'CSPaundDayday', 0, '', 0, 0, 0, 132, 0, '', '0000-00-00', '0000-00-00', 0.00, 0, 0, 0.00),
(7, 5, 0, 'CSPaundDayday', 0, '', 0, 47, 0, 132, 52, 'Hi, https://company-vikom.ru/ Rules for playing video poker', '0000-00-00', '1976-12-11', 0.00, 0, 0, 0.00),
(8, 6, 0, 'consolidated', 0, '', 0, 61, 0, 88, 41, '', '0000-00-00', '0000-00-00', 0.00, 0, 0, 9.00),
(9, 7, 0, 'ABC SOFT TECH', 0, '', 0, 61, 0, 88, 41, '', '0000-00-00', '0000-00-00', 0.00, 0, 0, 9.99),
(10, 7, 0, 'ABC SOFT TECH', 0, 'Business Development Manager', 0, 7, 0, 88, 10, '', '2019-05-01', '2023-05-10', 0.00, 0, 1, 0.00),
(11, 1, 0, 'Image General Trading', 0, 'Accounts and Logsitics Executive ', 0, 47, 0, 132, 0, '<p>\n	Duties and Responsibilities:-</p>\n<p>\n	&bull; Complete handling of books of accounts up to finalization.</p>\n<p>\n	&bull; Bank, global suppliers&rsquo; accounts and debtors ledger reconciliation.</p>\n<p>\n	&bull; Management of sundry debtors and creditors and preparation of periodical credit reports &amp; Management of Cash.</p>\n<p>\n	&bull; Preparation and analysis of financial statements &ndash; budgets, cash flow and fund flow and business plans.</p>\n<p>\n	&bull; Liaison with banks and other financial institutions.</p>\n<p>\n	&bull; Analyzing the cost aspect of the contracts in consideration of the types of costs in order to bring the same to its minimal.</p>\n<p>\n	Duties and Responsibilities:-</p>\n<p>\n	&bull; Complete handling of books of accounts up to finalization.</p>\n<p>\n	&bull; Bank, global suppliers&rsquo; accounts and debtors ledger reconciliation.</p>\n<p>\n	&bull; Management of sundry debtors and creditors and preparation of periodical credit reports &amp; Management of Cash.</p>\n<p>\n	&bull; Preparation and analysis of financial statements &ndash; budgets, cash flow and fund flow and business plans.</p>\n<p>\n	&bull; Liaison with banks and other financial institutions.</p>\n<p>\n	&bull; Analyzing the cost aspect of the contracts in consideration of the types of costs in order to bring the same to its minimal.</p>\n<p>\n	&nbsp;</p>\n', '1999-11-01', '2000-05-02', 0.00, 0, 0, 0.00),
(12, 1, 0, 'Safeen Trading ', 0, 'Regional Accounts Manager ', 0, 24, 0, 132, 2, '<div>\n	<span style=\"font-size:14px;\">Duties and Responsibilities:-</span></div>\n<div>\n	<span style=\"font-size:14px;\">&bull; Responsible for all financial and accounting aspects of company&rsquo;s branches in UAE, Bahrain and KSA and ensure the procedures and financial controls are aligned to the needs of the company.</span></div>\n', '2020-05-03', '2004-07-07', 0.00, 0, 0, 0.00),
(13, 1, 0, 'Boyden Middle East ', 0, 'Finance Manager', 0, 64, 0, 108, 0, '<div>\n	Duties and Responsibilities: -</div>\n<div>\n	&bull; Responsible for all financial and personnel aspects of the company.</div>\n<div>\n	&bull; Looking after the personal data, visa and work permit processing and supervision of month/year end accounting, audit etc, and generation of various financial analytical reports.</div>\n<div>\n	&bull; Develop, implement &amp; maintain an efficient internal control environment, financial policies, and procedures.</div>\n<div>\n	<p>\n		Duties and Responsibilities:-</p>\n	<p>\n		&bull; Complete handling of books of accounts up to finalization.</p>\n	<p>\n		&bull; Bank, global suppliers&rsquo; accounts and debtors ledger reconciliation.</p>\n	<p>\n		&bull; Management of sundry debtors and creditors and preparation of periodical credit reports &amp; Management of Cash.</p>\n	<p>\n		&bull; Preparation and analysis of financial statements &ndash; budgets, cash flow and fund flow and business plans.</p>\n	<p>\n		&bull; Liaison with banks and other financial institutions.</p>\n	<p>\n		&bull; Analyzing the cost aspect of the contracts in consideration of the types of costs in order to bring the same to its minimal.</p>\n</div>\n<p>\n	&nbsp;</p>\n', '2004-08-04', '2006-03-01', 0.00, 0, 0, 0.00),
(16, 8, 0, 'cloudwan technoligies', 0, 'network executive', 0, 68, 0, 88, 63, '', '2015-05-27', '2016-07-11', 0.00, 0, 0, 0.00),
(17, 8, 0, 'oneempower', 0, 'Desktop support', 0, 68, 0, 88, 27, '', '2016-08-01', '2017-11-30', 0.00, 0, 0, 0.00),
(18, 8, 0, 'Champ info soft', 0, 'Desktop support', 0, 66, 0, 88, 27, '', '2017-12-05', '2018-03-28', 0.00, 0, 0, 0.00),
(19, 8, 0, 'Study world engg college', 0, 'system admin', 0, 220, 0, 88, 63, '', '2018-04-02', '2018-11-10', 0.00, 0, 0, 0.00),
(20, 8, 0, 'qbss health care', 0, 'senior system admin', 0, 9, 0, 88, 10, '', '2018-12-10', '2022-03-08', 0.00, 0, 0, 0.00),
(21, 9, 0, 'Beckhabek', 0, '', 0, 0, 0, 82, 0, '', '0000-00-00', '0000-00-00', 0.00, 0, 0, 0.00),
(22, 9, 0, 'Beckhabek', 0, '', 0, 213, 0, 82, 63, '<p>\n	good</p>\n', '0000-00-00', '1976-12-12', 0.00, 0, 0, 0.00),
(23, 10, 0, 'Peteropully', 0, '', 0, 0, 0, 132, 0, '', '0000-00-00', '0000-00-00', 0.00, 0, 0, 0.00),
(24, 10, 0, 'Peteropully', 0, '', 0, 47, 0, 132, 52, 'Hello.', '0000-00-00', '1980-10-10', 0.00, 0, 0, 0.00),
(25, 11, 0, 'SSID co', 0, '', 0, 100, 0, 134, 0, '', '0000-00-00', '0000-00-00', 0.00, 0, 0, 0.00),
(26, 1, 0, 'adsasdf', 0, 'adgasdg', 0, 0, 0, 0, 0, '<p style=\"box-sizing: border-box; margin: 0px 0px 10px; color: rgb(51, 51, 51); font-family: &quot;Helvetica Neue&quot;, Helvetica, Arial, sans-serif; font-size: 14px;\">\n	<span style=\"box-sizing: border-box; font-size: 16px;\">Duties and Responsibilities:-</span></p>\n<p style=\"box-sizing: border-box; margin: 0px 0px 10px; color: rgb(51, 51, 51); font-family: &quot;Helvetica Neue&quot;, Helvetica, Arial, sans-serif; font-size: 14px;\">\n	<span style=\"box-sizing: border-box; font-size: 16px;\">&bull; Lead a team of consultants associated with various clients and corporates.</span></p>\n<p style=\"box-sizing: border-box; margin: 0px 0px 10px; color: rgb(51, 51, 51); font-family: &quot;Helvetica Neue&quot;, Helvetica, Arial, sans-serif; font-size: 14px;\">\n	<span style=\"box-sizing: border-box; font-size: 16px;\">&bull; Evaluate the requirements of HR, Management &amp; Business Consulting related functionalities of the clients and decide the plan of action to empower the team in support to achieve their goals.</span></p>\n<p style=\"box-sizing: border-box; margin: 0px 0px 10px; color: rgb(51, 51, 51); font-family: &quot;Helvetica Neue&quot;, Helvetica, Arial, sans-serif; font-size: 14px;\">\n	Duties and Responsibilities:-</p>\n<p style=\"box-sizing: border-box; margin: 0px 0px 10px; color: rgb(51, 51, 51); font-family: &quot;Helvetica Neue&quot;, Helvetica, Arial, sans-serif; font-size: 14px;\">\n	&bull; Complete handling of books of accounts up to finalization.</p>\n<p style=\"box-sizing: border-box; margin: 0px 0px 10px; color: rgb(51, 51, 51); font-family: &quot;Helvetica Neue&quot;, Helvetica, Arial, sans-serif; font-size: 14px;\">\n	&bull; Bank, global suppliers&rsquo; accounts and debtors ledger reconciliation.</p>\n<p style=\"box-sizing: border-box; margin: 0px 0px 10px; color: rgb(51, 51, 51); font-family: &quot;Helvetica Neue&quot;, Helvetica, Arial, sans-serif; font-size: 14px;\">\n	&bull; Management of sundry debtors and creditors and preparation of periodical credit reports &amp; Management of Cash.</p>\n<p style=\"box-sizing: border-box; margin: 0px 0px 10px; color: rgb(51, 51, 51); font-family: &quot;Helvetica Neue&quot;, Helvetica, Arial, sans-serif; font-size: 14px;\">\n	&bull; Preparation and analysis of financial statements &ndash; budgets, cash flow and fund flow and business plans.</p>\n<p style=\"box-sizing: border-box; margin: 0px 0px 10px; color: rgb(51, 51, 51); font-family: &quot;Helvetica Neue&quot;, Helvetica, Arial, sans-serif; font-size: 14px;\">\n	&bull; Liaison with banks and other financial institutions.</p>\n<p style=\"box-sizing: border-box; margin: 0px 0px 10px; color: rgb(51, 51, 51); font-family: &quot;Helvetica Neue&quot;, Helvetica, Arial, sans-serif; font-size: 14px;\">\n	&bull; Analyzing the cost aspect of the contracts in consideration of the types of costs in order to bring the same to its minimal.</p>\n', '2023-05-10', '2023-05-05', 0.00, 0, 0, 0.00),
(27, 12, 0, 'Ivaninpully', 0, '', 0, 0, 0, 132, 0, '', '0000-00-00', '0000-00-00', 0.00, 0, 0, 0.00),
(28, 12, 0, 'Ivaninpully', 0, '', 0, 47, 0, 132, 52, 'Hello.', '0000-00-00', '1975-11-12', 0.00, 0, 0, 0.00),
(29, 13, 0, 'Azatled', 0, '', 0, 0, 0, 132, 0, '', '0000-00-00', '0000-00-00', 0.00, 0, 0, 0.00),
(30, 13, 0, 'Azatled', 0, '', 0, 47, 0, 132, 52, '<a href=https://accounts.binance.com/en/register?ref=25293193>make money online now legit meaning in tagalog \n \n		[url=https://accounts.binance.com/en/register?ref=25293193]More info!..[/url]</a>', '0000-00-00', '1978-10-10', 0.00, 0, 0, 0.00),
(31, 14, 0, 'LBqZerURkxyjC', 0, '', 0, 0, 0, 119, 0, '', '0000-00-00', '0000-00-00', 0.00, 0, 0, 0.00),
(32, 15, 0, 'abc', 0, 'test', 0, 68, 0, 134, 0, '<p>\n	test</p>\n', '2013-06-03', '2023-06-05', 0.00, 0, 0, 0.00),
(33, 16, 0, 'Alexanpully', 0, '', 0, 0, 0, 132, 0, '', '0000-00-00', '0000-00-00', 0.00, 0, 0, 0.00),
(34, 16, 0, 'Alexanpully', 0, '', 0, 47, 0, 132, 52, 'Hello.', '0000-00-00', '1978-11-12', 0.00, 0, 0, 0.00),
(35, 15, 0, 'test', 0, 'test', 0, 100, 0, 134, 0, '<p>\n	wewe</p>\n<p>\n	uktyjkt</p>\n<p>\n	rthrth</p>\n<p>\n	rthrth</p>\n', '2023-06-10', '2023-06-11', 0.00, 0, 0, 0.00);

-- --------------------------------------------------------

--
-- Table structure for table `pms_candidate_job_search`
--

CREATE TABLE `pms_candidate_job_search` (
  `id` bigint NOT NULL,
  `candidate_id` int NOT NULL,
  `job_date` date NOT NULL,
  `current_ctc` varchar(250) CHARACTER SET utf8mb3 COLLATE utf8mb3_unicode_ci NOT NULL,
  `expected_ctc` varchar(250) CHARACTER SET utf8mb3 COLLATE utf8mb3_unicode_ci NOT NULL,
  `notice_period` varchar(250) CHARACTER SET utf8mb3 COLLATE utf8mb3_unicode_ci NOT NULL,
  `total_experience` varchar(250) CHARACTER SET utf8mb3 COLLATE utf8mb3_unicode_ci NOT NULL,
  `gcc_experience` int NOT NULL,
  `immediate_join` int NOT NULL,
  `preferred_location` varchar(255) CHARACTER SET utf8mb3 COLLATE utf8mb3_unicode_ci NOT NULL,
  `present_location` varchar(255) CHARACTER SET utf8mb3 COLLATE utf8mb3_unicode_ci NOT NULL,
  `reason_to_leave` varchar(255) CHARACTER SET utf8mb3 COLLATE utf8mb3_unicode_ci NOT NULL,
  `feedback_date` date NOT NULL,
  `feedback_general` longtext CHARACTER SET utf8mb3 COLLATE utf8mb3_unicode_ci NOT NULL,
  `feedback_language` longtext CHARACTER SET utf8mb3 COLLATE utf8mb3_unicode_ci NOT NULL,
  `feedback_education` longtext CHARACTER SET utf8mb3 COLLATE utf8mb3_unicode_ci NOT NULL,
  `feedback_salary` longtext CHARACTER SET utf8mb3 COLLATE utf8mb3_unicode_ci NOT NULL,
  `feedback_skills` longtext CHARACTER SET utf8mb3 COLLATE utf8mb3_unicode_ci NOT NULL,
  `feedback_domain` longtext CHARACTER SET utf8mb3 COLLATE utf8mb3_unicode_ci NOT NULL,
  `feedback_industry` longtext CHARACTER SET utf8mb3 COLLATE utf8mb3_unicode_ci NOT NULL,
  `feedback_projects` longtext CHARACTER SET utf8mb3 COLLATE utf8mb3_unicode_ci NOT NULL,
  `feedback_social` longtext CHARACTER SET utf8mb3 COLLATE utf8mb3_unicode_ci NOT NULL,
  `feedback_concepts` longtext CHARACTER SET utf8mb3 COLLATE utf8mb3_unicode_ci NOT NULL,
  `feedback_activities` longtext CHARACTER SET utf8mb3 COLLATE utf8mb3_unicode_ci NOT NULL,
  `feedback_vision` longtext CHARACTER SET utf8mb3 COLLATE utf8mb3_unicode_ci NOT NULL,
  `feedback_job_change` longtext CHARACTER SET utf8mb3 COLLATE utf8mb3_unicode_ci NOT NULL,
  `feedback_attitude` longtext CHARACTER SET utf8mb3 COLLATE utf8mb3_unicode_ci NOT NULL,
  `feedback_personality` longtext CHARACTER SET utf8mb3 COLLATE utf8mb3_unicode_ci NOT NULL,
  `feedback_interaction` longtext CHARACTER SET utf8mb3 COLLATE utf8mb3_unicode_ci NOT NULL,
  `feedback_team_work` longtext CHARACTER SET utf8mb3 COLLATE utf8mb3_unicode_ci NOT NULL,
  `feedback_corporate_exposure` longtext CHARACTER SET utf8mb3 COLLATE utf8mb3_unicode_ci NOT NULL,
  `admin_id` bigint NOT NULL,
  `update_date` date NOT NULL,
  `ctc_updated_on` date NOT NULL,
  `salary_id_ctc` bigint NOT NULL,
  `salary_id_ectc` bigint NOT NULL
) ENGINE=MyISAM DEFAULT CHARSET=utf8mb3 COLLATE=utf8mb3_unicode_ci;

--
-- Dumping data for table `pms_candidate_job_search`
--

INSERT INTO `pms_candidate_job_search` (`id`, `candidate_id`, `job_date`, `current_ctc`, `expected_ctc`, `notice_period`, `total_experience`, `gcc_experience`, `immediate_join`, `preferred_location`, `present_location`, `reason_to_leave`, `feedback_date`, `feedback_general`, `feedback_language`, `feedback_education`, `feedback_salary`, `feedback_skills`, `feedback_domain`, `feedback_industry`, `feedback_projects`, `feedback_social`, `feedback_concepts`, `feedback_activities`, `feedback_vision`, `feedback_job_change`, `feedback_attitude`, `feedback_personality`, `feedback_interaction`, `feedback_team_work`, `feedback_corporate_exposure`, `admin_id`, `update_date`, `ctc_updated_on`, `salary_id_ctc`, `salary_id_ectc`) VALUES
(1, 3, '0000-00-00', '', '', '', '20', 0, 0, '', '', '', '0000-00-00', '', '', '', '', '', '', '', '', '', '', '', '', '', '', '', '', '', '', 0, '0000-00-00', '0000-00-00', 0, 0),
(2, 1, '0000-00-00', '25000', '30000', '30', '20', 0, 0, '', '', 'Personal ', '0000-00-00', '', '', '', 'he is looking for a salary of AED 10000', '', '', '', '<p style=\"box-sizing: border-box; margin: 0px 0px 10px; color: rgb(51, 51, 51); font-family: &quot;Helvetica Neue&quot;, Helvetica, Arial, sans-serif; font-size: 14px;\">\n	&bull; Complete handling of books of accounts up to finalization.</p>\n<p style=\"box-sizing: border-box; margin: 0px 0px 10px; color: rgb(51, 51, 51); font-family: &quot;Helvetica Neue&quot;, Helvetica, Arial, sans-serif; font-size: 14px;\">\n	&bull; Bank, global suppliers&rsquo; accounts and debtors ledger reconciliation.</p>\n<p style=\"box-sizing: border-box; margin: 0px 0px 10px; color: rgb(51, 51, 51); font-family: &quot;Helvetica Neue&quot;, Helvetica, Arial, sans-serif; font-size: 14px;\">\n	&bull; Management of sundry debtors and creditors and preparation of periodical credit reports &amp; Management of Cash.</p>\n<p style=\"box-sizing: border-box; margin: 0px 0px 10px; color: rgb(51, 51, 51); font-family: &quot;Helvetica Neue&quot;, Helvetica, Arial, sans-serif; font-size: 14px;\">\n	&bull; Preparation and analysis of financial statements &ndash; budgets, cash flow and fund flow and business plans.</p>\n<p style=\"box-sizing: border-box; margin: 0px 0px 10px; color: rgb(51, 51, 51); font-family: &quot;Helvetica Neue&quot;, Helvetica, Arial, sans-serif; font-size: 14px;\">\n	&bull; Liaison with banks and other financial institutions.</p>\n<p style=\"box-sizing: border-box; margin: 0px 0px 10px; color: rgb(51, 51, 51); font-family: &quot;Helvetica Neue&quot;, Helvetica, Arial, sans-serif; font-size: 14px;\">\n	&bull; Analyzing the cost aspect of the contracts in consideration of the types of costs in order to bring the same to its minimal.</p>\n<p style=\"box-sizing: border-box; margin: 0px 0px 10px; color: rgb(51, 51, 51); font-family: &quot;Helvetica Neue&quot;, Helvetica, Arial, sans-serif; font-size: 14px;\">\n	Duties and Responsibilities:-</p>\n<p style=\"box-sizing: border-box; margin: 0px 0px 10px; color: rgb(51, 51, 51); font-family: &quot;Helvetica Neue&quot;, Helvetica, Arial, sans-serif; font-size: 14px;\">\n	&bull; Complete handling of books of accounts up to finalization.</p>\n<p style=\"box-sizing: border-box; margin: 0px 0px 10px; color: rgb(51, 51, 51); font-family: &quot;Helvetica Neue&quot;, Helvetica, Arial, sans-serif; font-size: 14px;\">\n	&bull; Bank, global suppliers&rsquo; accounts and debtors ledger reconciliation.</p>\n<p style=\"box-sizing: border-box; margin: 0px 0px 10px; color: rgb(51, 51, 51); font-family: &quot;Helvetica Neue&quot;, Helvetica, Arial, sans-serif; font-size: 14px;\">\n	&bull; Management of sundry debtors and creditors and preparation of periodical credit reports &amp; Management of Cash.</p>\n<p style=\"box-sizing: border-box; margin: 0px 0px 10px; color: rgb(51, 51, 51); font-family: &quot;Helvetica Neue&quot;, Helvetica, Arial, sans-serif; font-size: 14px;\">\n	&bull; Preparation and analysis of financial statements &ndash; budgets, cash flow and fund flow and business plans.</p>\n<p style=\"box-sizing: border-box; margin: 0px 0px 10px; color: rgb(51, 51, 51); font-family: &quot;Helvetica Neue&quot;, Helvetica, Arial, sans-serif; font-size: 14px;\">\n	&bull; Liaison with banks and other financial institutions.</p>\n<p style=\"box-sizing: border-box; margin: 0px 0px 10px; color: rgb(51, 51, 51); font-family: &quot;Helvetica Neue&quot;, Helvetica, Arial, sans-serif; font-size: 14px;\">\n	&bull; Analyzing the cost aspect of the contracts in consideration of the types of costs in order to bring the same to its minimal.</p>\n', '', '', '', '', '', '', '', '', '', '', 27, '2023-06-19', '0000-00-00', 0, 0),
(3, 4, '0000-00-00', '', '20000', '', '25', 0, 0, '', '', '', '0000-00-00', '', '', '', '', '', '', '', '', '', '', '', '', '', '', '', '', '', '', 0, '0000-00-00', '0000-00-00', 0, 0),
(4, 6, '0000-00-00', '', '2500', '', '9 ', 0, 0, '', '', '', '0000-00-00', '', '', 'he meets the education requirements ', '', '', '', '', '', '', '', '', '', '', '', '', '', '', '', 0, '0000-00-00', '0000-00-00', 0, 0),
(5, 7, '0000-00-00', '', '22090', '', '10', 0, 0, '', '', '', '0000-00-00', '', '', 'he is well educated ', '', '', '', '', '', '', '', '', '', '', '', '', '', '', '', 58, '2023-05-10', '0000-00-00', 0, 0),
(6, 8, '0000-00-00', '', '10000', '', '9 ', 0, 0, '', '', '', '0000-00-00', 'Good knowledge for All things', '', 'Good', '100000', 'CCNA CCNP VMware', '', '9 years', '', '', '', '', '', '', '', '', '', '', '', 58, '2023-05-23', '0000-00-00', 0, 0),
(7, 9, '0000-00-00', '', '', '', '', 0, 0, '', '', '', '0000-00-00', 'Good candidate', '', 'Matching with requirement', '50000', 'Good for knowledge in php', '', '7 years', '', '', '', '', '', '', '', '', '', '', '', 58, '2023-05-18', '0000-00-00', 0, 0),
(8, 11, '0000-00-00', '', '100000', '', '', 0, 0, '', '', '', '0000-00-00', '', '', '', '', '', '', '', '', '', '', '', '', '', '', '', '', '', '', 0, '0000-00-00', '0000-00-00', 0, 0),
(9, 14, '0000-00-00', '', 'wLvAHGPscBQk', '', 'joqNMUci', 0, 0, '', '', '', '0000-00-00', '', '', '', '', '', '', '', '', '', '', '', '', '', '', '', '', '', '', 0, '0000-00-00', '0000-00-00', 0, 0),
(10, 15, '0000-00-00', '5000', '2000', '3000', '40', 0, 0, '', '', 'test reason', '0000-00-00', '', '', '', '', '', '', '', '<p>\n	test 2</p>\n', '', '', '', '', '', '', '', '', '', '', 0, '0000-00-00', '0000-00-00', 0, 0);

-- --------------------------------------------------------

--
-- Table structure for table `pms_candidate_language`
--

CREATE TABLE `pms_candidate_language` (
  `lang_id` bigint NOT NULL,
  `candidate_id` bigint NOT NULL,
  `eng_pte` varchar(200) NOT NULL,
  `eng_pte_reading` varchar(100) NOT NULL,
  `eng_pte_listening` varchar(100) NOT NULL,
  `eng_pte_writing` varchar(100) NOT NULL,
  `eng_pte_speaking` varchar(100) NOT NULL,
  `eng_ielts` varchar(200) NOT NULL,
  `eng_ielts_reading` varchar(100) NOT NULL,
  `eng_ielts_listening` varchar(100) NOT NULL,
  `eng_ielts_writing` varchar(100) NOT NULL,
  `eng_ielts_speaking` varchar(100) NOT NULL,
  `eng_tofel` varchar(200) NOT NULL,
  `eng_tofel_reading` varchar(100) NOT NULL,
  `eng_tofel_listening` varchar(100) NOT NULL,
  `eng_tofel_writing` varchar(100) NOT NULL,
  `eng_tofel_speaking` varchar(100) NOT NULL,
  `eng_oet` varchar(100) NOT NULL,
  `eng_oet_reading` varchar(100) NOT NULL,
  `eng_oet_listening` varchar(100) NOT NULL,
  `eng_oet_writing` varchar(100) NOT NULL,
  `eng_oet_speaking` varchar(100) NOT NULL,
  `eng_gre` varchar(200) NOT NULL,
  `eng_gmat` varchar(200) NOT NULL,
  `eng_sat` varchar(200) NOT NULL,
  `eng_10th` varchar(200) NOT NULL,
  `eng_12th` varchar(200) NOT NULL,
  `eng_grad` varchar(200) NOT NULL,
  `eng_post_grad` varchar(200) NOT NULL,
  `visa_type_id` bigint NOT NULL,
  `visa_nationality` bigint NOT NULL,
  `visa_start_date` date NOT NULL,
  `visa_end_date` date NOT NULL
) ENGINE=InnoDB DEFAULT CHARSET=latin1;

--
-- Dumping data for table `pms_candidate_language`
--

INSERT INTO `pms_candidate_language` (`lang_id`, `candidate_id`, `eng_pte`, `eng_pte_reading`, `eng_pte_listening`, `eng_pte_writing`, `eng_pte_speaking`, `eng_ielts`, `eng_ielts_reading`, `eng_ielts_listening`, `eng_ielts_writing`, `eng_ielts_speaking`, `eng_tofel`, `eng_tofel_reading`, `eng_tofel_listening`, `eng_tofel_writing`, `eng_tofel_speaking`, `eng_oet`, `eng_oet_reading`, `eng_oet_listening`, `eng_oet_writing`, `eng_oet_speaking`, `eng_gre`, `eng_gmat`, `eng_sat`, `eng_10th`, `eng_12th`, `eng_grad`, `eng_post_grad`, `visa_type_id`, `visa_nationality`, `visa_start_date`, `visa_end_date`) VALUES
(1, 1, '0', '0', '0', '0', '0', '0', '0', '0', '0', '0', '0', '0', '0', '0', '0', '0', '0', '0', '0', '0', '0', '0', '0', '0', '0', '0', '0', 0, 0, '0000-00-00', '0000-00-00'),
(2, 8, '0', '0', '0', '0', '0', '0', '0', '0', '0', '0', '0', '0', '0', '0', '0', '0', '0', '0', '0', '0', '0', '0', '0', '0', '0', '0', '0', 0, 0, '0000-00-00', '0000-00-00');

-- --------------------------------------------------------

--
-- Table structure for table `pms_candidate_marks`
--

CREATE TABLE `pms_candidate_marks` (
  `mark_id` bigint NOT NULL,
  `candidate_id` bigint NOT NULL,
  `eng_10th` varchar(200) NOT NULL,
  `eng_12th` varchar(200) NOT NULL,
  `eng_grad` varchar(200) NOT NULL,
  `eng_post_grad` varchar(200) NOT NULL
) ENGINE=InnoDB DEFAULT CHARSET=latin1;

-- --------------------------------------------------------

--
-- Table structure for table `pms_candidate_messages`
--

CREATE TABLE `pms_candidate_messages` (
  `message_id` bigint NOT NULL,
  `candidate_id` bigint NOT NULL,
  `message_title` varchar(100) NOT NULL,
  `message_text` longtext,
  `message_date` date NOT NULL,
  `message_time` timestamp NOT NULL DEFAULT CURRENT_TIMESTAMP ON UPDATE CURRENT_TIMESTAMP,
  `message_status` tinyint(1) NOT NULL DEFAULT '1',
  `admin_id` bigint NOT NULL
) ENGINE=InnoDB DEFAULT CHARSET=latin1;

--
-- Dumping data for table `pms_candidate_messages`
--

INSERT INTO `pms_candidate_messages` (`message_id`, `candidate_id`, `message_title`, `message_text`, `message_date`, `message_status`, `admin_id`) VALUES
(1, 8, '', 'please consider my CV', '2023-05-13', 0, 0),
(2, 15, '', 'test', '2023-06-14', 0, 0);

-- --------------------------------------------------------

--
-- Table structure for table `pms_candidate_messages_details`
--

CREATE TABLE `pms_candidate_messages_details` (
  `message_dtls_id` bigint NOT NULL,
  `message_id` bigint NOT NULL,
  `message_dtls_title` varchar(100) NOT NULL,
  `message_dtls_text` longtext,
  `message_dtls_date` date NOT NULL,
  `message_dtls_status` tinyint(1) NOT NULL DEFAULT '1',
  `admin_id` bigint NOT NULL
) ENGINE=InnoDB DEFAULT CHARSET=latin1;

-- --------------------------------------------------------

--
-- Table structure for table `pms_candidate_new`
--

CREATE TABLE `pms_candidate_new` (
  `candidate_id` bigint NOT NULL,
  `first_name` varchar(50) NOT NULL,
  `username` varchar(255) NOT NULL,
  `mobile` varchar(50) NOT NULL,
  `mobile1` varchar(100) NOT NULL,
  `funarea` varchar(255) NOT NULL,
  `areaof` varchar(255) NOT NULL,
  `industry` varchar(255) NOT NULL,
  `resumetitle` varchar(255) NOT NULL,
  `skills` varchar(255) NOT NULL,
  `cur_employer` varchar(255) NOT NULL,
  `prev_employer` varchar(255) NOT NULL,
  `salary` varchar(255) NOT NULL,
  `level` varchar(255) NOT NULL,
  `location` varchar(255) NOT NULL,
  `course` varchar(255) NOT NULL,
  `edu_specl` varchar(255) NOT NULL,
  `institute` varchar(255) NOT NULL,
  `course_2_edu` varchar(255) NOT NULL,
  `gender` varchar(255) NOT NULL
) ENGINE=InnoDB DEFAULT CHARSET=latin1;

-- --------------------------------------------------------

--
-- Table structure for table `pms_candidate_notes`
--

CREATE TABLE `pms_candidate_notes` (
  `candidate_note_id` int NOT NULL,
  `candidate_id` bigint NOT NULL,
  `title` varchar(100) NOT NULL,
  `notes` text NOT NULL,
  `note_date` date NOT NULL
) ENGINE=InnoDB DEFAULT CHARSET=latin1;

-- --------------------------------------------------------

--
-- Table structure for table `pms_candidate_otp`
--

CREATE TABLE `pms_candidate_otp` (
  `candidate_id` bigint NOT NULL,
  `mobile` varchar(50) CHARACTER SET utf8mb3 COLLATE utf8mb3_unicode_ci NOT NULL,
  `otp_number` int NOT NULL,
  `otp_status` int NOT NULL DEFAULT '0',
  `candidate_id_encypt` varchar(256) CHARACTER SET utf8mb3 COLLATE utf8mb3_unicode_ci NOT NULL,
  `otp_date` time NOT NULL,
  `otp_pass_date` time NOT NULL
) ENGINE=InnoDB DEFAULT CHARSET=utf8mb3 COLLATE=utf8mb3_unicode_ci;

-- --------------------------------------------------------

--
-- Table structure for table `pms_candidate_password_change`
--

CREATE TABLE `pms_candidate_password_change` (
  `password_change_id` int NOT NULL,
  `unique_id` int NOT NULL,
  `candidate_id` bigint NOT NULL,
  `status` int NOT NULL
) ENGINE=InnoDB DEFAULT CHARSET=latin1;

--
-- Dumping data for table `pms_candidate_password_change`
--

INSERT INTO `pms_candidate_password_change` (`password_change_id`, `unique_id`, `candidate_id`, `status`) VALUES
(1, 737824, 0, 1),
(2, 2539135, 0, 1),
(3, 0, 0, 1);

-- --------------------------------------------------------

--
-- Table structure for table `pms_candidate_profile_assessment`
--

CREATE TABLE `pms_candidate_profile_assessment` (
  `assess_id` bigint NOT NULL,
  `candidate_id` bigint NOT NULL,
  `language` int NOT NULL,
  `attitude` int NOT NULL,
  `tech_skills` int NOT NULL,
  `industry_exp` int NOT NULL,
  `personality` int NOT NULL,
  `interaction` int NOT NULL,
  `team_work` int NOT NULL,
  `corporate_exp` int NOT NULL,
  `overseas_edu` int NOT NULL,
  `migration` int NOT NULL
) ENGINE=InnoDB DEFAULT CHARSET=latin1;

-- --------------------------------------------------------

--
-- Table structure for table `pms_candidate_profile_status`
--

CREATE TABLE `pms_candidate_profile_status` (
  `profile_id` bigint NOT NULL,
  `candidate_id` bigint NOT NULL,
  `profile_stat_1` int NOT NULL,
  `profile_stat_2` int NOT NULL,
  `profile_stat_3` int NOT NULL,
  `profile_stat_4` int NOT NULL,
  `profile_stat_5` int NOT NULL,
  `profile_stat_6` int NOT NULL,
  `profile_stat_7` int NOT NULL,
  `profile_stat_8` int NOT NULL,
  `profile_stat_9` int NOT NULL,
  `profile_stat_10` int NOT NULL
) ENGINE=InnoDB DEFAULT CHARSET=latin1;

-- --------------------------------------------------------

--
-- Table structure for table `pms_candidate_projects`
--

CREATE TABLE `pms_candidate_projects` (
  `project_id` bigint NOT NULL,
  `candidate_id` bigint NOT NULL,
  `project_title` int NOT NULL,
  `project_desc` longtext NOT NULL,
  `project_keywords` int NOT NULL,
  `project_links` int NOT NULL
) ENGINE=InnoDB DEFAULT CHARSET=latin1;

-- --------------------------------------------------------

--
-- Table structure for table `pms_candidate_reg_status`
--

CREATE TABLE `pms_candidate_reg_status` (
  `reg_status_id` bigint NOT NULL,
  `reg_status_name` varchar(255) NOT NULL
) ENGINE=InnoDB DEFAULT CHARSET=latin1;

--
-- Dumping data for table `pms_candidate_reg_status`
--

INSERT INTO `pms_candidate_reg_status` (`reg_status_id`, `reg_status_name`) VALUES
(1, 'Average'),
(2, 'Good'),
(3, 'Very Good'),
(4, 'Outstanding'),
(5, 'Excellent'),
(6, 'Top 1');

-- --------------------------------------------------------

--
-- Table structure for table `pms_candidate_skills`
--

CREATE TABLE `pms_candidate_skills` (
  `skill_id` bigint NOT NULL,
  `parent_skill` bigint NOT NULL,
  `desig_id` bigint NOT NULL,
  `skill_name` varchar(255) NOT NULL,
  `non_it` int NOT NULL DEFAULT '1',
  `active` int NOT NULL
) ENGINE=InnoDB DEFAULT CHARSET=latin1;

--
-- Dumping data for table `pms_candidate_skills`
--

INSERT INTO `pms_candidate_skills` (`skill_id`, `parent_skill`, `desig_id`, `skill_name`, `non_it`, `active`) VALUES
(1, 0, 28, 'Sales 3 PL ', 1, 1),
(3, 0, 29, 'Negotiation Skills', 1, 1),
(4, 0, 0, 'Tally Software  ', 1, 1),
(6, 0, 0, 'Ro Ro Sales ', 1, 1),
(9, 0, 0, 'E Mirsal ', 1, 1),
(10, 0, 0, 'Warehouse Management ', 1, 1),
(11, 0, 0, 'Sales LIner', 1, 1),
(12, 0, 0, 'Lashing and Packing ', 1, 1),
(13, 0, 0, 'php coders', 1, 1),
(14, 0, 0, 'ccna', 1, 1),
(15, 0, 0, 'UI/UX', 1, 1);

-- --------------------------------------------------------

--
-- Table structure for table `pms_candidate_social`
--

CREATE TABLE `pms_candidate_social` (
  `social_id` bigint NOT NULL,
  `candidate_id` bigint NOT NULL,
  `social_title` varchar(255) NOT NULL,
  `social_link` varchar(255) NOT NULL
) ENGINE=InnoDB DEFAULT CHARSET=latin1;

-- --------------------------------------------------------

--
-- Table structure for table `pms_candidate_sports`
--

CREATE TABLE `pms_candidate_sports` (
  `sport_id` bigint NOT NULL,
  `candidate_id` bigint NOT NULL,
  `sport_details` longtext NOT NULL
) ENGINE=InnoDB DEFAULT CHARSET=latin1;

-- --------------------------------------------------------

--
-- Table structure for table `pms_candidate_survey`
--

CREATE TABLE `pms_candidate_survey` (
  `survey_id` bigint NOT NULL,
  `survey_title` varchar(200) NOT NULL,
  `survey_link` varchar(200) NOT NULL,
  `survey_date` date NOT NULL
) ENGINE=InnoDB DEFAULT CHARSET=latin1;

-- --------------------------------------------------------

--
-- Table structure for table `pms_candidate_survey_answers`
--

CREATE TABLE `pms_candidate_survey_answers` (
  `answer_id` bigint NOT NULL,
  `question_id` bigint NOT NULL,
  `answer_title` varchar(200) NOT NULL
) ENGINE=InnoDB DEFAULT CHARSET=latin1;

-- --------------------------------------------------------

--
-- Table structure for table `pms_candidate_survey_answer_options`
--

CREATE TABLE `pms_candidate_survey_answer_options` (
  `answer_option_id` bigint NOT NULL,
  `answer_id` bigint NOT NULL,
  `option_value` varchar(200) NOT NULL
) ENGINE=InnoDB DEFAULT CHARSET=latin1;

-- --------------------------------------------------------

--
-- Table structure for table `pms_candidate_survey_questions`
--

CREATE TABLE `pms_candidate_survey_questions` (
  `question_id` bigint NOT NULL,
  `survey_id` bigint NOT NULL,
  `question_title` varchar(200) NOT NULL,
  `question_type` int NOT NULL
) ENGINE=InnoDB DEFAULT CHARSET=latin1;

-- --------------------------------------------------------

--
-- Table structure for table `pms_candidate_survey_result`
--

CREATE TABLE `pms_candidate_survey_result` (
  `result_id` bigint NOT NULL,
  `candidate_id` bigint NOT NULL,
  `answer_id` bigint NOT NULL,
  `answer_value` varchar(200) NOT NULL,
  `extras` varchar(255) NOT NULL
) ENGINE=InnoDB DEFAULT CHARSET=latin1;

-- --------------------------------------------------------

--
-- Table structure for table `pms_candidate_to_certification`
--

CREATE TABLE `pms_candidate_to_certification` (
  `cert_id` bigint NOT NULL,
  `candidate_id` bigint NOT NULL
) ENGINE=InnoDB DEFAULT CHARSET=latin1;

-- --------------------------------------------------------

--
-- Table structure for table `pms_candidate_to_designation`
--

CREATE TABLE `pms_candidate_to_designation` (
  `candidate_id` bigint NOT NULL,
  `desig_id` bigint NOT NULL
) ENGINE=InnoDB DEFAULT CHARSET=latin1;

--
-- Dumping data for table `pms_candidate_to_designation`
--

INSERT INTO `pms_candidate_to_designation` (`candidate_id`, `desig_id`) VALUES
(3665, 47),
(3665, 33);

-- --------------------------------------------------------

--
-- Table structure for table `pms_candidate_to_domain`
--

CREATE TABLE `pms_candidate_to_domain` (
  `domain_id` int NOT NULL,
  `candidate_id` int NOT NULL
) ENGINE=InnoDB DEFAULT CHARSET=latin1;

-- --------------------------------------------------------

--
-- Table structure for table `pms_candidate_to_funcional`
--

CREATE TABLE `pms_candidate_to_funcional` (
  `candidate_id` bigint NOT NULL,
  `func_id` bigint NOT NULL
) ENGINE=InnoDB DEFAULT CHARSET=latin1;

--
-- Dumping data for table `pms_candidate_to_funcional`
--

INSERT INTO `pms_candidate_to_funcional` (`candidate_id`, `func_id`) VALUES
(3665, 63);

-- --------------------------------------------------------

--
-- Table structure for table `pms_candidate_to_industry`
--

CREATE TABLE `pms_candidate_to_industry` (
  `job_cat_id` bigint NOT NULL,
  `candidate_id` int NOT NULL
) ENGINE=InnoDB DEFAULT CHARSET=latin1;

--
-- Dumping data for table `pms_candidate_to_industry`
--

INSERT INTO `pms_candidate_to_industry` (`job_cat_id`, `candidate_id`) VALUES
(82, 3665);

-- --------------------------------------------------------

--
-- Table structure for table `pms_candidate_to_skills`
--

CREATE TABLE `pms_candidate_to_skills` (
  `candidate_id` bigint NOT NULL,
  `skill_id` bigint NOT NULL
) ENGINE=InnoDB DEFAULT CHARSET=latin1;

--
-- Dumping data for table `pms_candidate_to_skills`
--

INSERT INTO `pms_candidate_to_skills` (`candidate_id`, `skill_id`) VALUES
(5746, 1),
(5769, 1),
(5770, 4),
(5771, 4),
(3665, 6),
(3665, 1),
(7722, 9),
(7722, 3),
(7731, 3),
(7731, 1),
(7739, 1),
(7739, 4),
(7758, 3),
(7758, 1),
(7870, 3),
(7994, 3),
(7994, 1),
(8034, 3),
(8343, 3),
(8343, 1),
(8343, 4),
(8395, 3),
(8395, 4),
(8436, 9),
(8436, 3),
(179, 9),
(179, 6),
(179, 4),
(1492, 3),
(1492, 6),
(1492, 1),
(1492, 4),
(8939, 3),
(8939, 10),
(8940, 6),
(8940, 11),
(5810, 3),
(1127, 12),
(9074, 9),
(9074, 12),
(9075, 3),
(3, 3),
(1, 14),
(1, 12),
(1, 6),
(8, 14),
(6, 14),
(6, 15),
(15, 14),
(15, 9),
(15, 12);

-- --------------------------------------------------------

--
-- Table structure for table `pms_candidate_to_skills_primary`
--

CREATE TABLE `pms_candidate_to_skills_primary` (
  `candidate_id` bigint NOT NULL,
  `skill_id` bigint NOT NULL
) ENGINE=InnoDB DEFAULT CHARSET=latin1;

--
-- Dumping data for table `pms_candidate_to_skills_primary`
--

INSERT INTO `pms_candidate_to_skills_primary` (`candidate_id`, `skill_id`) VALUES
(5717, 1),
(5719, 1),
(5722, 1),
(5723, 1),
(5735, 1),
(5747, 1);

-- --------------------------------------------------------

--
-- Table structure for table `pms_candidate_to_skills_secondary`
--

CREATE TABLE `pms_candidate_to_skills_secondary` (
  `candidate_id` bigint NOT NULL,
  `skill_id` bigint NOT NULL
) ENGINE=InnoDB DEFAULT CHARSET=latin1;

-- --------------------------------------------------------

--
-- Table structure for table `pms_candidate_to_vendors`
--

CREATE TABLE `pms_candidate_to_vendors` (
  `candidate_id` bigint NOT NULL,
  `vendor_id` bigint NOT NULL
) ENGINE=InnoDB DEFAULT CHARSET=latin1;

--
-- Dumping data for table `pms_candidate_to_vendors`
--

INSERT INTO `pms_candidate_to_vendors` (`candidate_id`, `vendor_id`) VALUES
(1, 3),
(2, 1),
(3, 1),
(4, 1),
(6, 3),
(7, 4),
(8, 6),
(9, 6);

-- --------------------------------------------------------

--
-- Table structure for table `pms_candidate_visa_approval`
--

CREATE TABLE `pms_candidate_visa_approval` (
  `visa_id` bigint NOT NULL,
  `app_id` bigint NOT NULL,
  `candidate_id` bigint NOT NULL,
  `visa_apprv_date` date NOT NULL,
  `travel_date` date NOT NULL,
  `date_of_join` date NOT NULL,
  `comments` longtext NOT NULL,
  `sms_text` longtext NOT NULL,
  `email_text` longtext NOT NULL,
  `date_invoice` date NOT NULL,
  `app_won_by` bigint NOT NULL
) ENGINE=InnoDB DEFAULT CHARSET=latin1;

-- --------------------------------------------------------

--
-- Table structure for table `pms_cand_lang`
--

CREATE TABLE `pms_cand_lang` (
  `lang_id` int NOT NULL,
  `candidate_id` int NOT NULL
) ENGINE=InnoDB DEFAULT CHARSET=latin1;

--
-- Dumping data for table `pms_cand_lang`
--

INSERT INTO `pms_cand_lang` (`lang_id`, `candidate_id`) VALUES
(4, 1),
(1, 1),
(3, 1),
(7, 1),
(1, 8),
(7, 8);

-- --------------------------------------------------------

--
-- Table structure for table `pms_category`
--

CREATE TABLE `pms_category` (
  `category_id` bigint NOT NULL,
  `category_img` varchar(255) DEFAULT NULL,
  `parent_id` bigint NOT NULL DEFAULT '0',
  `top` tinyint(1) NOT NULL,
  `column` int NOT NULL,
  `sort_order` int NOT NULL DEFAULT '0',
  `status` int NOT NULL,
  `date_added` datetime NOT NULL DEFAULT '0000-00-00 00:00:00',
  `date_modified` datetime NOT NULL DEFAULT '0000-00-00 00:00:00'
) ENGINE=MyISAM DEFAULT CHARSET=utf8mb3;

-- --------------------------------------------------------

--
-- Table structure for table `pms_category_description`
--

CREATE TABLE `pms_category_description` (
  `category_id` bigint NOT NULL,
  `language_id` bigint NOT NULL,
  `category_name` varchar(200) NOT NULL,
  `description` longtext NOT NULL,
  `meta_description` varchar(200) NOT NULL,
  `meta_title` varchar(200) NOT NULL,
  `meta_keyword` varchar(200) NOT NULL
) ENGINE=MyISAM DEFAULT CHARSET=utf8mb3;

-- --------------------------------------------------------

--
-- Table structure for table `pms_city`
--

CREATE TABLE `pms_city` (
  `city_id` bigint NOT NULL,
  `state_id` bigint NOT NULL,
  `city_name` varchar(100) NOT NULL,
  `city_short_name` varchar(5) NOT NULL,
  `sort_order` int NOT NULL,
  `status` int NOT NULL
) ENGINE=InnoDB DEFAULT CHARSET=latin1;

--
-- Dumping data for table `pms_city`
--

INSERT INTO `pms_city` (`city_id`, `state_id`, `city_name`, `city_short_name`, `sort_order`, `status`) VALUES
(1, 1, 'Business Bay', '', 0, 1),
(2, 1, 'DAFZA ( Dubai Airport Free Zone )', '', 0, 1),
(3, 1, 'JAFZA ( Jabel Ali Free Zone )', '', 0, 1),
(4, 1, 'DWC ( Dubai World Central )', '', 0, 1),
(5, 1, 'Karama', '', 0, 1),
(6, 1, 'Al Qusais ', '', 0, 1),
(7, 1, 'DMCC - JLT ( Jumairah Lake Towers )', '', 0, 1),
(8, 1, 'TECOM ', '', 0, 1),
(9, 1, 'DIC ( Dubai Internet City ) ', '', 0, 1),
(10, 1, 'DMC ( Dubai Media City ) ', '', 0, 1),
(11, 1, 'DSC ( Dubai Studio City ) ', '', 0, 1),
(12, 1, 'DSO ( Dubai Silicon Oasis ) ', '', 0, 1),
(13, 1, 'DIP 1 ( Dubai Investment Park 1 ) ', '', 0, 1),
(14, 1, 'DIP 2 ( Dubai Investment Park 2 ) ', '', 0, 1),
(15, 1, 'Dubai Sports City ', '', 0, 1),
(16, 1, 'DKV ( Dubai Knowledge Village )  ', '', 0, 1),
(17, 1, 'DAC ( Dubai Academic City )', '', 0, 1),
(18, 1, 'IMPZ - Dubai Media and Production City  ', '', 0, 1),
(19, 1, 'Gold & Diamond Park ', '', 0, 1),
(20, 1, 'DOZ - Dubai Outsource Zone ', '', 0, 1),
(21, 1, 'DHCC ( Dubai Healthcare City ) ', '', 0, 1),
(22, 1, 'DAZ - Dubai Auto Zone ', '', 0, 1),
(23, 1, 'DFC - Dubai Flower Center ', '', 0, 1),
(24, 1, 'DLC - Dubai Logistics City ', '', 0, 1),
(25, 1, 'DMC - Dubai Maritime City ', '', 0, 1),
(26, 1, 'DIFC ( Dubai International Financial Centre ) ', '', 0, 1),
(27, 1, 'DUBIOTECH ( Dubai Biotech Research Park ) ', '', 0, 1),
(28, 1, 'International Humanitarian City ', '', 0, 1),
(29, 1, 'D3 - Dubai Design District ', '', 0, 1),
(30, 1, 'Bur Dubai ', '', 0, 1),
(31, 1, 'Sheikh Zayed Road ', '', 0, 1),
(32, 1, 'Deira', '', 0, 1),
(33, 1, 'Jumeirah ', '', 0, 1),
(34, 2, 'SAIF Zone ( Sharjah Airport International Free Zone ) ', '', 0, 1),
(35, 1, 'Al Barsha ', '', 0, 1),
(36, 2, 'Hamriyah Free Zone', '', 0, 1),
(37, 4, 'ABRFZ ( Ahmed Bin Rashid FZ, UAQ ) ', '', 0, 1),
(38, 7, 'Ajman Free Zone Authority', '', 0, 1),
(39, 5, 'RAK Free Zone', '', 0, 1),
(40, 5, 'RAK Maritime City', '', 0, 1),
(41, 3, 'Fujairah Creative City', '', 0, 1),
(42, 3, 'Fujairah Free Zone', '', 0, 1),
(43, 6, 'Masdar City ', '', 0, 1),
(44, 6, 'Abu Dhabi Ports Company ', '', 0, 1),
(45, 6, 'ADAFZ ( Abu Dhabi Airport Free Zone ) ', '', 0, 1),
(46, 6, 'KIZAD ( Khalifa Industrial Zone Abu Dhabi ) ', '', 0, 1),
(47, 6, 'ZonesCorp', '', 0, 1),
(48, 6, 'twofour54', '', 0, 1),
(49, 6, 'ADGM ( Abu Dhabi Global Market ) ', '', 0, 1),
(50, 6, 'ICAD 1 ( Industrial City of Abu Dhabi 1 ) ', '', 0, 1),
(51, 6, 'ICAD 2 ( Industrial City of Abu Dhabi 2 ) ', '', 0, 1),
(52, 6, 'KPIZ ( Khalifa Port and Industrial Zone ) ', '', 0, 1),
(53, 6, 'HCSEZ ( Higher Corporation for Specialized Economic Zone ) ', '', 0, 1),
(54, 1, 'Techno Park ', '', 0, 1),
(55, 1, 'DIC - Dubai Industrial City ', '', 0, 1),
(56, 1, 'DUCAMZ ( Dubai Car and Automotive City Free Zone )', '', 0, 1),
(57, 5, 'RAKMFZ ( Ras Al Khaimah Media Free Zone  - RAK Media City )', '', 0, 1),
(58, 6, 'Musaffah Industrial Area', '', 0, 1),
(59, 1, 'Jabel Ali South  ', '', 0, 1),
(60, 8, 'Sudan', '', 0, 1),
(61, 9, 'Egypt', '', 0, 1),
(68, 15, 'Philippines', '', 0, 1),
(78, 2, 'Sharjah', '', 0, 1),
(79, 3, 'Fujairah', '', 0, 1),
(80, 6, 'Abu Dhabi', '', 0, 1),
(81, 7, 'Ajman', '', 0, 1),
(82, 5, 'Ras Al Khaimah', '', 0, 1),
(83, 4, 'Umm Al Quwain', '', 0, 1),
(86, 1, 'Dubai', '', 0, 1),
(87, 25, 'Muscat', '', 0, 1),
(88, 26, 'Kuwait City', '', 0, 1),
(89, 27, 'Kochi', '', 0, 1),
(90, 29, 'Chennai', '', 0, 1),
(91, 1, 'Oud Metha', '', 0, 1),
(92, 35, 'Mumbai', '', 0, 1),
(93, 27, 'Kozhikode', '', 0, 1),
(94, 27, 'Thiruvananthapuram', '', 0, 1),
(95, 1, 'DCV  - Dubai Cargo Village', '', 0, 1),
(96, 1, 'Al Satwa', '', 0, 1),
(97, 1, 'Al Quoz ', '', 0, 1),
(98, 1, 'Al Garhoud', '', 0, 1),
(99, 6, 'Al Ain', '', 0, 1),
(100, 6, 'Salam Street', '', 0, 1),
(101, 6, 'Hamdan Street', '', 0, 1),
(102, 32, 'Jeddah', '', 0, 1),
(103, 34, 'Al Khobar', '', 0, 1),
(104, 31, 'Riyadh', '', 0, 1),
(105, 1, 'Al Ittihad Road', '', 0, 1),
(106, 1, 'Al Ramool ( Umm Ramool )', '', 0, 1),
(107, 6, 'Electra Street', '', 0, 1),
(108, 6, 'Ruwais', '', 0, 1),
(109, 1, 'Port Saeed', '', 0, 1),
(110, 1, 'Ras Al Khor', '', 0, 1),
(111, 1, 'Al Awir', '', 0, 1),
(112, 1, 'Al Nahda', '', 0, 1),
(113, 1, 'Dubai Industrial Park', '', 0, 1),
(114, 1, 'Al Mamzar', '', 0, 1),
(115, 1, 'Hamriya Port ', '', 0, 1),
(116, 1, 'Al Rigga', '', 0, 1),
(117, 1, 'Motor City', '', 0, 1),
(118, 1, 'Al Khabeesi', '', 0, 1),
(119, 30, 'Doha', '', 0, 1),
(120, 41, 'Bengaluru', '', 0, 1),
(121, 42, 'Cairo', '', 0, 1),
(122, 1, 'Satwa', '', 0, 1),
(123, 1, 'Hor Al Anz', '', 0, 1),
(124, 1, 'Naif', '', 0, 1),
(125, 44, 'Philippines', '', 0, 1),
(126, 43, 'India', '', 0, 1),
(127, 45, 'Pakistan', '', 0, 1),
(128, 46, 'Vietnam', '', 0, 1),
(129, 29, 'Tamil Nadu', '', 0, 1),
(130, 47, 'Taiwan', '', 0, 1),
(131, 49, 'Nigeria', '', 0, 1),
(132, 48, 'Kenya', '', 0, 1),
(133, 50, 'Cameroon', '', 0, 1),
(134, 51, 'Uganda', '', 0, 1),
(135, 1, 'Jabel Ali Industrial Area', '', 0, 1),
(136, 1, 'Frij Murar', '', 0, 1),
(137, 1, 'Al Ras', '', 0, 1),
(138, 1, 'International City', '', 0, 1),
(139, 1, 'Al Rashidiya', '', 0, 1),
(140, 1, 'Dubai Airport Road ', '', 0, 1),
(141, 2, 'Sharjah Media City', '', 0, 1),
(142, 2, 'University City', '', 0, 1),
(143, 1, 'Al Warqa', '', 0, 1),
(144, 1, 'Dubai South Business Park', '', 0, 1),
(145, 1, 'DSP ( Dubai Science Park )', '', 0, 1),
(146, 1, 'Dubai Marina', '', 0, 1),
(147, 6, 'Khalifa City ', '', 0, 1),
(148, 1, 'Abu Hail', '', 0, 1),
(149, 1, 'Mankhool', '', 0, 1),
(150, 27, 'Kerala', '', 0, 1),
(151, 35, 'Maharashtra', '', 0, 1),
(152, 6, 'Zayed the First Street', '', 0, 1),
(153, 52, 'Haiti', '', 0, 1),
(154, 7, 'Ajman Media City Freezone', '', 0, 1);

-- --------------------------------------------------------

--
-- Table structure for table `pms_city_description`
--

CREATE TABLE `pms_city_description` (
  `city_id` bigint NOT NULL,
  `city_name` varchar(200) NOT NULL,
  `city_short_name` varchar(200) NOT NULL,
  `language_id` bigint NOT NULL,
  `description` longtext NOT NULL
) ENGINE=MyISAM DEFAULT CHARSET=latin1;

--
-- Dumping data for table `pms_city_description`
--

INSERT INTO `pms_city_description` (`city_id`, `city_name`, `city_short_name`, `language_id`, `description`) VALUES
(1, 'Business Bay', '', 1, ''),
(2, 'DAFZA ( Dubai Airport Free Zone )', '', 1, ''),
(3, 'JAFZA ( Jabel Ali Free Zone )', '', 1, ''),
(116, 'Al Rigga', '', 1, ''),
(5, 'Karama', '', 1, ''),
(6, 'Al Qusais ', '', 1, ''),
(7, 'DMCC - JLT ( Jumairah Lake Towers )', '', 1, ''),
(8, 'TECOM ', '', 1, ''),
(9, 'DIC ( Dubai Internet City ) ', '', 1, ''),
(10, 'DMC ( Dubai Media City ) ', '', 1, ''),
(11, 'DSC ( Dubai Studio City ) ', '', 1, ''),
(12, 'DSO ( Dubai Silicon Oasis ) ', '', 1, ''),
(13, 'DIP 1 ( Dubai Investment Park 1 ) ', '', 1, ''),
(14, 'DIP 2 ( Dubai Investment Park 2 ) ', '', 1, ''),
(15, 'Dubai Sports City ', '', 1, ''),
(16, 'DKV ( Dubai Knowledge Village )  ', '', 1, ''),
(17, 'DAC ( Dubai Academic City )', '', 1, ''),
(18, 'IMPZ - Dubai Media and Production City  ', '', 1, ''),
(19, 'Gold & Diamond Park ', '', 1, ''),
(20, 'DOZ - Dubai Outsource Zone ', '', 1, ''),
(21, 'DHCC ( Dubai Healthcare City ) ', '', 1, ''),
(22, 'DAZ - Dubai Auto Zone ', '', 1, ''),
(23, 'DFC - Dubai Flower Center ', '', 1, ''),
(24, 'DLC - Dubai Logistics City ', '', 1, ''),
(25, 'DMC - Dubai Maritime City ', '', 1, ''),
(26, 'DIFC ( Dubai International Financial Centre ) ', '', 1, ''),
(27, 'DUBIOTECH ( Dubai Biotech Research Park ) ', '', 1, ''),
(28, 'International Humanitarian City ', '', 1, ''),
(29, 'D3 - Dubai Design District ', '', 1, ''),
(30, 'Bur Dubai ', '', 1, ''),
(31, 'Sheikh Zayed Road ', '', 1, ''),
(32, 'Deira', '', 1, ''),
(33, 'Jumeirah ', '', 1, ''),
(34, 'SAIF Zone ( Sharjah Airport International Free Zone ) ', '', 1, ''),
(35, 'Al Barsha ', '', 1, ''),
(36, 'Hamriyah Free Zone', '', 1, ''),
(37, 'ABRFZ ( Ahmed Bin Rashid FZ, UAQ ) ', '', 1, ''),
(38, 'Ajman Free Zone Authority', '', 1, ''),
(39, 'RAK Free Zone', '', 1, ''),
(40, 'RAK Maritime City', '', 1, ''),
(41, 'Fujairah Creative City', '', 1, ''),
(42, 'Fujairah Free Zone', '', 1, ''),
(43, 'Masdar City ', '', 1, ''),
(44, 'Abu Dhabi Ports Company ', '', 1, ''),
(45, 'ADAFZ ( Abu Dhabi Airport Free Zone ) ', '', 1, ''),
(46, 'KIZAD ( Khalifa Industrial Zone Abu Dhabi ) ', '', 1, ''),
(47, 'ZonesCorp', '', 1, ''),
(48, 'twofour54', '', 1, ''),
(49, 'ADGM ( Abu Dhabi Global Market ) ', '', 1, ''),
(50, 'ICAD 1 ( Industrial City of Abu Dhabi 1 ) ', '', 1, ''),
(51, 'ICAD 2 ( Industrial City of Abu Dhabi 2 ) ', '', 1, ''),
(52, 'KPIZ ( Khalifa Port and Industrial Zone ) ', '', 1, ''),
(53, 'HCSEZ ( Higher Corporation for Specialized Economic Zone ) ', '', 1, ''),
(54, 'Techno Park ', '', 1, ''),
(55, 'DIC - Dubai Industrial City ', '', 1, ''),
(56, 'DUCAMZ ( Dubai Car and Automotive City Free Zone )', '', 1, ''),
(57, 'RAKMFZ ( Ras Al Khaimah Media Free Zone  - RAK Media City )', '', 1, ''),
(58, 'Musaffah Industrial Area', '', 1, ''),
(59, 'Jabel Ali South  ', '', 1, ''),
(60, 'Sudan', '', 1, ''),
(61, 'Egypt', '', 1, ''),
(4, 'DWC ( Dubai World Central )', '', 1, ''),
(95, 'DCV  - Dubai Cargo Village', '', 1, ''),
(87, 'Muscat', '', 1, ''),
(68, 'Philippines', '', 1, ''),
(94, 'Thiruvananthapuram', '', 1, ''),
(93, 'Kozhikode', '', 1, ''),
(92, 'Mumbai', '', 1, ''),
(91, 'Oud Metha', '', 1, ''),
(90, 'Chennai', '', 1, ''),
(89, 'Kochi', '', 1, ''),
(78, 'Sharjah', '', 1, ''),
(79, 'Fujairah', '', 1, ''),
(80, 'Abu Dhabi', '', 1, ''),
(81, 'Ajman', '', 1, ''),
(82, 'Ras Al Khaimah', '', 1, ''),
(83, 'Umm Al Quwain', '', 1, ''),
(88, 'Kuwait City', '', 1, ''),
(86, 'Dubai', '', 1, ''),
(96, 'Al Satwa', '', 1, ''),
(97, 'Al Quoz ', '', 1, ''),
(98, 'Al Garhoud', '', 1, ''),
(99, 'Al Ain', '', 1, ''),
(100, 'Salam Street', '', 1, ''),
(101, 'Hamdan Street', '', 1, ''),
(102, 'Jeddah', '', 1, ''),
(103, 'Al Khobar', '', 1, ''),
(104, 'Riyadh', '', 1, ''),
(105, 'Al Ittihad Road', '', 1, ''),
(106, 'Al Ramool ( Umm Ramool )', '', 1, ''),
(107, 'Electra Street', '', 1, ''),
(108, 'Ruwais', '', 1, ''),
(109, 'Port Saeed', '', 1, ''),
(110, 'Ras Al Khor', '', 1, ''),
(111, 'Al Awir', '', 1, ''),
(112, 'Al Nahda', '', 1, ''),
(113, 'Dubai Industrial Park', '', 1, ''),
(114, 'Al Mamzar', '', 1, ''),
(115, 'Hamriya Port ', '', 1, ''),
(117, 'Motor City', '', 1, ''),
(118, 'Al Khabeesi', '', 1, ''),
(119, 'Doha', '', 1, ''),
(120, 'Bengaluru', '', 1, ''),
(121, 'Cairo', '', 1, ''),
(122, 'Satwa', '', 1, ''),
(123, 'Hor Al Anz', '', 1, ''),
(124, 'Naif', '', 1, ''),
(125, 'Philippines', '', 1, ''),
(126, 'India', '', 1, ''),
(127, 'Pakistan', '', 1, ''),
(128, 'Vietnam', '', 1, ''),
(129, 'Tamil Nadu', '', 1, ''),
(130, 'Taiwan', '', 1, ''),
(131, 'Nigeria', '', 1, ''),
(132, 'Kenya', '', 1, ''),
(133, 'Cameroon', '', 1, ''),
(134, 'Uganda', '', 1, ''),
(135, 'Jabel Ali Industrial Area', '', 1, ''),
(136, 'Frij Murar', '', 1, ''),
(137, 'Al Ras', '', 1, ''),
(138, 'International City', '', 1, ''),
(139, 'Al Rashidiya', '', 1, ''),
(140, 'Dubai Airport Road ', '', 1, ''),
(141, 'Sharjah Media City', '', 1, ''),
(142, 'University City', '', 1, ''),
(143, 'Al Warqa', '', 1, ''),
(144, 'Dubai South Business Park', '', 1, ''),
(145, 'DSP ( Dubai Science Park )', '', 1, ''),
(146, 'Dubai Marina', '', 1, ''),
(147, 'Khalifa City ', '', 1, ''),
(148, 'Abu Hail', '', 1, ''),
(149, 'Mankhool', '', 1, ''),
(150, 'Kerala', '', 1, ''),
(151, 'Maharashtra', '', 1, ''),
(152, 'Zayed the First Street', '', 1, ''),
(153, 'Haiti', '', 1, ''),
(154, 'Ajman Media City Freezone', '', 1, '');

-- --------------------------------------------------------

--
-- Table structure for table `pms_colleges`
--

CREATE TABLE `pms_colleges` (
  `college_id` bigint NOT NULL,
  `college_name` varchar(255) NOT NULL,
  `address` longtext NOT NULL,
  `univ_id` bigint NOT NULL,
  `college_type` int NOT NULL
) ENGINE=InnoDB DEFAULT CHARSET=latin1;

--
-- Dumping data for table `pms_colleges`
--

INSERT INTO `pms_colleges` (`college_id`, `college_name`, `address`, `univ_id`, `college_type`) VALUES
(1, 'National Institute of Technology Calicut', '', 0, 5),
(2, 'Indian Institute of Technology Palakkad', '', 0, 5),
(3, 'Indian Institute of Space Science and Technology, Trivandrum', '', 0, 5),
(4, 'College of Engineering, Trivandrum', '', 0, 5),
(5, 'Government College of Engineering, Kannur', '', 0, 5),
(6, 'Government Engineering College, Trivandrum', '', 0, 5),
(7, 'Government Engineering College, Idukki', '', 0, 5),
(8, 'Government Engineeeering College, Calicut', '', 0, 5),
(9, 'Government Engineering College, Sreekrishnapuram, Palakkad', '', 0, 5),
(10, 'Government Engineering College, Thrissur', '', 0, 5),
(11, 'Government Engineering College, Wayanad', '', 0, 5),
(12, 'Rajiv Gandhi Institute of Technology, Kottayam', '', 0, 5),
(13, 'Mar Athanasius College of Engineering, Kothamangalam', '', 0, 5),
(14, 'NSS College of Engineering, Palakkad', '', 0, 5),
(15, 'Thangal Kunju Musaliar College of Engineering, Kollam', '', 0, 5),
(16, 'College of Dairy Science and Technology, Mannuthy, Thrissur', '', 0, 5),
(17, 'Kelappaji College of Agricultural Engineering and Technology', '', 0, 5),
(18, 'College of dairy science and technology, Pookode, Waynad', '', 0, 5),
(19, 'College of dairy science and technology, Chittachal, Trivandrum', '', 0, 5),
(20, 'College of Engineering, Adoor', '', 0, 5),
(21, 'College of Engineering Attingal', '', 0, 5),
(22, 'College of Engineering Chengannur', '', 0, 5),
(23, 'College of Engineering, Cherthala', '', 0, 5),
(24, 'College of Engineering, Kallooppara', '', 0, 5),
(25, 'College of Engineering, Karunagapally', '', 0, 5),
(26, 'College of Engineering, Kottarakkara', '', 0, 5),
(27, 'College of Engineering, Poonjar', '', 0, 5),
(28, 'Government Model Engineering College, Cochin', '', 0, 5),
(29, 'Sree Chitra Thirunal College of Engineering', '', 0, 5),
(30, 'College of Engineering, Aranmula', '', 0, 5),
(31, 'College of Engineering, Kidangoor', '', 0, 5),
(32, 'College of Engineering & Management, Punnapra', '', 0, 5),
(33, 'College of Engineering, Pathanapuram', '', 0, 5),
(34, 'College of Engineering, Perumon', '', 0, 5),
(35, 'College of Engineering, Thalassery', '', 0, 5),
(36, 'College of Engineering, Thrikaripur', '', 0, 5),
(37, 'College of Engineering, Vadakara, Calicut', '', 0, 5),
(38, 'College of Engineering Munnar', '', 0, 5),
(39, 'LBS College of Engineering, Muliyar, Kasaragod', '', 0, 5),
(40, 'L B S Institute of Technology for Women, Poojappura, Trivandrum', '', 0, 5),
(41, 'Calicut University Institute of Engineering & Technology, Tenchipalam', '', 0, 5),
(42, 'University College of Engineering, Kariavattom', '', 0, 5),
(43, 'University College of Engineering, Thodupuzha', '', 0, 5),
(44, 'ACE College of Engineering', '', 48, 5),
(45, 'Adi Shankara Institute of Engineering Technology', '', 44, 5),
(46, 'Ahalia School of Engineering and Technology', '', 51, 5),
(47, 'Al Azhar College of Engineering and Technology', '', 44, 5),
(48, 'Al-Ameen Engineering College[', '', 51, 5),
(49, 'Albertian Institute of Science and Technology', '', 44, 5),
(50, 'Amal Jyothi College of Engineering', '', 44, 5),
(51, 'Ammini College of Engineering', '', 51, 5),
(52, 'Archana College of Engineering', '', 48, 5),
(53, 'Aryanet Institute of Technology', '', 51, 5),
(54, 'AWH Engineering College', '', 51, 5),
(55, 'Axis College of Engineering and Technology', '', 51, 5),
(56, 'Baselios Mathews Ii College of Engineering', '', 48, 5),
(57, 'Baselios Thomas I Catholicose College of Engineering and Technology', '', 44, 5),
(58, 'Believers Church Caarmel Engineering College', '', 44, 5),
(59, 'Bishop Jerome Institute[', '', 48, 5),
(60, 'Carmel College of Engineering and Technology', '', 48, 5),
(61, 'Christ Knowledge City', '', 44, 5),
(62, 'Cochin College of Engineering and Technology', '', 51, 5),
(63, 'Cochin Institute of Science and Technology', '', 44, 5),
(64, 'College of Engineering and Technology', '', 50, 5),
(65, 'Eranad Knowledge City Technical Campus', '', 51, 5),
(66, 'Federal Institute of Science and Technology', '', 44, 5),
(67, 'Focus Institute of Science and Technology', '', 51, 5),
(68, 'Gurudeva Institute of Science And Technology', '', 44, 5),
(69, 'Heera College of Engineering and Technology', '', 48, 5),
(70, 'Hindustan College of Engineering', '', 48, 5),
(71, 'Holy Grace Academy of Engineering', '', 51, 5),
(72, 'Holy Kings College of Engineering and Technology', '', 44, 5),
(73, 'I E S College of Engineering', '', 51, 5),
(74, 'Ilahia College of Engineering Technology', '', 44, 5),
(75, 'Ilahia School of Science and Technology', '', 44, 5),
(76, 'ILM College of Engineering and Technology', '', 44, 5),
(77, 'Indira Gandhi Institute of Engineering and Technology For Women', '', 44, 5),
(78, 'Jai Bharath College of Management and Engineering Technology', '', 44, 5),
(79, 'Jawaharlal College of Engineering and Technology', '', 51, 5),
(80, 'John Cox Memorial C S I Institute of Technology', '', 48, 5),
(81, 'Jyothi Engineering College', '', 51, 5),
(82, 'K M E A Engineering College', '', 44, 5),
(83, 'K R Gouri Amma College of Engineering For Women', '', 48, 5),
(84, 'KMCT College of Engineering', '', 51, 5),
(85, 'KMCT College of Engineering For Women', '', 51, 5),
(86, 'KMP College of Engineering', '', 44, 5),
(87, 'Kottayam Institute of Technology and Science', '', 44, 5),
(88, 'KVM College of Engineering and Information Technology', '', 49, 5),
(89, 'Lourdes Matha College of Science and Technology', '', 48, 5),
(90, 'MEA Engineering College', '', 51, 5),
(91, 'MES College of Engineering', '', 51, 5),
(92, 'M G College of Engineering', '', 49, 5),
(93, 'M. Dasan Institute of Technology', '', 51, 5),
(94, 'Malabar College of Engineering and Technology', '', 51, 5),
(95, 'Malabar Institute of Technology', '', 50, 5),
(96, 'Mangalam College of Engineering', '', 44, 5),
(97, 'Mar Baselios Christian College of Engineering and Technology', '', 44, 5),
(98, 'Mar Baselios College of Engineering and Technology', '', 48, 5),
(99, 'Mar Baselios Institute of Technology and Science', '', 44, 5),
(100, 'Marian Engineering College', '', 48, 5),
(101, 'Matha College of Technology', '', 44, 5),
(102, 'MES College of Engineering and Technology', '', 44, 5),
(103, 'MES Institute of Technology and Management', '', 48, 5),
(104, 'MET\'S School of Engineering', '', 51, 5),
(105, 'Mohandas College of Engineering and Technology', '', 48, 5),
(106, 'Mookambika Technical Campus', '', 44, 5),
(107, 'Mount Zion College of Engineering', '', 44, 5),
(108, 'Mount Zion College of Engineering For Women', '', 44, 5),
(109, 'Musaliar College of Engineering', '', 48, 5),
(110, 'Musaliar College of Engineering and Technology', '', 44, 5),
(111, 'Muslim Association College of Engineering macev.org', '', 96, 5),
(112, 'Muthoot Institute of Technology and Science', '', 44, 5),
(113, 'Nehru College of Engineering and Research Centre', '', 51, 5),
(114, 'Nirmala College of Engineering', '', 51, 5),
(115, 'North Malabar Institute of Technology', '', 50, 5),
(116, 'Pankajakasthuri College of Engineering and Technology', '', 48, 5),
(117, 'Pinnacle School of Engineering and Technology', '', 48, 5),
(118, 'Prime College of Engineering', '', 51, 5),
(119, 'Prs College of Engineering and Technology', '', 48, 5),
(120, 'Rajadhani Institute of Engineering and Technology', '', 48, 5),
(121, 'Rajagiri School of Engineering and Technology', '', 44, 5),
(122, 'Royal College of Engineering and Technology', '', 51, 5),
(123, 'Sadguru Swami Nithyananda Insititute of Technology', '', 50, 5),
(124, 'Sahrdaya College of Engineering and Technology', '', 51, 5),
(125, 'Saintgits College of Engineering', '', 44, 5),
(126, 'Sarabhai Institute of Science and Technology', '', 49, 5),
(127, 'SCMS School of Engineering and Technology', '', 44, 5),
(128, 'Shahul Hameed Memorial Engineering College', '', 48, 5),
(129, 'SNM Institute of Management and Technology', '', 44, 5),
(130, 'Sree Buddha College of Engineering', '', 48, 5),
(131, 'Sree Buddha College of Engineering For Women', 'Elavumthitta, Pathanamthitta', 44, 5),
(132, 'Sree Ernakulathappan College of Engineering and Management', '', 51, 5),
(133, 'Sree Narayana Guru College of Engineering and Technology', '', 50, 5),
(134, 'Sree Narayana Guru Institute of Science and Technology', '', 44, 5),
(135, 'Sree Narayana Gurukulam College of Engineering', '', 44, 5),
(136, 'Sree Narayana Institute of Technology', '', 48, 5),
(137, 'Sreepathy Institute of Management and Technology', '', 51, 5),
(138, 'Sri Vellappally Natesan College of Engineering', '', 48, 5),
(139, 'St. Gregorios College of Engineering', '', 50, 5),
(140, 'St. Joseph\'s College of Engineering and Technology', '', 44, 5),
(141, 'St. Thomas College of Engineering and Technology', '', 50, 5),
(142, 'St. Thomas College of Engineering and Technology', '', 96, 5),
(143, 'St. Thomas Institute For Science and Technology', '', 48, 5),
(144, 'TKM Institute of Technology', '', 49, 5),
(145, 'Thejus Engineering College', '', 51, 5),
(146, 'Toc H Institute of Science and Technology', '', 49, 5),
(147, 'Toms College of Engineering For Startups', '', 44, 5),
(148, 'Travancore Engineering College', '', 48, 5),
(149, 'Trinity College of Engineering', '', 48, 5),
(150, 'UKF College of Engineering and Technology', '', 48, 5),
(151, 'Universal Engineering College', '', 51, 5),
(152, 'Valia Koonambaikulathamma College of Engineering and Technology', '', 48, 5),
(153, 'Veda Vyasa Institute of Technology', '', 51, 5),
(154, 'Vidya Academy of Science and Technology', '', 51, 5),
(155, 'Vidya Academy of Science and Technology', '', 48, 5),
(156, 'Vignan Institute of Technology and Science (VISAT)', '', 44, 5),
(157, 'Vimal Jyothi Engineering College', '', 50, 5),
(158, 'Viswajyothi College of Engineering and Technology', '', 44, 5),
(159, 'Younus College of Engineering', '', 48, 5),
(160, 'Younus College of Engineering & Technology', '', 48, 5),
(161, 'Younus Institute of Technology', '', 48, 5),
(162, 'Amrita School of Engineering, Amritapuri Campus ', '', 0, 5),
(163, 'E.K. Nayanar Memorial Govt. College, Nileshwar', '', 0, 1),
(164, 'Govinda Pai Memorial Govt. College,Manjeswaram', '', 0, 1),
(165, 'Govt. College, Vidyanagar', '', 0, 1),
(166, 'Nehru Arts and Science College, Kanhangad', '', 0, 1),
(167, 'College of Applied Science, Kasaragod', '', 0, 1),
(168, 'Dr. Ambedkar Arts and Science College, Kasaragod', '', 0, 1),
(169, 'Malabar Islamic Complex Arts and Science College, Thekkil', '', 0, 1),
(170, 'Nalanda College of Arts and Science, Kasaragod', '', 0, 1),
(171, 'S.N.D.P. Yogam Arts and Science College, Kasaragod', '', 0, 1),
(172, 'Sa-a-Diya Arts and Science College, Kasaragod', '', 0, 1),
(173, 'Sharaf Arts and Science College, Kasaragod', '', 0, 1),
(174, 'St. Pious College, Kasargod', '', 0, 1),
(175, 'Govt. Polytechnic (Nodal Polytechnic), Kasaragod', '', 0, 1),
(176, 'Govt. Polytechnic, Thrikkaripur', '', 0, 1),
(177, 'Swami Nithyananda Polytechnic (Private), Kollam', '', 0, 1),
(178, 'Co-Operative Arts and Science College, Pazhayangadi', '', 0, 1),
(179, 'Govt. Brennen College, Thalasery', '', 0, 1),
(180, 'Krishna Menon Memorial women\'s College, Kannur', '', 0, 1),
(181, 'M.G. College, Iritty, Kannur', '', 0, 1),
(182, 'N.A.M. College, Kallikandy', '', 0, 1),
(183, 'Nirmalagiri College, Koothuparambu', '', 0, 1),
(184, 'Payyannur College, Payyannur', '', 0, 1),
(185, 'Pazhassi raja N.S.S. College, Kannur', '', 0, 1),
(186, 'S.E.S. College, Kannur', '', 0, 1),
(187, 'S.N. College, Cannanore ,', '', 0, 1),
(188, 'Sree Sankaracharya University of Sanskrit, Payyannur', '', 0, 1),
(189, 'Aditya Kiran College of Applied Studies, Kannur', '', 0, 1),
(190, 'Bhaskara College of Arts, Kannur', '', 0, 1),
(191, 'Chinmaya Arts and Science for Women, Kannur', '', 0, 1),
(192, 'College of Applied Science, Kuthuparamba', '', 0, 1),
(193, 'College of Applied Science, Taliparamba', '', 0, 1),
(194, 'Devamatha Arts and Science College , Kannur', '', 0, 1),
(195, 'Gurudev Arts and Science College, Payyannur', '', 0, 1),
(196, 'I.T.M. College of Arts and Science, Kannur', '', 0, 1),
(197, 'Mahatma Gandhi Arts and Science , Kannur', '', 0, 1),
(198, 'Mary Matha Arts and Science College, Kannur', '', 0, 1),
(199, 'Sir Syed College, Karimbam', '', 0, 1),
(200, 'Sir Syed Institute for Technical Studies, Taliparamba', '', 0, 1),
(201, 'Taliparamba Arts and Science College , Taliparamba', '', 0, 1),
(202, 'Govt. College, Elerithattu', '', 0, 1),
(203, 'Govt. College, Mananthavady', '', 0, 1),
(204, 'Mary Matha Arts and Science College, Wayanad', '', 0, 1),
(205, 'N.M.S.M. Govt. College, Kalpetta', '', 0, 1),
(206, 'Don Bosco College , Wayanad', '', 0, 1),
(207, 'Pazhassiraja College, Wayanad', '', 0, 1),
(208, 'St. Mary\'s College, Sulthanbattery', '', 0, 1),
(209, 'W.M.O. Arts and Science College, Wayanad', '', 0, 1),
(210, 'Farook College, Calicut', '', 0, 1),
(211, 'Govt. Arts and Science College, Calicut', '', 0, 1),
(212, 'Govt. College, Kodencherry', '', 0, 1),
(213, 'Govt. College, Madappally', '', 0, 1),
(214, 'Govt. College, Mokeri', '', 0, 1),
(215, 'Govt. Jawaharlal Nehru College, Kadamath', '', 0, 1),
(216, 'Holy Cross Institute of Management and Technology, Calicut', '', 0, 1),
(217, 'S.A.R.B.T.M Govt. College, Quilandy', '', 0, 1),
(218, 'Sree Sankaracharya University of Sanskrit, Koyilandy', '', 0, 1),
(219, 'A.V. Abdurahiman Haji Arts and Science College, Meppayur', '', 0, 1),
(220, 'A.W.H. Special College, Calicut', '', 0, 1),
(221, 'Baithul Izza Arts and Science College, Calicut', '', 0, 1),
(222, 'Bharathiya Vidhya Bhavan Arts and Science College, Calicut', '', 0, 1),
(223, 'College of Applied Science, Killyanad', '', 0, 1),
(224, 'College of Applied Sciences, Nadapuram', '', 0, 1),
(225, 'College of Applied Sciences,Thiruvampadi', '', 0, 1),
(226, 'Dayapuram Arts and Science College for Women, Calicut', '', 0, 1),
(227, 'I.C.N.A.S. , Calicut', '', 0, 1),
(228, 'Ilahiya Arts and Science College, Calicut', '', 0, 1),
(229, 'J.D.T. Islam Arts and Science College, Calicut', '', 0, 1),
(230, 'K.M.O. Arts and Science College, Calicut', '', 0, 1),
(231, 'Little Flower Institute of Social Sciences and Health, Calicut', '', 0, 1),
(232, 'M.E.S. College, Calicut', '', 0, 1),
(233, 'M.E.T. College, Nadapuram', '', 0, 1),
(234, 'M.H.E.S. College of Science and Technology, Calicut', '', 0, 1),
(235, 'Malabar Christian College, Calicut', '', 0, 1),
(236, 'Markaz College of Arts and Science, Kunnamangalam', '', 0, 1),
(237, 'MES College, Vatakara', '', 0, 1),
(238, 'Muhammed Abdurahiman Memorial Orphange College, Mannassery', '', 0, 1),
(239, 'National College of Arts and Science, Calicut', '', 0, 1),
(240, 'Providence Women\'s College, Calicut', '', 0, 1),
(241, 'R. Sankar Memorial S.N.D.P. Yogam Arts and Science College, Calicut', '', 0, 1),
(242, 'S.N. Guru College, Chelannur', '', 0, 1),
(243, 'Savithri Devi Saboo Memorial College for Women, Calicut', '', 0, 1),
(244, 'Seethi Sahib College of Arts and Science, Calicut', '', 0, 1),
(245, 'Sree Narayana College, Vatakara', '', 0, 1),
(246, 'St. Josephs College, Devagiri', '', 0, 1),
(247, 'Zamorins Guruvayurappan College, Pokunnu', '', 0, 1),
(248, 'College of Applied Science, Malappuram', '', 0, 1),
(249, 'College of Applied Sciences, Vattamkulam', '', 0, 1),
(250, 'Govt. College, Tirur', '', 0, 1),
(251, 'P.T.M. Govt. College, Perinthalmanna', '', 0, 1),
(252, 'Sree Sankaracharya University of Sanskrit, Tirur', '', 0, 1),
(253, 'Thunchan Memorial Govt. College, Malappuram', '', 0, 1),
(254, 'Amal College of Management Studies, Malappuram', '', 0, 1),
(255, 'Assabah Arts and Science College, Malappuram', '', 0, 1),
(256, 'Dr. Gafoor Memorial M.E.S. Mampad College, Mampad', '', 0, 1),
(257, 'E.M.E.A. College, Malappuram', '', 0, 1),
(258, 'Farook Arts and Science College, Malappuram', '', 0, 1),
(259, 'Gems Arts and Science College, Malappuram', '', 0, 1),
(260, 'Grace Valley College of Arts and Science, Malappuram', '', 0, 1),
(261, 'H.M. College of Science and Technology, Malappuram', '', 0, 1),
(262, 'Jamia Nadawiyya Arts and Science College, Malappuram', '', 0, 1),
(263, 'K.V. Usthad Memorial Darul Hidaya Orphanage Arts and Science College, Malappuram', '', 0, 1),
(264, 'Khidmath Arts and Science College, Malappuram', '', 0, 1),
(265, 'M.E.S. College, Ponnani', '', 0, 1),
(266, 'M.E.S. Keeveeyam College, Malappuram', '', 0, 1),
(267, 'Majlis Arts and Science College, Malappuram', '', 0, 1),
(268, 'Markaz Arts and Science College, Malappuram', '', 0, 1),
(269, 'Marthoma College, Nilambur', '', 0, 1),
(270, 'N.S.S. College, Manjeri', '', 0, 1),
(271, 'Najath College of Science and Technology, Malappuram', '', 0, 1),
(272, 'P.S.M.O. College, Malappuram', '', 0, 1),
(273, 'Regional College of Science and Humanities, Malappuram', '', 0, 1),
(274, 'S.A.F.I. Institute of Advanced Study, Malappuram', '', 0, 1),
(275, 'S.N.D.P. Sathabdi Smaraka College, Malappuram', '', 0, 1),
(276, 'Sree Sastha College , Malappuram', '', 0, 1),
(277, 'Sree Vivekananda Padana Kendram Arts and Science College, Malappuram', '', 0, 1),
(278, 'Sullamussalam Science College, Malappuram', '', 0, 1),
(279, 'Unity women\'s College, Manjeri', '', 0, 1),
(280, 'Vedavyasa Institute of Arts and Science, Malappuram', '', 0, 1),
(281, 'Chembai Memorial Govt. Music College, Palakkad', '', 0, 1),
(282, 'Govt. Arts and Science College, Kozhinjampara', '', 0, 1),
(283, 'Govt. College, Chittur', '', 0, 1),
(284, 'Govt. Victoria College, Palghat', '', 0, 1),
(285, 'Sree Neelakanda Govt. Sanskrit College, Pattambi', '', 0, 1),
(286, 'A.W.H. College of Science and Technology, Palakkad', '', 0, 1),
(287, 'College of Applied Science, Vadakkenchery', '', 0, 1),
(288, 'College of Applied Science, Kuzhalmannam', '', 0, 1),
(289, 'College of Applied Science, Malampuzha', '', 0, 1),
(290, 'Institute for Communicative and Cognitive Nuero Sciences, Palakkad', '', 0, 1),
(291, 'Karuna Arts and Science College, Palakkad', '', 0, 1),
(292, 'M.P.M.M.S.N. Trust College, Shornur', '', 0, 1),
(293, 'Mercy College, Palakkad', '', 0, 1),
(294, 'Minority Arts and Science College, Padinjarangadi', '', 0, 1),
(295, 'Muslim Education Society Kalladi College, Palakkad', '', 0, 1),
(296, 'N.S.S. College, Nemmara', '', 0, 1),
(297, 'N.S.S. College, Ottappalam', '', 0, 1),
(298, 'Royal Institute of Science and Technology (R.I.S.T.), Palakkad', '', 0, 1),
(299, 'Sree Narayana College, Alathur', '', 0, 1),
(300, 'Sree Vyasa N.S.S. College, Vadakkancherry', '', 0, 1),
(301, 'Sreekrishnapuram V.T. Bhattathiripad College, Mannampatta', '', 0, 1),
(302, 'Thunchath Ezhuthachan College of Management, Information Technology and Biotechnology, Palakkad', '', 0, 1),
(303, 'V.V. College of Science and Technology, Palakkad', '', 0, 1),
(304, 'Yuvakshethra Institute of Management Studies, Palakkad', '', 0, 1),
(305, 'C.K. Govindan Nair Memorial Govt. College, Thrissur', '', 0, 1),
(306, 'College of Applied Sciences, Chelakkara', '', 0, 1),
(307, 'College of Applied Sciences, Valappad', '', 0, 1),
(308, 'Govt. Fine Arts College, Thrissur', '', 0, 1),
(309, 'K.K.T.M. Govt. College, Thrissur', '', 0, 1),
(310, 'Panampilly Memorial Govt. College, Thrissur', '', 0, 1),
(311, 'Sree Krishna College, Guruvayoor', '', 0, 1),
(312, 'Sree Sankaracharya University of Sanskrit, Kottappuram', '', 0, 1),
(313, 'Sri. C. Achutha Menon Govt. College, Thrissur', '', 0, 1),
(314, 'A.C. Kunhumon Haji Memorial C.A. College, Thrissur', '', 0, 1),
(315, 'Ansar Women\'s College, Thrissur', '', 0, 1),
(316, 'Carmel College, Thrissur', '', 0, 1),
(317, 'Christ College, Irinjalakuda', '', 0, 1),
(318, 'Don Bosco College, Thrissur', '', 0, 1),
(319, 'M.E.S. Asmabi College, Kodungalloor', '', 0, 1),
(320, 'Mar Dianisius College, Pazhanji', '', 0, 1),
(321, 'Mother Arts and Science College, Thrissur', '', 0, 1),
(322, 'Muslim Educational Society College, Thrissur', '', 0, 1),
(323, 'Naipunnya Institute of Management and Computer Technology, Thrissur', '', 0, 1),
(324, 'Prajothi Nikethan College , Thrissur', '', 0, 1),
(325, 'S.N. College, Nattika', '', 0, 1),
(326, 'Sacred Heart College for Women, Chalakkudy', '', 0, 1),
(327, 'Sree Kerala Varma College, Thrissur', '', 0, 1),
(328, 'Sree Vivekananda College, Thrissur', '', 0, 1),
(329, 'St. Alousious College, Elthuruthu', '', 0, 1),
(330, 'St. Joseph College, Irinjalakuda', '', 0, 1),
(331, 'St. Josephs College, Irinjalakuda', '', 0, 1),
(332, 'St. Mary\'s College, Chembukkav', '', 0, 1),
(333, 'St. Thoma College, Thrissur', '', 0, 1),
(334, 'Vimala College, Thrissur', '', 0, 1),
(335, 'Govt. College, Manimalakunnu', '', 0, 1),
(336, 'Govt. College, Tripunithura', '', 0, 1),
(337, 'Govt. Sanskrit College, Tripunithura', '', 0, 1),
(338, 'International School of Photonics, Cochin', '', 0, 1),
(339, 'Kesari Arts and Science College, N.paravur', '', 0, 1),
(340, 'Maharajas College, Pallimukku', '', 0, 1),
(341, 'Presentation College of Applied Sciences, Ernakulam', '', 0, 1),
(342, 'Sree Sankaracharya University of Sanskrit, Kalady', '', 0, 1),
(343, 'St. Peters College, Ernakulam', '', 0, 1),
(344, 'St. Teresa\'s College, Cochin', '', 0, 1),
(345, 'Acquinas College, Cochin', '', 0, 1),
(346, 'Al-Ameen College, Edathala', '', 0, 1),
(347, 'Amrita School of Arts and Science, Cochin', '', 0, 1),
(348, 'Baselius Poulose II Catholicate College, Ernakulam', '', 0, 1),
(349, 'Bharathamatha College, Ernakulam', '', 0, 1),
(350, 'Cochin College, Cochi', '', 0, 1),
(351, 'Ilahia College of Arts and Science, Muvattupuzha', '', 0, 1),
(352, 'M.E.S. College for Advanced Studies, Aluva', '', 0, 1),
(353, 'Mar Athanasius College, Ernakulam', '', 0, 1),
(354, 'Marthoma College for Women, Cochin', '', 0, 1),
(355, 'Morning Star Home Science College, Angamaly', '', 0, 1),
(356, 'Nirmala College, Ernakulam', '', 0, 1),
(357, 'R.L.V. College of Music and Institute of Fine Arts , Ernakulam', '', 0, 1),
(358, 'Rajagiri College of Social Science, Ernakulam', '', 0, 1),
(359, 'S.N.M. College, Ernakulam', '', 0, 1),
(360, 'S.S.V. College, Cochin', '', 0, 1),
(361, 'Sacred Heart College, Ernakulam', '', 0, 1),
(362, 'Sree Sankara College, Kalady', '', 0, 1),
(363, 'St. Alberts College, Cochin', '', 0, 1),
(364, 'St. Pauls College, Ernakulam', '', 0, 1),
(365, 'St. Xaviers College for Women, Aluva', '', 0, 1),
(366, 'Union Christian College, Ernakulam', '', 0, 1),
(367, 'College of Applied Science, Kuttikanam', '', 0, 1),
(368, 'College of Applied Science, Thoduppuzha', '', 0, 1),
(369, 'Govt. College, Kattappana', '', 0, 1),
(370, 'Govt. College, Munnar', '', 0, 1),
(371, 'Holy Cross College of Management and Technology, Idukki', '', 0, 1),
(372, 'Jawaharlal Nehru Institute of Arts and Science, Idukki', '', 0, 1),
(373, 'Marian College, Idukki', '', 0, 1),
(374, 'Muslim Educational Society College, Idukki', '', 0, 1),
(375, 'N.S.S. College, Rajakumari', '', 0, 1),
(376, 'Newman College, Idukki', '', 0, 1),
(377, 'Pavanatma College , Idukki', '', 0, 1),
(378, 'St. Josephs College, Moolamattom', '', 0, 1),
(379, 'Govt. College, Kottayam', '', 0, 1),
(380, 'Sree Sankaracharya University of Sanskrit, Ettumanoor', '', 0, 1),
(381, 'Alphonsa College, Kuravilangad', '', 0, 1),
(382, 'Assumption College, Changancherry', '', 0, 1),
(383, 'B.K. College for Women, Kottayam', '', 0, 1),
(384, 'Baselius College, Kottayam', '', 0, 1),
(385, 'Bishop Choolaparambil Memorial College, Kottayam', '', 0, 1),
(386, 'Bishop Vayalil Memorial Holly Cross College, Kottayam', '', 0, 1),
(387, 'C.M.S. College, Kottayam', '', 0, 1),
(388, 'College of Applied Science (IHRD), Kaduthuruthy', '', 0, 1),
(389, 'College of Applied Science (IHRD), Puthuppally', '', 0, 1),
(390, 'Deva Matha College, Uzhavoor', '', 0, 1),
(391, 'Devaswom Board College, Kottayam', '', 0, 1),
(392, 'Ettumanoorappan College, Kottayam', '', 0, 1),
(393, 'Henry Baker College, Changancherry', '', 0, 1),
(394, 'K.E. College, Thalayolapramba', '', 0, 1),
(395, 'Kuriakose Gregrios College, Mannarcaud', '', 0, 1),
(396, 'M.E.S. College, Kottayam, Erumeli', '', 0, 1),
(397, 'Mar Augusthinose College, Pala', '', 0, 1),
(398, 'N.S.S. Hindu College, Vazhoor', '', 0, 1),
(399, 'Sri. Vidyadiraja N.S.S. College, Kottayam', '', 0, 1),
(400, 'St. Berchamans College, Kottayam', '', 0, 1),
(401, 'St. Dominic College, Kanjirappally', '', 0, 1),
(402, 'St. George College, Kottayam', '', 0, 1),
(403, 'St. Mary\'s College, Kottayam', '', 0, 1),
(404, 'St. Stepehns College, Uzhavoor', '', 0, 1),
(405, 'St. Thomas College, Kottayam', '', 0, 1),
(406, 'St. Thomas College, Thiruvalla', '', 0, 1),
(407, 'St. Xaviers College, Kottayam', '', 0, 1),
(408, 'Sree Sankaracharya University of Sanskrit, Thuravoor', '', 0, 1),
(409, 'Bishop Moore College, Alappuzha', '', 0, 1),
(410, 'Christian College, Chengannur', '', 0, 1),
(411, 'I.H.R.D. College of Applied Sciences, Mavelikara', '', 0, 1),
(412, 'Miladi sherif Memorial College, KayamKulam', '', 0, 1),
(413, 'N.S.S. College, Cherthala', '', 0, 1),
(414, 'S.N. College, Cherthala', '', 0, 1),
(415, 'S.N.G.M. Arts and Science College, Cherthala', '', 0, 1),
(416, 'Sanadhana Dharma College, Alappuzha', '', 0, 1),
(417, 'Sree Narayana College, Chengannur', '', 0, 1),
(418, 'Sri. Ayyappa Devaswom Board College, Eramalikaraa', '', 0, 1),
(419, 'St. Aloysius College, Cherthala', '', 0, 1),
(420, 'St. Joseph College for Women, Cherthala', '', 0, 1),
(421, 'St. Michaels College, Chengannur', '', 0, 1),
(422, 'T.K. Madhavan Memorial College, Haripad', '', 0, 1),
(423, 'College of Applied Science, Pathanamthitta', '', 0, 1),
(424, 'College of Applied Sciences (I.H.R.D), Adoor', '', 0, 1),
(425, 'B.A.M. College, Pamba', '', 0, 1),
(426, 'Catholicate College, Pathanamthitta', '', 0, 1),
(427, 'Devaswom Board College, Parumala', '', 0, 1),
(428, 'Marthoma College, Pathanamthitta', '', 0, 1),
(429, 'N.S.S. College, Pandalam', '', 0, 1),
(430, 'Sahodaran Ayyappan Smaraka (S.N.D.P) Yogam College, Konni', '', 0, 1),
(431, 'St. Cyrils College, Pathanamthitta', '', 0, 1),
(432, 'St. Thomas College, Thuruthicaud', '', 0, 1),
(433, 'Govt. College, Koilandy', '', 0, 1),
(434, 'Sree Sankaracharya University of Sanskrit, Panmana', '', 0, 1),
(435, 'Devaswom Board College, Kollam', '', 0, 1),
(436, 'Fathima Matha National College, Kottarakara', '', 0, 1),
(437, 'Mannam Memorial N.S.S. College, Kollam', '', 0, 1),
(438, 'N.S.S. College, Punalur', '', 0, 1),
(439, 'S.N. College for Women, Kottiyam', '', 0, 1),
(440, 'S.N. College, Punalur', '', 0, 1),
(441, 'S.N. College, Quilon', '', 0, 1),
(442, 'Sree Narayana College, Chathannur', '', 0, 1),
(443, 'St. Gregorios College, Kollam', '', 0, 1),
(444, 'St. Johns College, Pathanapuram', '', 0, 1),
(445, 'St. Stephen\'s College, Kollam', '', 0, 1),
(446, 'Thangal Kunju Musaliar College of Arts and science , Kollam', '', 0, 1),
(447, 'Govt. College, Koilandy', '', 0, 1),
(448, 'Sree Sankaracharya University of Sanskrit, Panmana', '', 0, 1),
(449, 'Devaswom Board College, Kollam', '', 0, 1),
(450, 'Fathima Matha National College, Kottarakara', '', 0, 1),
(451, 'Mannam Memorial N.S.S. College, Kollam', '', 0, 1),
(452, 'N.S.S. College, Punalur', '', 0, 1),
(453, 'S.N. College for Women, Kottiyam', '', 0, 1),
(454, 'S.N. College, Punalur', '', 0, 1),
(455, 'S.N. College, Quilon', '', 0, 1),
(456, 'Sree Narayana College, Chathannur', '', 0, 1),
(457, 'St. Gregorios College, Kollam', '', 0, 1),
(458, 'St. Gregorios College, Kollam', '', 0, 1),
(459, 'St. Johns College, Pathanapuram', '', 0, 1),
(460, 'St. Stephen\'s College, Kollam', '', 0, 1),
(461, 'Thangal Kunju Musaliar College of Arts and science , Kollam', '', 0, 1),
(462, 'All Saints College, Thiruvananthapuram', '', 0, 1),
(463, 'Christian College, Dhanuvachapuram', '', 0, 1),
(464, 'Govt. Arts College, Trivandrum', '', 0, 1),
(465, 'Govt. College for Women, Trivandrum', '', 0, 1),
(466, 'Govt. College, Aatingal', '', 0, 1),
(467, 'Govt. College, Kariavattom', '', 0, 1),
(468, 'Govt. College, Nedumangad', '', 0, 1),
(469, 'Govt. Sanskrit College, Thiruvananthapuram', '', 0, 1),
(470, 'K.N.M. Govt. Arts and Science College, Thiruvananthapuram', '', 0, 1),
(471, 'Loyola College of Social Science, Thiruvananthapuram', '', 0, 1),
(472, 'Mahatma Gandhi College, Thiruvananthapuram', '', 0, 1),
(473, 'Mannania College of Arts and Science, Kallara', '', 0, 1),
(474, 'S.N. College, Kattakada', '', 0, 1),
(475, 'Sree Narayana College, Varkala', '', 0, 1),
(476, 'Sree Sankaracharya University of Sanskrit, Vanchiyoor', '', 0, 1),
(477, 'St. Xaviers College, Trivandrum', '', 0, 1),
(478, 'University College, Trivandrum', '', 0, 1),
(479, 'V.T.M.N.S.S. College, Pangode', '', 0, 1),
(480, 'A. J. College of Science and Technology, Thiruvananthapuram', '', 0, 1),
(481, 'C.H.M.M. College for Advanced Studies, Varkala', '', 0, 1),
(482, 'College of Fine Arts, Thiruvananthapuram', '', 0, 1),
(483, 'Emmanuel College, Thiruvananthapuram', '', 0, 1),
(484, 'Iqbal College, Sivagiri', '', 0, 1),
(485, 'Lekshmibai National College of Physical Education, Thiruvananthapuram', '', 0, 1),
(486, 'Mar Ivanios College, Thiruvananthapuram', '', 0, 1),
(487, 'N.S.S. College for Women, Peringamala', '', 0, 1),
(488, 'National College, Thiruvananthapuram', '', 0, 1),
(489, 'National Institute of Speech and Hearing, Thiruvananthapuram', '', 0, 1),
(490, 'Sree Sankara Vidya Peetom College, Kilimanoor', '', 0, 1),
(491, 'Sree Swathi Thirunal College of Music, Thiruvananthapuram', '', 0, 1),
(492, 'Marian College Kuttikkanam', '', 44, 0),
(493, 'St.Josephs College', '', 132, 0),
(494, 'ST.MARYS COLLEGE OF SAN JUAN', '', 135, 0),
(495, 'Govt.VTB College', '', 137, 0);

-- --------------------------------------------------------

--
-- Table structure for table `pms_company`
--

CREATE TABLE `pms_company` (
  `company_id` bigint NOT NULL,
  `type_id` bigint NOT NULL,
  `company_name` varchar(255) NOT NULL,
  `company_address` longtext NOT NULL,
  `company_email` varchar(255) NOT NULL,
  `company_phone` varchar(50) NOT NULL,
  `company_profile` longtext NOT NULL,
  `specialties` longtext NOT NULL,
  `industry` varchar(255) NOT NULL,
  `ind_id` bigint NOT NULL,
  `company_size` varchar(255) NOT NULL,
  `founded` varchar(255) NOT NULL,
  `contact_name` varchar(255) NOT NULL,
  `contact_name_notes` longtext NOT NULL,
  `designation` varchar(255) NOT NULL,
  `contact_email` varchar(100) NOT NULL,
  `city_id` bigint NOT NULL,
  `building_location` varchar(255) NOT NULL,
  `date_added` date NOT NULL,
  `contact_phone` varchar(50) NOT NULL,
  `contact_phone_ext` varchar(20) NOT NULL,
  `contact_phone_1` varchar(100) NOT NULL,
  `contact_phone_2` varchar(100) NOT NULL,
  `contact_facebook` longtext NOT NULL,
  `contact_linkedin` longtext NOT NULL,
  `contact_twitter` longtext NOT NULL,
  `location_map` longtext NOT NULL,
  `google_map` longtext NOT NULL,
  `map_attached` varchar(255) NOT NULL,
  `company_website` varchar(255) NOT NULL,
  `twitter` varchar(255) NOT NULL,
  `facebook` varchar(255) NOT NULL,
  `linkedin` varchar(255) NOT NULL,
  `googleplus` varchar(255) NOT NULL,
  `user_id` bigint NOT NULL,
  `status` int NOT NULL,
  `company_priority` int NOT NULL,
  `company_rating` int NOT NULL,
  `company_hash` varchar(255) NOT NULL,
  `company_logo` varchar(255) NOT NULL,
  `gstno` varchar(255) NOT NULL,
  `show_logo` int NOT NULL
) ENGINE=InnoDB DEFAULT CHARSET=latin1;

--
-- Dumping data for table `pms_company`
--

INSERT INTO `pms_company` (`company_id`, `type_id`, `company_name`, `company_address`, `company_email`, `company_phone`, `company_profile`, `specialties`, `industry`, `ind_id`, `company_size`, `founded`, `contact_name`, `contact_name_notes`, `designation`, `contact_email`, `city_id`, `building_location`, `date_added`, `contact_phone`, `contact_phone_ext`, `contact_phone_1`, `contact_phone_2`, `contact_facebook`, `contact_linkedin`, `contact_twitter`, `location_map`, `google_map`, `map_attached`, `company_website`, `twitter`, `facebook`, `linkedin`, `googleplus`, `user_id`, `status`, `company_priority`, `company_rating`, `company_hash`, `company_logo`, `gstno`, `show_logo`) VALUES
(1, 0, 'Seekers Consultancy', '', '', '', '', '', '', 108, '', '', '', '', '', '', 0, '', '2023-05-05', '', '', '', '', '', '', '', '', '', '', '', '', '', '', '', 58, 3, 0, 0, '', '', '', 0),
(2, 0, 'Seekers Consultancy', '', '', '', '', '', '', 0, '', '', '', '', '', '', 0, '', '2023-05-06', '', '', '', '', '', '', '', '', '', '', '', '', '', '', '', 58, 1, 0, 0, '', '', '', 0),
(3, 0, 'Issoftech', '', '', '', '', '', '', 88, '', '', '9677846093', '', '', 'boobalanbalaji@gmail.com', 0, '', '2023-05-10', '9677846093', '', '', '', '', '', '', '', '', '', '', '', '', '', '', 0, 1, 0, 0, 'dynNGVuDrRo3iQPwzv', '', '', 0),
(4, 0, 'TCS', '', '', '', '', '', '', 88, '', '', '', '', '', '', 0, '', '2023-05-10', '', '', '', '', '', '', '', '', '', '', '', '', '', '', '', 58, 3, 0, 0, '', '3cfd71848c8a2bc4e46a320cc23f7807.jpg', '', 0),
(5, 3, 'Byjus', 'Near Koyambedu bus stand', 'Info@byjus.com', '1234567890', '', '', '', 73, '', '', 'Ram Prasad (Santhosh)', 'Incharge person', 'Manager', 'Santhosh@byjus.com', 90, '1', '2023-05-13', '9965279141', '', '', '', '', '', '', '', '', '', '', '', '', '', '', 58, 3, 1, 5, '', '', '', 0),
(6, 2, 'denovo', 'maniyakaranpalayam', '', '09791011536', '', '', '', 88, '', '', 'rithesh', 'Need project manager', 'HR', 'hr@denovo.com', 90, '', '2023-05-16', '09791011536', '', '09791011536', '', '', '', '', '', '', '', '14/05/2020', '', '', '', '', 58, 3, 1, 9, '', '', '', 0),
(7, 0, 'DnRtrqgJIUsXk', '', '', '', '', '', '', 119, '', '', 'asBFOIxKHodrVmv', '', '', 'dilyiquled@outlook.com', 0, '', '2023-06-04', '9357750200', '', '', '', '', '', '', '', '', '', '', '', '', '', '', 0, 1, 0, 0, '5j73V6rDLRp4Qo2fcz', '', 'UeHIQxZsJFcuf', 0),
(8, 0, 'Seekers Consultancy', '', '', '', '', '', '', 37, '', '', 'asgddsag', '', '', 'info@seekershr.com', 0, '', '2023-06-19', '8589003000', '', '', '', '', '', '', '', '', '', '', '', '', '', '', 0, 1, 0, 0, 'B1G3knMwTr7UA4QCoq', '', '', 0);

-- --------------------------------------------------------

--
-- Table structure for table `pms_companyuser_password_change`
--

CREATE TABLE `pms_companyuser_password_change` (
  `password_change_id` int NOT NULL,
  `unique_id` int NOT NULL,
  `user_id` int NOT NULL,
  `status` int NOT NULL
) ENGINE=InnoDB DEFAULT CHARSET=latin1;

--
-- Dumping data for table `pms_companyuser_password_change`
--

INSERT INTO `pms_companyuser_password_change` (`password_change_id`, `unique_id`, `user_id`, `status`) VALUES
(1, 0, 6, 1),
(2, 758, 0, 1);

-- --------------------------------------------------------

--
-- Table structure for table `pms_company_agreements`
--

CREATE TABLE `pms_company_agreements` (
  `agreement_id` bigint NOT NULL,
  `date_uploaded` date NOT NULL,
  `company_id` bigint NOT NULL,
  `agreement_note` longtext NOT NULL,
  `agreement_file` varchar(255) NOT NULL,
  `admin_id` bigint NOT NULL
) ENGINE=InnoDB DEFAULT CHARSET=latin1;

-- --------------------------------------------------------

--
-- Table structure for table `pms_company_followup`
--

CREATE TABLE `pms_company_followup` (
  `flp_id` bigint NOT NULL,
  `company_id` bigint NOT NULL,
  `flp_date` date NOT NULL,
  `flp_next_date` date NOT NULL,
  `flp_notes` longtext NOT NULL,
  `flp_status` int NOT NULL,
  `lead_status` int NOT NULL,
  `lead_status_date` date NOT NULL,
  `admin_id` bigint NOT NULL
) ENGINE=InnoDB DEFAULT CHARSET=latin1;

--
-- Dumping data for table `pms_company_followup`
--

INSERT INTO `pms_company_followup` (`flp_id`, `company_id`, `flp_date`, `flp_next_date`, `flp_notes`, `flp_status`, `lead_status`, `lead_status_date`, `admin_id`) VALUES
(1, 1, '2023-05-06', '2023-05-13', '', 0, 3, '2023-05-06', 58),
(2, 2, '2023-05-06', '2023-05-13', 'call again', 0, 0, '2023-05-06', 58),
(3, 4, '2023-05-10', '2023-05-17', 'called the HR Mnager ', 0, 1, '2023-05-10', 58),
(4, 4, '2023-05-10', '2023-05-17', 'spoke to the GM', 0, 0, '2023-05-10', 58),
(5, 4, '2023-05-10', '2023-05-17', '', 0, 3, '2023-05-10', 58),
(6, 5, '2023-05-15', '2023-05-22', '', 0, 3, '2023-05-15', 58),
(7, 5, '2023-05-15', '2023-05-22', 'spoke to GM ,', 0, 0, '2023-05-15', 58),
(8, 5, '2023-05-15', '2023-05-22', 'spoke to GM ,', 0, 2, '2023-05-15', 58),
(9, 1, '2023-05-15', '2023-05-22', '', 0, 0, '2023-05-15', 58),
(10, 5, '2023-05-15', '2023-05-22', '', 0, 2, '2023-05-15', 58),
(11, 6, '2023-05-16', '2023-05-23', 'spoke to GM ', 5, 0, '2023-05-16', 58),
(12, 5, '2023-06-19', '2023-06-26', 'they are looking for IT people', 0, 0, '2023-06-19', 27),
(13, 5, '2023-06-19', '2023-06-26', '', 0, 3, '2023-06-19', 27);

-- --------------------------------------------------------

--
-- Table structure for table `pms_company_opportunity`
--

CREATE TABLE `pms_company_opportunity` (
  `company_id` bigint NOT NULL,
  `opp_id` bigint NOT NULL
) ENGINE=InnoDB DEFAULT CHARSET=latin1;

-- --------------------------------------------------------

--
-- Table structure for table `pms_company_to_recruiter`
--

CREATE TABLE `pms_company_to_recruiter` (
  `admin_id` bigint NOT NULL,
  `company_id` bigint NOT NULL
) ENGINE=InnoDB DEFAULT CHARSET=latin1;

--
-- Dumping data for table `pms_company_to_recruiter`
--

INSERT INTO `pms_company_to_recruiter` (`admin_id`, `company_id`) VALUES
(57, 1),
(41, 3),
(41, 1),
(41, 2),
(41, 4);

-- --------------------------------------------------------

--
-- Table structure for table `pms_company_type`
--

CREATE TABLE `pms_company_type` (
  `type_id` bigint NOT NULL,
  `type_name` varchar(255) NOT NULL,
  `type_desc` varchar(255) NOT NULL
) ENGINE=InnoDB DEFAULT CHARSET=latin1;

--
-- Dumping data for table `pms_company_type`
--

INSERT INTO `pms_company_type` (`type_id`, `type_name`, `type_desc`) VALUES
(1, 'Small', ''),
(2, 'Medium', ''),
(3, 'Large', ''),
(4, 'Excellent/First Grade', ''),
(5, 'Public Share Holding', ''),
(6, 'Semi Government', ''),
(7, 'Government', '');

-- --------------------------------------------------------

--
-- Table structure for table `pms_company_users`
--

CREATE TABLE `pms_company_users` (
  `user_id` bigint UNSIGNED NOT NULL,
  `email` varchar(50) NOT NULL,
  `username` varchar(50) NOT NULL,
  `password` varchar(100) NOT NULL,
  `firstname` varchar(50) NOT NULL,
  `lastname` varchar(50) NOT NULL,
  `mobile` varchar(20) NOT NULL,
  `address` varchar(250) NOT NULL,
  `telephone` varchar(20) NOT NULL,
  `company_id` bigint NOT NULL,
  `status` int NOT NULL,
  `package` int NOT NULL,
  `payment_status` int NOT NULL,
  `reg_date` date NOT NULL,
  `aadhar_file` varchar(255) NOT NULL,
  `pan_file` varchar(255) NOT NULL,
  `gst_file` varchar(255) NOT NULL,
  `chk_agrmt` int NOT NULL,
  `chk_terms` int NOT NULL,
  `ext` varchar(100) NOT NULL,
  `stdcode` varchar(100) NOT NULL,
  `pincode` varchar(100) NOT NULL,
  `country_id` bigint NOT NULL,
  `state_id` bigint NOT NULL,
  `city_id` bigint NOT NULL
) ENGINE=InnoDB DEFAULT CHARSET=latin1;

--
-- Dumping data for table `pms_company_users`
--

INSERT INTO `pms_company_users` (`user_id`, `email`, `username`, `password`, `firstname`, `lastname`, `mobile`, `address`, `telephone`, `company_id`, `status`, `package`, `payment_status`, `reg_date`, `aadhar_file`, `pan_file`, `gst_file`, `chk_agrmt`, `chk_terms`, `ext`, `stdcode`, `pincode`, `country_id`, `state_id`, `city_id`) VALUES
(1, 'Email', 'Email', 'dc647eb65e6711e155375218212b3964', 'Contact Name', '', 'Mobile', 'Address', 'Land Line', 32585, 1, 0, 0, '2022-12-28', '', '', '', 0, 1, '  91', 'Std Code', 'Pincode', 0, 0, 0),
(2, 'Email.(\'\",)\',..', 'Email.(\'\",)\',..', 'dc647eb65e6711e155375218212b3964', 'Contact Name', '', 'Mobile', 'Address', 'Land Line', 32586, 1, 0, 0, '2022-12-28', '', '', '', 0, 1, '  91', 'Std Code', 'Pincode', 0, 0, 0),
(3, 'Email\'YlktOS<\'\">gBxWeW', 'Email\'YlktOS<\'\">gBxWeW', 'dc647eb65e6711e155375218212b3964', 'Contact Name', '', 'Mobile', 'Address', 'Land Line', 32587, 1, 0, 0, '2022-12-28', '', '', '', 0, 1, '  91', 'Std Code', 'Pincode', 0, 0, 0),
(4, 'Email) AND 5557=4137 AND (2832=2832', 'Email) AND 5557=4137 AND (2832=2832', 'dc647eb65e6711e155375218212b3964', 'Contact Name', '', 'Mobile', 'Address', 'Land Line', 32588, 1, 0, 0, '2022-12-28', '', '', '', 0, 1, '  91', 'Std Code', 'Pincode', 0, 0, 0),
(5, 'Email) AND 5811=5811 AND (3154=3154', 'Email) AND 5811=5811 AND (3154=3154', 'dc647eb65e6711e155375218212b3964', 'Contact Name', '', 'Mobile', 'Address', 'Land Line', 32589, 1, 0, 0, '2022-12-28', '', '', '', 0, 1, '  91', 'Std Code', 'Pincode', 0, 0, 0),
(6, 'Email AND 1083=6369', 'Email AND 1083=6369', 'dc647eb65e6711e155375218212b3964', 'Contact Name', '', 'Mobile', 'Address', 'Land Line', 32590, 1, 0, 0, '2022-12-28', '', '', '', 0, 1, '  91', 'Std Code', 'Pincode', 0, 0, 0),
(7, 'Email AND 5811=5811', 'Email AND 5811=5811', 'dc647eb65e6711e155375218212b3964', 'Contact Name', '', 'Mobile', 'Address', 'Land Line', 32591, 1, 0, 0, '2022-12-28', '', '', '', 0, 1, '  91', 'Std Code', 'Pincode', 0, 0, 0),
(8, 'Email\') AND 9557=5967 AND (\'wpuK\'=\'wpuK', 'Email\') AND 9557=5967 AND (\'wpuK\'=\'wpuK', 'dc647eb65e6711e155375218212b3964', 'Contact Name', '', 'Mobile', 'Address', 'Land Line', 32592, 1, 0, 0, '2022-12-28', '', '', '', 0, 1, '  91', 'Std Code', 'Pincode', 0, 0, 0),
(9, 'Email\') AND 5811=5811 AND (\'STkg\'=\'STkg', 'Email\') AND 5811=5811 AND (\'STkg\'=\'STkg', 'dc647eb65e6711e155375218212b3964', 'Contact Name', '', 'Mobile', 'Address', 'Land Line', 32593, 1, 0, 0, '2022-12-28', '', '', '', 0, 1, '  91', 'Std Code', 'Pincode', 0, 0, 0),
(10, 'Email\' AND 5970=8291 AND \'gnGL\'=\'gnGL', 'Email\' AND 5970=8291 AND \'gnGL\'=\'gnGL', 'dc647eb65e6711e155375218212b3964', 'Contact Name', '', 'Mobile', 'Address', 'Land Line', 32594, 1, 0, 0, '2022-12-28', '', '', '', 0, 1, '  91', 'Std Code', 'Pincode', 0, 0, 0),
(11, 'Email\' AND 5811=5811 AND \'xWbb\'=\'xWbb', 'Email\' AND 5811=5811 AND \'xWbb\'=\'xWbb', 'dc647eb65e6711e155375218212b3964', 'Contact Name', '', 'Mobile', 'Address', 'Land Line', 32595, 1, 0, 0, '2022-12-28', '', '', '', 0, 1, '  91', 'Std Code', 'Pincode', 0, 0, 0),
(12, 'Email\' AND 6228=8106 AND \'CBPT\'=\'CBPT', 'Email\' AND 6228=8106 AND \'CBPT\'=\'CBPT', 'dc647eb65e6711e155375218212b3964', 'Contact Name', '', 'Mobile', 'Address', 'Land Line', 32596, 1, 0, 0, '2022-12-28', '', '', '', 0, 1, '  91', 'Std Code', 'Pincode', 0, 0, 0),
(13, 'Email\' AND (SELECT 2*(IF((SELECT * FROM (SELECT CO', 'Email\' AND (SELECT 2*(IF((SELECT * FROM (SELECT CO', 'dc647eb65e6711e155375218212b3964', 'Contact Name', '', 'Mobile', 'Address', 'Land Line', 32597, 1, 0, 0, '2022-12-28', '', '', '', 0, 1, '  91', 'Std Code', 'Pincode', 0, 0, 0),
(14, 'Email\' OR (SELECT 2*(IF((SELECT * FROM (SELECT CON', 'Email\' OR (SELECT 2*(IF((SELECT * FROM (SELECT CON', 'dc647eb65e6711e155375218212b3964', 'Contact Name', '', 'Mobile', 'Address', 'Land Line', 32598, 1, 0, 0, '2022-12-28', '', '', '', 0, 1, '  91', 'Std Code', 'Pincode', 0, 0, 0),
(15, 'Email\' AND EXP(~(SELECT * FROM (SELECT CONCAT(0x71', 'Email\' AND EXP(~(SELECT * FROM (SELECT CONCAT(0x71', 'dc647eb65e6711e155375218212b3964', 'Contact Name', '', 'Mobile', 'Address', 'Land Line', 32599, 1, 0, 0, '2022-12-28', '', '', '', 0, 1, '  91', 'Std Code', 'Pincode', 0, 0, 0),
(16, 'Email\' OR EXP(~(SELECT * FROM (SELECT CONCAT(0x717', 'Email\' OR EXP(~(SELECT * FROM (SELECT CONCAT(0x717', 'dc647eb65e6711e155375218212b3964', 'Contact Name', '', 'Mobile', 'Address', 'Land Line', 32600, 1, 0, 0, '2022-12-28', '', '', '', 0, 1, '  91', 'Std Code', 'Pincode', 0, 0, 0),
(17, 'Email\' AND JSON_KEYS((SELECT CONVERT((SELECT CONCA', 'Email\' AND JSON_KEYS((SELECT CONVERT((SELECT CONCA', 'dc647eb65e6711e155375218212b3964', 'Contact Name', '', 'Mobile', 'Address', 'Land Line', 32601, 1, 0, 0, '2022-12-28', '', '', '', 0, 1, '  91', 'Std Code', 'Pincode', 0, 0, 0),
(18, 'Email\' OR JSON_KEYS((SELECT CONVERT((SELECT CONCAT', 'Email\' OR JSON_KEYS((SELECT CONVERT((SELECT CONCAT', 'dc647eb65e6711e155375218212b3964', 'Contact Name', '', 'Mobile', 'Address', 'Land Line', 32602, 1, 0, 0, '2022-12-28', '', '', '', 0, 1, '  91', 'Std Code', 'Pincode', 0, 0, 0),
(19, 'Email\' AND (SELECT 7094 FROM(SELECT COUNT(*),CONCA', 'Email\' AND (SELECT 7094 FROM(SELECT COUNT(*),CONCA', 'dc647eb65e6711e155375218212b3964', 'Contact Name', '', 'Mobile', 'Address', 'Land Line', 32603, 1, 0, 0, '2022-12-28', '', '', '', 0, 1, '  91', 'Std Code', 'Pincode', 0, 0, 0),
(20, '(SELECT CONCAT(0x7176717071,(SELECT (ELT(8642=8642', '(SELECT CONCAT(0x7176717071,(SELECT (ELT(8642=8642', 'dc647eb65e6711e155375218212b3964', 'Contact Name', '', 'Mobile', 'Address', 'Land Line', 32604, 1, 0, 0, '2022-12-28', '', '', '', 0, 1, '  91', 'Std Code', 'Pincode', 0, 0, 0),
(21, 'Email\';SELECT SLEEP(5)#', 'Email\';SELECT SLEEP(5)#', 'dc647eb65e6711e155375218212b3964', 'Contact Name', '', 'Mobile', 'Address', 'Land Line', 32605, 1, 0, 0, '2022-12-28', '', '', '', 0, 1, '  91', 'Std Code', 'Pincode', 0, 0, 0),
(22, 'Email\';SELECT SLEEP(5) AND \'oFGY\'=\'oFGY', 'Email\';SELECT SLEEP(5) AND \'oFGY\'=\'oFGY', 'dc647eb65e6711e155375218212b3964', 'Contact Name', '', 'Mobile', 'Address', 'Land Line', 32606, 1, 0, 0, '2022-12-28', '', '', '', 0, 1, '  91', 'Std Code', 'Pincode', 0, 0, 0),
(23, 'Email\';(SELECT * FROM (SELECT(SLEEP(5)))pWou)#', 'Email\';(SELECT * FROM (SELECT(SLEEP(5)))pWou)#', 'dc647eb65e6711e155375218212b3964', 'Contact Name', '', 'Mobile', 'Address', 'Land Line', 32607, 1, 0, 0, '2022-12-28', '', '', '', 0, 1, '  91', 'Std Code', 'Pincode', 0, 0, 0),
(24, 'Email\';(SELECT * FROM (SELECT(SLEEP(5)))RCgP) AND ', 'Email\';(SELECT * FROM (SELECT(SLEEP(5)))RCgP) AND ', 'dc647eb65e6711e155375218212b3964', 'Contact Name', '', 'Mobile', 'Address', 'Land Line', 32608, 1, 0, 0, '2022-12-28', '', '', '', 0, 1, '  91', 'Std Code', 'Pincode', 0, 0, 0),
(25, 'Email\';SELECT BENCHMARK(5000000,MD5(0x4d614f69))#', 'Email\';SELECT BENCHMARK(5000000,MD5(0x4d614f69))#', 'dc647eb65e6711e155375218212b3964', 'Contact Name', '', 'Mobile', 'Address', 'Land Line', 32609, 1, 0, 0, '2022-12-28', '', '', '', 0, 1, '  91', 'Std Code', 'Pincode', 0, 0, 0),
(26, 'Email\';SELECT BENCHMARK(5000000,MD5(0x47687265)) A', 'Email\';SELECT BENCHMARK(5000000,MD5(0x47687265)) A', 'dc647eb65e6711e155375218212b3964', 'Contact Name', '', 'Mobile', 'Address', 'Land Line', 32610, 1, 0, 0, '2022-12-28', '', '', '', 0, 1, '  91', 'Std Code', 'Pincode', 0, 0, 0),
(27, 'Email\' AND SLEEP(5) AND \'CAzb\'=\'CAzb', 'Email\' AND SLEEP(5) AND \'CAzb\'=\'CAzb', 'dc647eb65e6711e155375218212b3964', 'Contact Name', '', 'Mobile', 'Address', 'Land Line', 32611, 1, 0, 0, '2022-12-28', '', '', '', 0, 1, '  91', 'Std Code', 'Pincode', 0, 0, 0),
(28, 'Email\' OR SLEEP(5) AND \'TBuE\'=\'TBuE', 'Email\' OR SLEEP(5) AND \'TBuE\'=\'TBuE', 'dc647eb65e6711e155375218212b3964', 'Contact Name', '', 'Mobile', 'Address', 'Land Line', 32612, 1, 0, 0, '2022-12-28', '', '', '', 0, 1, '  91', 'Std Code', 'Pincode', 0, 0, 0),
(29, 'Email\' AND SLEEP(5)#', 'Email\' AND SLEEP(5)#', 'dc647eb65e6711e155375218212b3964', 'Contact Name', '', 'Mobile', 'Address', 'Land Line', 32613, 1, 0, 0, '2022-12-28', '', '', '', 0, 1, '  91', 'Std Code', 'Pincode', 0, 0, 0),
(30, 'Email\' OR SLEEP(5)#', 'Email\' OR SLEEP(5)#', 'dc647eb65e6711e155375218212b3964', 'Contact Name', '', 'Mobile', 'Address', 'Land Line', 32614, 1, 0, 0, '2022-12-28', '', '', '', 0, 1, '  91', 'Std Code', 'Pincode', 0, 0, 0),
(31, 'Email\' AND (SELECT * FROM (SELECT(SLEEP(5)))AKOo) ', 'Email\' AND (SELECT * FROM (SELECT(SLEEP(5)))AKOo) ', 'dc647eb65e6711e155375218212b3964', 'Contact Name', '', 'Mobile', 'Address', 'Land Line', 32615, 1, 0, 0, '2022-12-28', '', '', '', 0, 1, '  91', 'Std Code', 'Pincode', 0, 0, 0),
(32, 'Email\' OR (SELECT * FROM (SELECT(SLEEP(5)))LCkS) A', 'Email\' OR (SELECT * FROM (SELECT(SLEEP(5)))LCkS) A', 'dc647eb65e6711e155375218212b3964', 'Contact Name', '', 'Mobile', 'Address', 'Land Line', 32616, 1, 0, 0, '2022-12-28', '', '', '', 0, 1, '  91', 'Std Code', 'Pincode', 0, 0, 0),
(33, 'Email\' AND (SELECT * FROM (SELECT(SLEEP(5)))ROLb)#', 'Email\' AND (SELECT * FROM (SELECT(SLEEP(5)))ROLb)#', 'dc647eb65e6711e155375218212b3964', 'Contact Name', '', 'Mobile', 'Address', 'Land Line', 32617, 1, 0, 0, '2022-12-28', '', '', '', 0, 1, '  91', 'Std Code', 'Pincode', 0, 0, 0),
(34, 'Email\' OR (SELECT * FROM (SELECT(SLEEP(5)))UuLu)#', 'Email\' OR (SELECT * FROM (SELECT(SLEEP(5)))UuLu)#', 'dc647eb65e6711e155375218212b3964', 'Contact Name', '', 'Mobile', 'Address', 'Land Line', 32618, 1, 0, 0, '2022-12-28', '', '', '', 0, 1, '  91', 'Std Code', 'Pincode', 0, 0, 0),
(35, 'Email\' AND 1663=BENCHMARK(5000000,MD5(0x4c4b6446))', 'Email\' AND 1663=BENCHMARK(5000000,MD5(0x4c4b6446))', 'dc647eb65e6711e155375218212b3964', 'Contact Name', '', 'Mobile', 'Address', 'Land Line', 32619, 1, 0, 0, '2022-12-28', '', '', '', 0, 1, '  91', 'Std Code', 'Pincode', 0, 0, 0),
(36, 'Email\' OR 5508=BENCHMARK(5000000,MD5(0x7a7a6c51)) ', 'Email\' OR 5508=BENCHMARK(5000000,MD5(0x7a7a6c51)) ', 'dc647eb65e6711e155375218212b3964', 'Contact Name', '', 'Mobile', 'Address', 'Land Line', 32620, 1, 0, 0, '2022-12-28', '', '', '', 0, 1, '  91', 'Std Code', 'Pincode', 0, 0, 0),
(37, 'Email\' AND 1140=BENCHMARK(5000000,MD5(0x48425a73))', 'Email\' AND 1140=BENCHMARK(5000000,MD5(0x48425a73))', 'dc647eb65e6711e155375218212b3964', 'Contact Name', '', 'Mobile', 'Address', 'Land Line', 32621, 1, 0, 0, '2022-12-28', '', '', '', 0, 1, '  91', 'Std Code', 'Pincode', 0, 0, 0),
(38, 'Email\' OR 9120=BENCHMARK(5000000,MD5(0x54697059))#', 'Email\' OR 9120=BENCHMARK(5000000,MD5(0x54697059))#', 'dc647eb65e6711e155375218212b3964', 'Contact Name', '', 'Mobile', 'Address', 'Land Line', 32622, 1, 0, 0, '2022-12-28', '', '', '', 0, 1, '  91', 'Std Code', 'Pincode', 0, 0, 0),
(39, 'Email\' RLIKE SLEEP(5) AND \'Brnt\'=\'Brnt', 'Email\' RLIKE SLEEP(5) AND \'Brnt\'=\'Brnt', 'dc647eb65e6711e155375218212b3964', 'Contact Name', '', 'Mobile', 'Address', 'Land Line', 32623, 1, 0, 0, '2022-12-28', '', '', '', 0, 1, '  91', 'Std Code', 'Pincode', 0, 0, 0),
(40, 'Email\' RLIKE SLEEP(5)#', 'Email\' RLIKE SLEEP(5)#', 'dc647eb65e6711e155375218212b3964', 'Contact Name', '', 'Mobile', 'Address', 'Land Line', 32624, 1, 0, 0, '2022-12-28', '', '', '', 0, 1, '  91', 'Std Code', 'Pincode', 0, 0, 0),
(41, 'Email\' RLIKE (SELECT * FROM (SELECT(SLEEP(5)))Cuce', 'Email\' RLIKE (SELECT * FROM (SELECT(SLEEP(5)))Cuce', 'dc647eb65e6711e155375218212b3964', 'Contact Name', '', 'Mobile', 'Address', 'Land Line', 32625, 1, 0, 0, '2022-12-28', '', '', '', 0, 1, '  91', 'Std Code', 'Pincode', 0, 0, 0),
(42, 'Email\' RLIKE (SELECT * FROM (SELECT(SLEEP(5)))WlDz', 'Email\' RLIKE (SELECT * FROM (SELECT(SLEEP(5)))WlDz', 'dc647eb65e6711e155375218212b3964', 'Contact Name', '', 'Mobile', 'Address', 'Land Line', 32626, 1, 0, 0, '2022-12-28', '', '', '', 0, 1, '  91', 'Std Code', 'Pincode', 0, 0, 0),
(43, 'Email\' AND ELT(2814=2814,SLEEP(5)) AND \'AOKk\'=\'AOK', 'Email\' AND ELT(2814=2814,SLEEP(5)) AND \'AOKk\'=\'AOK', 'dc647eb65e6711e155375218212b3964', 'Contact Name', '', 'Mobile', 'Address', 'Land Line', 32627, 1, 0, 0, '2022-12-28', '', '', '', 0, 1, '  91', 'Std Code', 'Pincode', 0, 0, 0),
(44, 'Email\' OR ELT(7572=7572,SLEEP(5)) AND \'OPNX\'=\'OPNX', 'Email\' OR ELT(7572=7572,SLEEP(5)) AND \'OPNX\'=\'OPNX', 'dc647eb65e6711e155375218212b3964', 'Contact Name', '', 'Mobile', 'Address', 'Land Line', 32628, 1, 0, 0, '2022-12-28', '', '', '', 0, 1, '  91', 'Std Code', 'Pincode', 0, 0, 0),
(45, 'Email\' AND ELT(8213=8213,SLEEP(5))#', 'Email\' AND ELT(8213=8213,SLEEP(5))#', 'dc647eb65e6711e155375218212b3964', 'Contact Name', '', 'Mobile', 'Address', 'Land Line', 32629, 1, 0, 0, '2022-12-28', '', '', '', 0, 1, '  91', 'Std Code', 'Pincode', 0, 0, 0),
(46, 'Email\' OR ELT(4301=4301,SLEEP(5))#', 'Email\' OR ELT(4301=4301,SLEEP(5))#', 'dc647eb65e6711e155375218212b3964', 'Contact Name', '', 'Mobile', 'Address', 'Land Line', 32630, 1, 0, 0, '2022-12-28', '', '', '', 0, 1, '  91', 'Std Code', 'Pincode', 0, 0, 0),
(47, 'Email\' PROCEDURE ANALYSE(EXTRACTVALUE(1361,CONCAT(', 'Email\' PROCEDURE ANALYSE(EXTRACTVALUE(1361,CONCAT(', 'dc647eb65e6711e155375218212b3964', 'Contact Name', '', 'Mobile', 'Address', 'Land Line', 32631, 1, 0, 0, '2022-12-28', '', '', '', 0, 1, '  91', 'Std Code', 'Pincode', 0, 0, 0),
(48, 'Email\' PROCEDURE ANALYSE(EXTRACTVALUE(5276,CONCAT(', 'Email\' PROCEDURE ANALYSE(EXTRACTVALUE(5276,CONCAT(', 'dc647eb65e6711e155375218212b3964', 'Contact Name', '', 'Mobile', 'Address', 'Land Line', 32632, 1, 0, 0, '2022-12-28', '', '', '', 0, 1, '  91', 'Std Code', 'Pincode', 0, 0, 0),
(49, 'Email\' ORDER BY 1-- VEYv', 'Email\' ORDER BY 1-- VEYv', 'dc647eb65e6711e155375218212b3964', 'Contact Name', '', 'Mobile', 'Address', 'Land Line', 32633, 1, 0, 0, '2022-12-28', '', '', '', 0, 1, '  91', 'Std Code', 'Pincode', 0, 0, 0),
(50, 'Email\' ORDER BY 6650-- LNvA', 'Email\' ORDER BY 6650-- LNvA', 'dc647eb65e6711e155375218212b3964', 'Contact Name', '', 'Mobile', 'Address', 'Land Line', 32634, 1, 0, 0, '2022-12-28', '', '', '', 0, 1, '  91', 'Std Code', 'Pincode', 0, 0, 0),
(51, 'Email\' ORDER BY 10-- LgSX', 'Email\' ORDER BY 10-- LgSX', 'dc647eb65e6711e155375218212b3964', 'Contact Name', '', 'Mobile', 'Address', 'Land Line', 32635, 1, 0, 0, '2022-12-28', '', '', '', 0, 1, '  91', 'Std Code', 'Pincode', 0, 0, 0),
(52, 'Email\' ORDER BY 20-- QWLC', 'Email\' ORDER BY 20-- QWLC', 'dc647eb65e6711e155375218212b3964', 'Contact Name', '', 'Mobile', 'Address', 'Land Line', 32636, 1, 0, 0, '2022-12-28', '', '', '', 0, 1, '  91', 'Std Code', 'Pincode', 0, 0, 0),
(53, 'Email\' ORDER BY 15-- ytWc', 'Email\' ORDER BY 15-- ytWc', 'dc647eb65e6711e155375218212b3964', 'Contact Name', '', 'Mobile', 'Address', 'Land Line', 32637, 1, 0, 0, '2022-12-28', '', '', '', 0, 1, '  91', 'Std Code', 'Pincode', 0, 0, 0),
(54, 'Email\' ORDER BY 18-- fltE', 'Email\' ORDER BY 18-- fltE', 'dc647eb65e6711e155375218212b3964', 'Contact Name', '', 'Mobile', 'Address', 'Land Line', 32638, 1, 0, 0, '2022-12-28', '', '', '', 0, 1, '  91', 'Std Code', 'Pincode', 0, 0, 0),
(55, 'Email\' ORDER BY 17-- qRTT', 'Email\' ORDER BY 17-- qRTT', 'dc647eb65e6711e155375218212b3964', 'Contact Name', '', 'Mobile', 'Address', 'Land Line', 32639, 1, 0, 0, '2022-12-28', '', '', '', 0, 1, '  91', 'Std Code', 'Pincode', 0, 0, 0),
(56, 'Email\' UNION ALL SELECT NULL,NULL,NULL,NULL,NULL,N', 'Email\' UNION ALL SELECT NULL,NULL,NULL,NULL,NULL,N', 'dc647eb65e6711e155375218212b3964', 'Contact Name', '', 'Mobile', 'Address', 'Land Line', 32640, 1, 0, 0, '2022-12-28', '', '', '', 0, 1, '  91', 'Std Code', 'Pincode', 0, 0, 0),
(57, 'Email\' UNION ALL SELECT NULL,NULL,CONCAT(0x7176717', 'Email\' UNION ALL SELECT NULL,NULL,CONCAT(0x7176717', 'dc647eb65e6711e155375218212b3964', 'Contact Name', '', 'Mobile', 'Address', 'Land Line', 32641, 1, 0, 0, '2022-12-28', '', '', '', 0, 1, '  91', 'Std Code', 'Pincode', 0, 0, 0),
(58, 'Email\' UNION ALL SELECT NULL,CONCAT(0x7176717071,0', 'Email\' UNION ALL SELECT NULL,CONCAT(0x7176717071,0', 'dc647eb65e6711e155375218212b3964', 'Contact Name', '', 'Mobile', 'Address', 'Land Line', 32642, 1, 0, 0, '2022-12-28', '', '', '', 0, 1, '  91', 'Std Code', 'Pincode', 0, 0, 0),
(60, 'Email\' UNION ALL SELECT CONCAT(0x7176717071,0x784d', 'Email\' UNION ALL SELECT CONCAT(0x7176717071,0x784d', 'dc647eb65e6711e155375218212b3964', 'Contact Name', '', 'Mobile', 'Address', 'Land Line', 32644, 1, 0, 0, '2022-12-28', '', '', '', 0, 1, '  91', 'Std Code', 'Pincode', 0, 0, 0),
(61, 'Email\' UNION ALL SELECT NULL,NULL,NULL,NULL,CONCAT', 'Email\' UNION ALL SELECT NULL,NULL,NULL,NULL,CONCAT', 'dc647eb65e6711e155375218212b3964', 'Contact Name', '', 'Mobile', 'Address', 'Land Line', 32645, 1, 0, 0, '2022-12-28', '', '', '', 0, 1, '  91', 'Std Code', 'Pincode', 0, 0, 0),
(69, 'Email\' UNION ALL SELECT NULL,NULL,NULL,CONCAT(0x71', 'Email\' UNION ALL SELECT NULL,NULL,NULL,CONCAT(0x71', 'dc647eb65e6711e155375218212b3964', 'Contact Name', '', 'Mobile', 'Address', 'Land Line', 32653, 1, 0, 0, '2022-12-28', '', '', '', 0, 1, '  91', 'Std Code', 'Pincode', 0, 0, 0),
(71, 'Email\' UNION ALL SELECT NULL,NULL,NULL,NULL,NULL,C', 'Email\' UNION ALL SELECT NULL,NULL,NULL,NULL,NULL,C', 'dc647eb65e6711e155375218212b3964', 'Contact Name', '', 'Mobile', 'Address', 'Land Line', 32655, 1, 0, 0, '2022-12-28', '', '', '', 0, 1, '  91', 'Std Code', 'Pincode', 0, 0, 0),
(77, 'Email\' UNION ALL SELECT CONCAT(0x7176717071,0x4361', 'Email\' UNION ALL SELECT CONCAT(0x7176717071,0x4361', 'dc647eb65e6711e155375218212b3964', 'Contact Name', '', 'Mobile', 'Address', 'Land Line', 32661, 1, 0, 0, '2022-12-28', '', '', '', 0, 1, '  91', 'Std Code', 'Pincode', 0, 0, 0),
(90, '-4856\' UNION ALL SELECT NULL,NULL,NULL,NULL,NULL,N', '-4856\' UNION ALL SELECT NULL,NULL,NULL,NULL,NULL,N', 'dc647eb65e6711e155375218212b3964', 'Contact Name', '', 'Mobile', 'Address', 'Land Line', 32674, 1, 0, 0, '2022-12-28', '', '', '', 0, 1, '  91', 'Std Code', 'Pincode', 0, 0, 0),
(91, '-1871\' UNION ALL SELECT NULL,NULL,CONCAT(0x7176717', '-1871\' UNION ALL SELECT NULL,NULL,CONCAT(0x7176717', 'dc647eb65e6711e155375218212b3964', 'Contact Name', '', 'Mobile', 'Address', 'Land Line', 32675, 1, 0, 0, '2022-12-28', '', '', '', 0, 1, '  91', 'Std Code', 'Pincode', 0, 0, 0),
(92, '-6400\' UNION ALL SELECT NULL,NULL,NULL,NULL,NULL,N', '-6400\' UNION ALL SELECT NULL,NULL,NULL,NULL,NULL,N', 'dc647eb65e6711e155375218212b3964', 'Contact Name', '', 'Mobile', 'Address', 'Land Line', 32676, 1, 0, 0, '2022-12-28', '', '', '', 0, 1, '  91', 'Std Code', 'Pincode', 0, 0, 0),
(93, '-9452\' UNION ALL SELECT NULL,NULL,NULL,NULL,NULL,C', '-9452\' UNION ALL SELECT NULL,NULL,NULL,NULL,NULL,C', 'dc647eb65e6711e155375218212b3964', 'Contact Name', '', 'Mobile', 'Address', 'Land Line', 32677, 1, 0, 0, '2022-12-28', '', '', '', 0, 1, '  91', 'Std Code', 'Pincode', 0, 0, 0),
(94, '-4462\' UNION ALL SELECT NULL,NULL,NULL,NULL,NULL,N', '-4462\' UNION ALL SELECT NULL,NULL,NULL,NULL,NULL,N', 'dc647eb65e6711e155375218212b3964', 'Contact Name', '', 'Mobile', 'Address', 'Land Line', 32678, 1, 0, 0, '2022-12-28', '', '', '', 0, 1, '  91', 'Std Code', 'Pincode', 0, 0, 0),
(95, '-6210\' UNION ALL SELECT NULL,NULL,NULL,NULL,NULL,N', '-6210\' UNION ALL SELECT NULL,NULL,NULL,NULL,NULL,N', 'dc647eb65e6711e155375218212b3964', 'Contact Name', '', 'Mobile', 'Address', 'Land Line', 32679, 1, 0, 0, '2022-12-28', '', '', '', 0, 1, '  91', 'Std Code', 'Pincode', 0, 0, 0),
(96, '-8493\' UNION ALL SELECT NULL,NULL,NULL,NULL,NULL,N', '-8493\' UNION ALL SELECT NULL,NULL,NULL,NULL,NULL,N', 'dc647eb65e6711e155375218212b3964', 'Contact Name', '', 'Mobile', 'Address', 'Land Line', 32680, 1, 0, 0, '2022-12-28', '', '', '', 0, 1, '  91', 'Std Code', 'Pincode', 0, 0, 0),
(97, '-3000\' UNION ALL SELECT NULL,NULL,NULL,NULL,NULL,N', '-3000\' UNION ALL SELECT NULL,NULL,NULL,NULL,NULL,N', 'dc647eb65e6711e155375218212b3964', 'Contact Name', '', 'Mobile', 'Address', 'Land Line', 32681, 1, 0, 0, '2022-12-28', '', '', '', 0, 1, '  91', 'Std Code', 'Pincode', 0, 0, 0),
(98, '-7438\' UNION ALL SELECT NULL,NULL,NULL,CONCAT(0x71', '-7438\' UNION ALL SELECT NULL,NULL,NULL,CONCAT(0x71', 'dc647eb65e6711e155375218212b3964', 'Contact Name', '', 'Mobile', 'Address', 'Land Line', 32682, 1, 0, 0, '2022-12-28', '', '', '', 0, 1, '  91', 'Std Code', 'Pincode', 0, 0, 0),
(99, '-3137\' UNION ALL SELECT NULL,NULL,NULL,NULL,NULL,N', '-3137\' UNION ALL SELECT NULL,NULL,NULL,NULL,NULL,N', 'dc647eb65e6711e155375218212b3964', 'Contact Name', '', 'Mobile', 'Address', 'Land Line', 32683, 1, 0, 0, '2022-12-28', '', '', '', 0, 1, '  91', 'Std Code', 'Pincode', 0, 0, 0),
(100, '-5816\' UNION ALL SELECT NULL,NULL,NULL,NULL,NULL,N', '-5816\' UNION ALL SELECT NULL,NULL,NULL,NULL,NULL,N', 'dc647eb65e6711e155375218212b3964', 'Contact Name', '', 'Mobile', 'Address', 'Land Line', 32684, 1, 0, 0, '2022-12-28', '', '', '', 0, 1, '  91', 'Std Code', 'Pincode', 0, 0, 0),
(101, '-7937\' UNION ALL SELECT NULL,NULL,NULL,NULL,NULL,N', '-7937\' UNION ALL SELECT NULL,NULL,NULL,NULL,NULL,N', 'dc647eb65e6711e155375218212b3964', 'Contact Name', '', 'Mobile', 'Address', 'Land Line', 32685, 1, 0, 0, '2022-12-28', '', '', '', 0, 1, '  91', 'Std Code', 'Pincode', 0, 0, 0),
(102, '-7386\' UNION ALL SELECT NULL,NULL,NULL,NULL,NULL,N', '-7386\' UNION ALL SELECT NULL,NULL,NULL,NULL,NULL,N', 'dc647eb65e6711e155375218212b3964', 'Contact Name', '', 'Mobile', 'Address', 'Land Line', 32686, 1, 0, 0, '2022-12-28', '', '', '', 0, 1, '  91', 'Std Code', 'Pincode', 0, 0, 0),
(103, '-1013\' UNION ALL SELECT NULL,NULL,NULL,NULL,NULL,N', '-1013\' UNION ALL SELECT NULL,NULL,NULL,NULL,NULL,N', 'dc647eb65e6711e155375218212b3964', 'Contact Name', '', 'Mobile', 'Address', 'Land Line', 32687, 1, 0, 0, '2022-12-28', '', '', '', 0, 1, '  91', 'Std Code', 'Pincode', 0, 0, 0),
(104, '-9207\' UNION ALL SELECT NULL,CONCAT(0x7176717071,0', '-9207\' UNION ALL SELECT NULL,CONCAT(0x7176717071,0', 'dc647eb65e6711e155375218212b3964', 'Contact Name', '', 'Mobile', 'Address', 'Land Line', 32688, 1, 0, 0, '2022-12-28', '', '', '', 0, 1, '  91', 'Std Code', 'Pincode', 0, 0, 0),
(105, '-6592\' UNION ALL SELECT CONCAT(0x7176717071,0x4161', '-6592\' UNION ALL SELECT CONCAT(0x7176717071,0x4161', 'dc647eb65e6711e155375218212b3964', 'Contact Name', '', 'Mobile', 'Address', 'Land Line', 32689, 1, 0, 0, '2022-12-28', '', '', '', 0, 1, '  91', 'Std Code', 'Pincode', 0, 0, 0),
(106, '-1356\' UNION ALL SELECT NULL,NULL,NULL,NULL,CONCAT', '-1356\' UNION ALL SELECT NULL,NULL,NULL,NULL,CONCAT', 'dc647eb65e6711e155375218212b3964', 'Contact Name', '', 'Mobile', 'Address', 'Land Line', 32690, 1, 0, 0, '2022-12-28', '', '', '', 0, 1, '  91', 'Std Code', 'Pincode', 0, 0, 0),
(107, '-9049\' UNION ALL SELECT NULL,NULL,NULL,NULL,NULL,N', '-9049\' UNION ALL SELECT NULL,NULL,NULL,NULL,NULL,N', 'dc647eb65e6711e155375218212b3964', 'Contact Name', '', 'Mobile', 'Address', 'Land Line', 32691, 1, 0, 0, '2022-12-28', '', '', '', 0, 1, '  91', 'Std Code', 'Pincode', 0, 0, 0),
(108, '-8219\' UNION ALL SELECT NULL,NULL,CONCAT(0x7176717', '-8219\' UNION ALL SELECT NULL,NULL,CONCAT(0x7176717', 'dc647eb65e6711e155375218212b3964', 'Contact Name', '', 'Mobile', 'Address', 'Land Line', 32692, 1, 0, 0, '2022-12-28', '', '', '', 0, 1, '  91', 'Std Code', 'Pincode', 0, 0, 0),
(109, '-8232\' UNION ALL SELECT NULL,NULL,NULL,NULL,NULL,N', '-8232\' UNION ALL SELECT NULL,NULL,NULL,NULL,NULL,N', 'dc647eb65e6711e155375218212b3964', 'Contact Name', '', 'Mobile', 'Address', 'Land Line', 32693, 1, 0, 0, '2022-12-28', '', '', '', 0, 1, '  91', 'Std Code', 'Pincode', 0, 0, 0),
(110, '-8248\' UNION ALL SELECT NULL,NULL,NULL,NULL,NULL,C', '-8248\' UNION ALL SELECT NULL,NULL,NULL,NULL,NULL,C', 'dc647eb65e6711e155375218212b3964', 'Contact Name', '', 'Mobile', 'Address', 'Land Line', 32694, 1, 0, 0, '2022-12-28', '', '', '', 0, 1, '  91', 'Std Code', 'Pincode', 0, 0, 0),
(111, '-2940\' UNION ALL SELECT NULL,NULL,NULL,NULL,NULL,N', '-2940\' UNION ALL SELECT NULL,NULL,NULL,NULL,NULL,N', 'dc647eb65e6711e155375218212b3964', 'Contact Name', '', 'Mobile', 'Address', 'Land Line', 32695, 1, 0, 0, '2022-12-28', '', '', '', 0, 1, '  91', 'Std Code', 'Pincode', 0, 0, 0),
(112, '-5526\' UNION ALL SELECT NULL,NULL,NULL,NULL,NULL,N', '-5526\' UNION ALL SELECT NULL,NULL,NULL,NULL,NULL,N', 'dc647eb65e6711e155375218212b3964', 'Contact Name', '', 'Mobile', 'Address', 'Land Line', 32696, 1, 0, 0, '2022-12-28', '', '', '', 0, 1, '  91', 'Std Code', 'Pincode', 0, 0, 0),
(113, '-1012\' UNION ALL SELECT NULL,NULL,NULL,NULL,NULL,N', '-1012\' UNION ALL SELECT NULL,NULL,NULL,NULL,NULL,N', 'dc647eb65e6711e155375218212b3964', 'Contact Name', '', 'Mobile', 'Address', 'Land Line', 32697, 1, 0, 0, '2022-12-28', '', '', '', 0, 1, '  91', 'Std Code', 'Pincode', 0, 0, 0),
(114, '-7299\' UNION ALL SELECT NULL,NULL,NULL,NULL,NULL,N', '-7299\' UNION ALL SELECT NULL,NULL,NULL,NULL,NULL,N', 'dc647eb65e6711e155375218212b3964', 'Contact Name', '', 'Mobile', 'Address', 'Land Line', 32698, 1, 0, 0, '2022-12-28', '', '', '', 0, 1, '  91', 'Std Code', 'Pincode', 0, 0, 0),
(115, '-4919\' UNION ALL SELECT NULL,NULL,NULL,CONCAT(0x71', '-4919\' UNION ALL SELECT NULL,NULL,NULL,CONCAT(0x71', 'dc647eb65e6711e155375218212b3964', 'Contact Name', '', 'Mobile', 'Address', 'Land Line', 32699, 1, 0, 0, '2022-12-28', '', '', '', 0, 1, '  91', 'Std Code', 'Pincode', 0, 0, 0),
(116, '-9014\' UNION ALL SELECT NULL,NULL,NULL,NULL,NULL,N', '-9014\' UNION ALL SELECT NULL,NULL,NULL,NULL,NULL,N', 'dc647eb65e6711e155375218212b3964', 'Contact Name', '', 'Mobile', 'Address', 'Land Line', 32700, 1, 0, 0, '2022-12-28', '', '', '', 0, 1, '  91', 'Std Code', 'Pincode', 0, 0, 0),
(117, '-6920\' UNION ALL SELECT NULL,NULL,NULL,NULL,NULL,N', '-6920\' UNION ALL SELECT NULL,NULL,NULL,NULL,NULL,N', 'dc647eb65e6711e155375218212b3964', 'Contact Name', '', 'Mobile', 'Address', 'Land Line', 32701, 1, 0, 0, '2022-12-28', '', '', '', 0, 1, '  91', 'Std Code', 'Pincode', 0, 0, 0),
(118, '-1148\' UNION ALL SELECT NULL,NULL,NULL,NULL,NULL,N', '-1148\' UNION ALL SELECT NULL,NULL,NULL,NULL,NULL,N', 'dc647eb65e6711e155375218212b3964', 'Contact Name', '', 'Mobile', 'Address', 'Land Line', 32702, 1, 0, 0, '2022-12-28', '', '', '', 0, 1, '  91', 'Std Code', 'Pincode', 0, 0, 0),
(119, '-4720\' UNION ALL SELECT NULL,NULL,NULL,NULL,NULL,N', '-4720\' UNION ALL SELECT NULL,NULL,NULL,NULL,NULL,N', 'dc647eb65e6711e155375218212b3964', 'Contact Name', '', 'Mobile', 'Address', 'Land Line', 32703, 1, 0, 0, '2022-12-28', '', '', '', 0, 1, '  91', 'Std Code', 'Pincode', 0, 0, 0),
(120, '-3570\' UNION ALL SELECT NULL,NULL,NULL,NULL,NULL,N', '-3570\' UNION ALL SELECT NULL,NULL,NULL,NULL,NULL,N', 'dc647eb65e6711e155375218212b3964', 'Contact Name', '', 'Mobile', 'Address', 'Land Line', 32704, 1, 0, 0, '2022-12-28', '', '', '', 0, 1, '  91', 'Std Code', 'Pincode', 0, 0, 0),
(121, '-7071\' UNION ALL SELECT NULL,CONCAT(0x7176717071,0', '-7071\' UNION ALL SELECT NULL,CONCAT(0x7176717071,0', 'dc647eb65e6711e155375218212b3964', 'Contact Name', '', 'Mobile', 'Address', 'Land Line', 32705, 1, 0, 0, '2022-12-28', '', '', '', 0, 1, '  91', 'Std Code', 'Pincode', 0, 0, 0),
(122, '-3821\' UNION ALL SELECT CONCAT(0x7176717071,0x505a', '-3821\' UNION ALL SELECT CONCAT(0x7176717071,0x505a', 'dc647eb65e6711e155375218212b3964', 'Contact Name', '', 'Mobile', 'Address', 'Land Line', 32706, 1, 0, 0, '2022-12-28', '', '', '', 0, 1, '  91', 'Std Code', 'Pincode', 0, 0, 0),
(123, '-9875\' UNION ALL SELECT NULL,NULL,NULL,NULL,CONCAT', '-9875\' UNION ALL SELECT NULL,NULL,NULL,NULL,CONCAT', 'dc647eb65e6711e155375218212b3964', 'Contact Name', '', 'Mobile', 'Address', 'Land Line', 32707, 1, 0, 0, '2022-12-28', '', '', '', 0, 1, '  91', 'Std Code', 'Pincode', 0, 0, 0),
(124, 'Email\' UNION ALL SELECT 69,69,CONCAT(0x7176717071,', 'Email\' UNION ALL SELECT 69,69,CONCAT(0x7176717071,', 'dc647eb65e6711e155375218212b3964', 'Contact Name', '', 'Mobile', 'Address', 'Land Line', 32708, 1, 0, 0, '2022-12-28', '', '', '', 0, 1, '  91', 'Std Code', 'Pincode', 0, 0, 0),
(125, 'Email\' UNION ALL SELECT 69,69,69,69,CONCAT(0x71767', 'Email\' UNION ALL SELECT 69,69,69,69,CONCAT(0x71767', 'dc647eb65e6711e155375218212b3964', 'Contact Name', '', 'Mobile', 'Address', 'Land Line', 32709, 1, 0, 0, '2022-12-28', '', '', '', 0, 1, '  91', 'Std Code', 'Pincode', 0, 0, 0),
(126, 'Email\' UNION ALL SELECT 69,CONCAT(0x7176717071,0x7', 'Email\' UNION ALL SELECT 69,CONCAT(0x7176717071,0x7', 'dc647eb65e6711e155375218212b3964', 'Contact Name', '', 'Mobile', 'Address', 'Land Line', 32710, 1, 0, 0, '2022-12-28', '', '', '', 0, 1, '  91', 'Std Code', 'Pincode', 0, 0, 0),
(127, 'Email\' UNION ALL SELECT 69,69,69,69,69,69,69,69,CO', 'Email\' UNION ALL SELECT 69,69,69,69,69,69,69,69,CO', 'dc647eb65e6711e155375218212b3964', 'Contact Name', '', 'Mobile', 'Address', 'Land Line', 32711, 1, 0, 0, '2022-12-28', '', '', '', 0, 1, '  91', 'Std Code', 'Pincode', 0, 0, 0),
(128, 'Email\' UNION ALL SELECT 69,69,69,69,69,69,CONCAT(0', 'Email\' UNION ALL SELECT 69,69,69,69,69,69,CONCAT(0', 'dc647eb65e6711e155375218212b3964', 'Contact Name', '', 'Mobile', 'Address', 'Land Line', 32712, 1, 0, 0, '2022-12-28', '', '', '', 0, 1, '  91', 'Std Code', 'Pincode', 0, 0, 0),
(129, 'Email\' UNION ALL SELECT 69,69,69,69,69,69,69,CONCA', 'Email\' UNION ALL SELECT 69,69,69,69,69,69,69,CONCA', 'dc647eb65e6711e155375218212b3964', 'Contact Name', '', 'Mobile', 'Address', 'Land Line', 32713, 1, 0, 0, '2022-12-28', '', '', '', 0, 1, '  91', 'Std Code', 'Pincode', 0, 0, 0),
(130, 'Email\' UNION ALL SELECT 69,69,69,69,69,69,69,69,69', 'Email\' UNION ALL SELECT 69,69,69,69,69,69,69,69,69', 'dc647eb65e6711e155375218212b3964', 'Contact Name', '', 'Mobile', 'Address', 'Land Line', 32714, 1, 0, 0, '2022-12-28', '', '', '', 0, 1, '  91', 'Std Code', 'Pincode', 0, 0, 0),
(131, 'Email\' UNION ALL SELECT CONCAT(0x7176717071,0x5351', 'Email\' UNION ALL SELECT CONCAT(0x7176717071,0x5351', 'dc647eb65e6711e155375218212b3964', 'Contact Name', '', 'Mobile', 'Address', 'Land Line', 32715, 1, 0, 0, '2022-12-28', '', '', '', 0, 1, '  91', 'Std Code', 'Pincode', 0, 0, 0),
(135, 'Email\' UNION ALL SELECT 69,69,69,CONCAT(0x71767170', 'Email\' UNION ALL SELECT 69,69,69,CONCAT(0x71767170', 'dc647eb65e6711e155375218212b3964', 'Contact Name', '', 'Mobile', 'Address', 'Land Line', 32719, 1, 0, 0, '2022-12-28', '', '', '', 0, 1, '  91', 'Std Code', 'Pincode', 0, 0, 0),
(136, 'Email\' UNION ALL SELECT 69,69,69,69,69,CONCAT(0x71', 'Email\' UNION ALL SELECT 69,69,69,69,69,CONCAT(0x71', 'dc647eb65e6711e155375218212b3964', 'Contact Name', '', 'Mobile', 'Address', 'Land Line', 32720, 1, 0, 0, '2022-12-28', '', '', '', 0, 1, '  91', 'Std Code', 'Pincode', 0, 0, 0),
(148, 'Email\' UNION ALL SELECT CONCAT(0x7176717071,0x6656', 'Email\' UNION ALL SELECT CONCAT(0x7176717071,0x6656', 'dc647eb65e6711e155375218212b3964', 'Contact Name', '', 'Mobile', 'Address', 'Land Line', 32732, 1, 0, 0, '2022-12-28', '', '', '', 0, 1, '  91', 'Std Code', 'Pincode', 0, 0, 0),
(158, '-9805\' UNION ALL SELECT 69,69,69,69,CONCAT(0x71767', '-9805\' UNION ALL SELECT 69,69,69,69,CONCAT(0x71767', 'dc647eb65e6711e155375218212b3964', 'Contact Name', '', 'Mobile', 'Address', 'Land Line', 32742, 1, 0, 0, '2022-12-28', '', '', '', 0, 1, '  91', 'Std Code', 'Pincode', 0, 0, 0),
(159, '-6797\' UNION ALL SELECT 69,69,69,69,69,69,69,69,CO', '-6797\' UNION ALL SELECT 69,69,69,69,69,69,69,69,CO', 'dc647eb65e6711e155375218212b3964', 'Contact Name', '', 'Mobile', 'Address', 'Land Line', 32743, 1, 0, 0, '2022-12-28', '', '', '', 0, 1, '  91', 'Std Code', 'Pincode', 0, 0, 0),
(160, '-7385\' UNION ALL SELECT 69,69,69,69,69,69,69,69,69', '-7385\' UNION ALL SELECT 69,69,69,69,69,69,69,69,69', 'dc647eb65e6711e155375218212b3964', 'Contact Name', '', 'Mobile', 'Address', 'Land Line', 32744, 1, 0, 0, '2022-12-28', '', '', '', 0, 1, '  91', 'Std Code', 'Pincode', 0, 0, 0),
(161, '-1317\' UNION ALL SELECT 69,69,69,69,69,CONCAT(0x71', '-1317\' UNION ALL SELECT 69,69,69,69,69,CONCAT(0x71', 'dc647eb65e6711e155375218212b3964', 'Contact Name', '', 'Mobile', 'Address', 'Land Line', 32745, 1, 0, 0, '2022-12-28', '', '', '', 0, 1, '  91', 'Std Code', 'Pincode', 0, 0, 0),
(162, '-9526\' UNION ALL SELECT 69,69,69,69,69,69,69,69,69', '-9526\' UNION ALL SELECT 69,69,69,69,69,69,69,69,69', 'dc647eb65e6711e155375218212b3964', 'Contact Name', '', 'Mobile', 'Address', 'Land Line', 32746, 1, 0, 0, '2022-12-28', '', '', '', 0, 1, '  91', 'Std Code', 'Pincode', 0, 0, 0),
(163, '-6495\' UNION ALL SELECT 69,69,69,69,69,69,69,69,69', '-6495\' UNION ALL SELECT 69,69,69,69,69,69,69,69,69', 'dc647eb65e6711e155375218212b3964', 'Contact Name', '', 'Mobile', 'Address', 'Land Line', 32747, 1, 0, 0, '2022-12-28', '', '', '', 0, 1, '  91', 'Std Code', 'Pincode', 0, 0, 0),
(164, '-5646\' UNION ALL SELECT 69,69,69,69,69,69,69,CONCA', '-5646\' UNION ALL SELECT 69,69,69,69,69,69,69,CONCA', 'dc647eb65e6711e155375218212b3964', 'Contact Name', '', 'Mobile', 'Address', 'Land Line', 32748, 1, 0, 0, '2022-12-28', '', '', '', 0, 1, '  91', 'Std Code', 'Pincode', 0, 0, 0),
(165, '-8744\' UNION ALL SELECT 69,69,69,69,69,69,69,69,69', '-8744\' UNION ALL SELECT 69,69,69,69,69,69,69,69,69', 'dc647eb65e6711e155375218212b3964', 'Contact Name', '', 'Mobile', 'Address', 'Land Line', 32749, 1, 0, 0, '2022-12-28', '', '', '', 0, 1, '  91', 'Std Code', 'Pincode', 0, 0, 0),
(166, '-6588\' UNION ALL SELECT CONCAT(0x7176717071,0x7569', '-6588\' UNION ALL SELECT CONCAT(0x7176717071,0x7569', 'dc647eb65e6711e155375218212b3964', 'Contact Name', '', 'Mobile', 'Address', 'Land Line', 32750, 1, 0, 0, '2022-12-28', '', '', '', 0, 1, '  91', 'Std Code', 'Pincode', 0, 0, 0),
(167, '-4665\' UNION ALL SELECT 69,CONCAT(0x7176717071,0x7', '-4665\' UNION ALL SELECT 69,CONCAT(0x7176717071,0x7', 'dc647eb65e6711e155375218212b3964', 'Contact Name', '', 'Mobile', 'Address', 'Land Line', 32751, 1, 0, 0, '2022-12-28', '', '', '', 0, 1, '  91', 'Std Code', 'Pincode', 0, 0, 0),
(168, '-6471\' UNION ALL SELECT 69,69,69,69,69,69,69,69,69', '-6471\' UNION ALL SELECT 69,69,69,69,69,69,69,69,69', 'dc647eb65e6711e155375218212b3964', 'Contact Name', '', 'Mobile', 'Address', 'Land Line', 32752, 1, 0, 0, '2022-12-28', '', '', '', 0, 1, '  91', 'Std Code', 'Pincode', 0, 0, 0),
(169, '-4206\' UNION ALL SELECT 69,69,69,69,69,69,69,69,69', '-4206\' UNION ALL SELECT 69,69,69,69,69,69,69,69,69', 'dc647eb65e6711e155375218212b3964', 'Contact Name', '', 'Mobile', 'Address', 'Land Line', 32753, 1, 0, 0, '2022-12-28', '', '', '', 0, 1, '  91', 'Std Code', 'Pincode', 0, 0, 0),
(170, '-5033\' UNION ALL SELECT 69,69,69,69,69,69,69,69,69', '-5033\' UNION ALL SELECT 69,69,69,69,69,69,69,69,69', 'dc647eb65e6711e155375218212b3964', 'Contact Name', '', 'Mobile', 'Address', 'Land Line', 32754, 1, 0, 0, '2022-12-28', '', '', '', 0, 1, '  91', 'Std Code', 'Pincode', 0, 0, 0),
(171, '-5890\' UNION ALL SELECT 69,69,69,69,69,69,CONCAT(0', '-5890\' UNION ALL SELECT 69,69,69,69,69,69,CONCAT(0', 'dc647eb65e6711e155375218212b3964', 'Contact Name', '', 'Mobile', 'Address', 'Land Line', 32755, 1, 0, 0, '2022-12-28', '', '', '', 0, 1, '  91', 'Std Code', 'Pincode', 0, 0, 0),
(172, '-1632\' UNION ALL SELECT 69,69,69,CONCAT(0x71767170', '-1632\' UNION ALL SELECT 69,69,69,CONCAT(0x71767170', 'dc647eb65e6711e155375218212b3964', 'Contact Name', '', 'Mobile', 'Address', 'Land Line', 32756, 1, 0, 0, '2022-12-28', '', '', '', 0, 1, '  91', 'Std Code', 'Pincode', 0, 0, 0),
(173, '-6880\' UNION ALL SELECT 69,69,69,69,69,69,69,69,69', '-6880\' UNION ALL SELECT 69,69,69,69,69,69,69,69,69', 'dc647eb65e6711e155375218212b3964', 'Contact Name', '', 'Mobile', 'Address', 'Land Line', 32757, 1, 0, 0, '2022-12-28', '', '', '', 0, 1, '  91', 'Std Code', 'Pincode', 0, 0, 0),
(174, '-1815\' UNION ALL SELECT 69,69,CONCAT(0x7176717071,', '-1815\' UNION ALL SELECT 69,69,CONCAT(0x7176717071,', 'dc647eb65e6711e155375218212b3964', 'Contact Name', '', 'Mobile', 'Address', 'Land Line', 32758, 1, 0, 0, '2022-12-28', '', '', '', 0, 1, '  91', 'Std Code', 'Pincode', 0, 0, 0),
(175, '-7247\' UNION ALL SELECT 69,69,69,69,CONCAT(0x71767', '-7247\' UNION ALL SELECT 69,69,69,69,CONCAT(0x71767', 'dc647eb65e6711e155375218212b3964', 'Contact Name', '', 'Mobile', 'Address', 'Land Line', 32759, 1, 0, 0, '2022-12-28', '', '', '', 0, 1, '  91', 'Std Code', 'Pincode', 0, 0, 0),
(176, '-3214\' UNION ALL SELECT 69,69,69,69,69,69,69,69,CO', '-3214\' UNION ALL SELECT 69,69,69,69,69,69,69,69,CO', 'dc647eb65e6711e155375218212b3964', 'Contact Name', '', 'Mobile', 'Address', 'Land Line', 32760, 1, 0, 0, '2022-12-28', '', '', '', 0, 1, '  91', 'Std Code', 'Pincode', 0, 0, 0),
(177, '-5260\' UNION ALL SELECT 69,69,69,69,69,69,69,69,69', '-5260\' UNION ALL SELECT 69,69,69,69,69,69,69,69,69', 'dc647eb65e6711e155375218212b3964', 'Contact Name', '', 'Mobile', 'Address', 'Land Line', 32761, 1, 0, 0, '2022-12-28', '', '', '', 0, 1, '  91', 'Std Code', 'Pincode', 0, 0, 0),
(178, '-3779\' UNION ALL SELECT 69,69,69,69,69,CONCAT(0x71', '-3779\' UNION ALL SELECT 69,69,69,69,69,CONCAT(0x71', 'dc647eb65e6711e155375218212b3964', 'Contact Name', '', 'Mobile', 'Address', 'Land Line', 32762, 1, 0, 0, '2022-12-28', '', '', '', 0, 1, '  91', 'Std Code', 'Pincode', 0, 0, 0),
(179, '-2726\' UNION ALL SELECT 69,69,69,69,69,69,69,69,69', '-2726\' UNION ALL SELECT 69,69,69,69,69,69,69,69,69', 'dc647eb65e6711e155375218212b3964', 'Contact Name', '', 'Mobile', 'Address', 'Land Line', 32763, 1, 0, 0, '2022-12-28', '', '', '', 0, 1, '  91', 'Std Code', 'Pincode', 0, 0, 0),
(180, '-6847\' UNION ALL SELECT 69,69,69,69,69,69,69,69,69', '-6847\' UNION ALL SELECT 69,69,69,69,69,69,69,69,69', 'dc647eb65e6711e155375218212b3964', 'Contact Name', '', 'Mobile', 'Address', 'Land Line', 32764, 1, 0, 0, '2022-12-28', '', '', '', 0, 1, '  91', 'Std Code', 'Pincode', 0, 0, 0),
(181, '-8105\' UNION ALL SELECT 69,69,69,69,69,69,69,CONCA', '-8105\' UNION ALL SELECT 69,69,69,69,69,69,69,CONCA', 'dc647eb65e6711e155375218212b3964', 'Contact Name', '', 'Mobile', 'Address', 'Land Line', 32765, 1, 0, 0, '2022-12-28', '', '', '', 0, 1, '  91', 'Std Code', 'Pincode', 0, 0, 0),
(182, '-2414\' UNION ALL SELECT 69,69,69,69,69,69,69,69,69', '-2414\' UNION ALL SELECT 69,69,69,69,69,69,69,69,69', 'dc647eb65e6711e155375218212b3964', 'Contact Name', '', 'Mobile', 'Address', 'Land Line', 32766, 1, 0, 0, '2022-12-28', '', '', '', 0, 1, '  91', 'Std Code', 'Pincode', 0, 0, 0),
(183, '-5202\' UNION ALL SELECT CONCAT(0x7176717071,0x656b', '-5202\' UNION ALL SELECT CONCAT(0x7176717071,0x656b', 'dc647eb65e6711e155375218212b3964', 'Contact Name', '', 'Mobile', 'Address', 'Land Line', 32767, 1, 0, 0, '2022-12-28', '', '', '', 0, 1, '  91', 'Std Code', 'Pincode', 0, 0, 0),
(184, '-7392\' UNION ALL SELECT 69,CONCAT(0x7176717071,0x6', '-7392\' UNION ALL SELECT 69,CONCAT(0x7176717071,0x6', 'dc647eb65e6711e155375218212b3964', 'Contact Name', '', 'Mobile', 'Address', 'Land Line', 32768, 1, 0, 0, '2022-12-28', '', '', '', 0, 1, '  91', 'Std Code', 'Pincode', 0, 0, 0),
(185, '-4747\' UNION ALL SELECT 69,69,69,69,69,69,69,69,69', '-4747\' UNION ALL SELECT 69,69,69,69,69,69,69,69,69', 'dc647eb65e6711e155375218212b3964', 'Contact Name', '', 'Mobile', 'Address', 'Land Line', 32769, 1, 0, 0, '2022-12-28', '', '', '', 0, 1, '  91', 'Std Code', 'Pincode', 0, 0, 0),
(186, '-6077\' UNION ALL SELECT 69,69,69,69,69,69,69,69,69', '-6077\' UNION ALL SELECT 69,69,69,69,69,69,69,69,69', 'dc647eb65e6711e155375218212b3964', 'Contact Name', '', 'Mobile', 'Address', 'Land Line', 32770, 1, 0, 0, '2022-12-28', '', '', '', 0, 1, '  91', 'Std Code', 'Pincode', 0, 0, 0),
(187, '-6261\' UNION ALL SELECT 69,69,69,69,69,69,69,69,69', '-6261\' UNION ALL SELECT 69,69,69,69,69,69,69,69,69', 'dc647eb65e6711e155375218212b3964', 'Contact Name', '', 'Mobile', 'Address', 'Land Line', 32771, 1, 0, 0, '2022-12-28', '', '', '', 0, 1, '  91', 'Std Code', 'Pincode', 0, 0, 0),
(188, '-5663\' UNION ALL SELECT 69,69,69,69,69,69,CONCAT(0', '-5663\' UNION ALL SELECT 69,69,69,69,69,69,CONCAT(0', 'dc647eb65e6711e155375218212b3964', 'Contact Name', '', 'Mobile', 'Address', 'Land Line', 32772, 1, 0, 0, '2022-12-28', '', '', '', 0, 1, '  91', 'Std Code', 'Pincode', 0, 0, 0),
(189, '-3583\' UNION ALL SELECT 69,69,69,CONCAT(0x71767170', '-3583\' UNION ALL SELECT 69,69,69,CONCAT(0x71767170', 'dc647eb65e6711e155375218212b3964', 'Contact Name', '', 'Mobile', 'Address', 'Land Line', 32773, 1, 0, 0, '2022-12-28', '', '', '', 0, 1, '  91', 'Std Code', 'Pincode', 0, 0, 0),
(190, '-7645\' UNION ALL SELECT 69,69,69,69,69,69,69,69,69', '-7645\' UNION ALL SELECT 69,69,69,69,69,69,69,69,69', 'dc647eb65e6711e155375218212b3964', 'Contact Name', '', 'Mobile', 'Address', 'Land Line', 32774, 1, 0, 0, '2022-12-28', '', '', '', 0, 1, '  91', 'Std Code', 'Pincode', 0, 0, 0),
(191, '-2778\' UNION ALL SELECT 69,69,CONCAT(0x7176717071,', '-2778\' UNION ALL SELECT 69,69,CONCAT(0x7176717071,', 'dc647eb65e6711e155375218212b3964', 'Contact Name', '', 'Mobile', 'Address', 'Land Line', 32775, 1, 0, 0, '2022-12-28', '', '', '', 0, 1, '  91', 'Std Code', 'Pincode', 0, 0, 0),
(197, 'Email\' UNION ALL SELECT CONCAT(0x7176717071,0x7262', 'Email\' UNION ALL SELECT CONCAT(0x7176717071,0x7262', 'dc647eb65e6711e155375218212b3964', 'Contact Name', '', 'Mobile', 'Address', 'Land Line', 32781, 1, 0, 0, '2022-12-28', '', '', '', 0, 1, '  91', 'Std Code', 'Pincode', 0, 0, 0),
(200, 'Email\' UNION ALL SELECT 69,CONCAT(0x7176717071,0x6', 'Email\' UNION ALL SELECT 69,CONCAT(0x7176717071,0x6', 'dc647eb65e6711e155375218212b3964', 'Contact Name', '', 'Mobile', 'Address', 'Land Line', 32784, 1, 0, 0, '2022-12-28', '', '', '', 0, 1, '  91', 'Std Code', 'Pincode', 0, 0, 0),
(214, 'Email\' UNION ALL SELECT CONCAT(0x7176717071,0x6e64', 'Email\' UNION ALL SELECT CONCAT(0x7176717071,0x6e64', 'dc647eb65e6711e155375218212b3964', 'Contact Name', '', 'Mobile', 'Address', 'Land Line', 32798, 1, 0, 0, '2022-12-28', '', '', '', 0, 1, '  91', 'Std Code', 'Pincode', 0, 0, 0),
(226, '-9697\' UNION ALL SELECT 69,69,69,69,69,69,69,69,69', '-9697\' UNION ALL SELECT 69,69,69,69,69,69,69,69,69', 'dc647eb65e6711e155375218212b3964', 'Contact Name', '', 'Mobile', 'Address', 'Land Line', 32810, 1, 0, 0, '2022-12-28', '', '', '', 0, 1, '  91', 'Std Code', 'Pincode', 0, 0, 0),
(227, '-9638\' UNION ALL SELECT 69,69,69,69,69,69,69,69,69', '-9638\' UNION ALL SELECT 69,69,69,69,69,69,69,69,69', 'dc647eb65e6711e155375218212b3964', 'Contact Name', '', 'Mobile', 'Address', 'Land Line', 32811, 1, 0, 0, '2022-12-28', '', '', '', 0, 1, '  91', 'Std Code', 'Pincode', 0, 0, 0),
(228, '-7805\' UNION ALL SELECT 69,69,69,CONCAT(0x71767170', '-7805\' UNION ALL SELECT 69,69,69,CONCAT(0x71767170', 'dc647eb65e6711e155375218212b3964', 'Contact Name', '', 'Mobile', 'Address', 'Land Line', 32812, 1, 0, 0, '2022-12-28', '', '', '', 0, 1, '  91', 'Std Code', 'Pincode', 0, 0, 0),
(229, '-2423\' UNION ALL SELECT 69,69,69,69,69,69,69,69,69', '-2423\' UNION ALL SELECT 69,69,69,69,69,69,69,69,69', 'dc647eb65e6711e155375218212b3964', 'Contact Name', '', 'Mobile', 'Address', 'Land Line', 32813, 1, 0, 0, '2022-12-28', '', '', '', 0, 1, '  91', 'Std Code', 'Pincode', 0, 0, 0),
(230, '-1136\' UNION ALL SELECT 69,69,69,69,69,69,69,69,69', '-1136\' UNION ALL SELECT 69,69,69,69,69,69,69,69,69', 'dc647eb65e6711e155375218212b3964', 'Contact Name', '', 'Mobile', 'Address', 'Land Line', 32814, 1, 0, 0, '2022-12-28', '', '', '', 0, 1, '  91', 'Std Code', 'Pincode', 0, 0, 0),
(231, '-3528\' UNION ALL SELECT 69,69,69,69,69,69,69,CONCA', '-3528\' UNION ALL SELECT 69,69,69,69,69,69,69,CONCA', 'dc647eb65e6711e155375218212b3964', 'Contact Name', '', 'Mobile', 'Address', 'Land Line', 32815, 1, 0, 0, '2022-12-28', '', '', '', 0, 1, '  91', 'Std Code', 'Pincode', 0, 0, 0),
(232, '-7975\' UNION ALL SELECT CONCAT(0x7176717071,0x7248', '-7975\' UNION ALL SELECT CONCAT(0x7176717071,0x7248', 'dc647eb65e6711e155375218212b3964', 'Contact Name', '', 'Mobile', 'Address', 'Land Line', 32816, 1, 0, 0, '2022-12-28', '', '', '', 0, 1, '  91', 'Std Code', 'Pincode', 0, 0, 0),
(233, '-5230\' UNION ALL SELECT 69,CONCAT(0x7176717071,0x5', '-5230\' UNION ALL SELECT 69,CONCAT(0x7176717071,0x5', 'dc647eb65e6711e155375218212b3964', 'Contact Name', '', 'Mobile', 'Address', 'Land Line', 32817, 1, 0, 0, '2022-12-28', '', '', '', 0, 1, '  91', 'Std Code', 'Pincode', 0, 0, 0),
(234, '-8916\' UNION ALL SELECT 69,69,69,69,69,69,69,69,69', '-8916\' UNION ALL SELECT 69,69,69,69,69,69,69,69,69', 'dc647eb65e6711e155375218212b3964', 'Contact Name', '', 'Mobile', 'Address', 'Land Line', 32818, 1, 0, 0, '2022-12-28', '', '', '', 0, 1, '  91', 'Std Code', 'Pincode', 0, 0, 0),
(235, '-2602\' UNION ALL SELECT 69,69,69,69,69,69,69,69,69', '-2602\' UNION ALL SELECT 69,69,69,69,69,69,69,69,69', 'dc647eb65e6711e155375218212b3964', 'Contact Name', '', 'Mobile', 'Address', 'Land Line', 32819, 1, 0, 0, '2022-12-28', '', '', '', 0, 1, '  91', 'Std Code', 'Pincode', 0, 0, 0),
(236, '-1619\' UNION ALL SELECT 69,69,69,69,69,69,69,69,69', '-1619\' UNION ALL SELECT 69,69,69,69,69,69,69,69,69', 'dc647eb65e6711e155375218212b3964', 'Contact Name', '', 'Mobile', 'Address', 'Land Line', 32820, 1, 0, 0, '2022-12-28', '', '', '', 0, 1, '  91', 'Std Code', 'Pincode', 0, 0, 0),
(237, '-7295\' UNION ALL SELECT 69,69,CONCAT(0x7176717071,', '-7295\' UNION ALL SELECT 69,69,CONCAT(0x7176717071,', 'dc647eb65e6711e155375218212b3964', 'Contact Name', '', 'Mobile', 'Address', 'Land Line', 32821, 1, 0, 0, '2022-12-28', '', '', '', 0, 1, '  91', 'Std Code', 'Pincode', 0, 0, 0),
(238, '-8844\' UNION ALL SELECT 69,69,69,69,69,69,69,69,CO', '-8844\' UNION ALL SELECT 69,69,69,69,69,69,69,69,CO', 'dc647eb65e6711e155375218212b3964', 'Contact Name', '', 'Mobile', 'Address', 'Land Line', 32822, 1, 0, 0, '2022-12-28', '', '', '', 0, 1, '  91', 'Std Code', 'Pincode', 0, 0, 0),
(239, '-7912\' UNION ALL SELECT 69,69,69,69,69,69,CONCAT(0', '-7912\' UNION ALL SELECT 69,69,69,69,69,69,CONCAT(0', 'dc647eb65e6711e155375218212b3964', 'Contact Name', '', 'Mobile', 'Address', 'Land Line', 32823, 1, 0, 0, '2022-12-28', '', '', '', 0, 1, '  91', 'Std Code', 'Pincode', 0, 0, 0),
(240, '-2914\' UNION ALL SELECT 69,69,69,69,69,CONCAT(0x71', '-2914\' UNION ALL SELECT 69,69,69,69,69,CONCAT(0x71', 'dc647eb65e6711e155375218212b3964', 'Contact Name', '', 'Mobile', 'Address', 'Land Line', 32824, 1, 0, 0, '2022-12-28', '', '', '', 0, 1, '  91', 'Std Code', 'Pincode', 0, 0, 0),
(241, '-5786\' UNION ALL SELECT 69,69,69,69,CONCAT(0x71767', '-5786\' UNION ALL SELECT 69,69,69,69,CONCAT(0x71767', 'dc647eb65e6711e155375218212b3964', 'Contact Name', '', 'Mobile', 'Address', 'Land Line', 32825, 1, 0, 0, '2022-12-28', '', '', '', 0, 1, '  91', 'Std Code', 'Pincode', 0, 0, 0),
(242, '-9159\' UNION ALL SELECT 69,69,69,69,69,69,69,69,69', '-9159\' UNION ALL SELECT 69,69,69,69,69,69,69,69,69', 'dc647eb65e6711e155375218212b3964', 'Contact Name', '', 'Mobile', 'Address', 'Land Line', 32826, 1, 0, 0, '2022-12-28', '', '', '', 0, 1, '  91', 'Std Code', 'Pincode', 0, 0, 0),
(243, '-3368\' UNION ALL SELECT 69,69,69,69,69,69,69,69,69', '-3368\' UNION ALL SELECT 69,69,69,69,69,69,69,69,69', 'dc647eb65e6711e155375218212b3964', 'Contact Name', '', 'Mobile', 'Address', 'Land Line', 32827, 1, 0, 0, '2022-12-28', '', '', '', 0, 1, '  91', 'Std Code', 'Pincode', 0, 0, 0),
(244, '-8510\' UNION ALL SELECT 69,69,69,69,69,69,69,69,69', '-8510\' UNION ALL SELECT 69,69,69,69,69,69,69,69,69', 'dc647eb65e6711e155375218212b3964', 'Contact Name', '', 'Mobile', 'Address', 'Land Line', 32828, 1, 0, 0, '2022-12-28', '', '', '', 0, 1, '  91', 'Std Code', 'Pincode', 0, 0, 0),
(245, '-2071\' UNION ALL SELECT 69,69,69,CONCAT(0x71767170', '-2071\' UNION ALL SELECT 69,69,69,CONCAT(0x71767170', 'dc647eb65e6711e155375218212b3964', 'Contact Name', '', 'Mobile', 'Address', 'Land Line', 32829, 1, 0, 0, '2022-12-28', '', '', '', 0, 1, '  91', 'Std Code', 'Pincode', 0, 0, 0),
(246, '-1446\' UNION ALL SELECT 69,69,69,69,69,69,69,69,69', '-1446\' UNION ALL SELECT 69,69,69,69,69,69,69,69,69', 'dc647eb65e6711e155375218212b3964', 'Contact Name', '', 'Mobile', 'Address', 'Land Line', 32830, 1, 0, 0, '2022-12-28', '', '', '', 0, 1, '  91', 'Std Code', 'Pincode', 0, 0, 0),
(247, '-8813\' UNION ALL SELECT 69,69,69,69,69,69,69,69,69', '-8813\' UNION ALL SELECT 69,69,69,69,69,69,69,69,69', 'dc647eb65e6711e155375218212b3964', 'Contact Name', '', 'Mobile', 'Address', 'Land Line', 32831, 1, 0, 0, '2022-12-28', '', '', '', 0, 1, '  91', 'Std Code', 'Pincode', 0, 0, 0),
(248, '-7379\' UNION ALL SELECT 69,69,69,69,69,69,69,CONCA', '-7379\' UNION ALL SELECT 69,69,69,69,69,69,69,CONCA', 'dc647eb65e6711e155375218212b3964', 'Contact Name', '', 'Mobile', 'Address', 'Land Line', 32832, 1, 0, 0, '2022-12-28', '', '', '', 0, 1, '  91', 'Std Code', 'Pincode', 0, 0, 0),
(249, '-2521\' UNION ALL SELECT CONCAT(0x7176717071,0x4d70', '-2521\' UNION ALL SELECT CONCAT(0x7176717071,0x4d70', 'dc647eb65e6711e155375218212b3964', 'Contact Name', '', 'Mobile', 'Address', 'Land Line', 32833, 1, 0, 0, '2022-12-28', '', '', '', 0, 1, '  91', 'Std Code', 'Pincode', 0, 0, 0),
(250, '-9506\' UNION ALL SELECT 69,CONCAT(0x7176717071,0x6', '-9506\' UNION ALL SELECT 69,CONCAT(0x7176717071,0x6', 'dc647eb65e6711e155375218212b3964', 'Contact Name', '', 'Mobile', 'Address', 'Land Line', 32834, 1, 0, 0, '2022-12-28', '', '', '', 0, 1, '  91', 'Std Code', 'Pincode', 0, 0, 0),
(251, '-6313\' UNION ALL SELECT 69,69,69,69,69,69,69,69,69', '-6313\' UNION ALL SELECT 69,69,69,69,69,69,69,69,69', 'dc647eb65e6711e155375218212b3964', 'Contact Name', '', 'Mobile', 'Address', 'Land Line', 32835, 1, 0, 0, '2022-12-28', '', '', '', 0, 1, '  91', 'Std Code', 'Pincode', 0, 0, 0),
(252, '-5921\' UNION ALL SELECT 69,69,69,69,69,69,69,69,69', '-5921\' UNION ALL SELECT 69,69,69,69,69,69,69,69,69', 'dc647eb65e6711e155375218212b3964', 'Contact Name', '', 'Mobile', 'Address', 'Land Line', 32836, 1, 0, 0, '2022-12-28', '', '', '', 0, 1, '  91', 'Std Code', 'Pincode', 0, 0, 0),
(253, '-4996\' UNION ALL SELECT 69,69,69,69,69,69,69,69,69', '-4996\' UNION ALL SELECT 69,69,69,69,69,69,69,69,69', 'dc647eb65e6711e155375218212b3964', 'Contact Name', '', 'Mobile', 'Address', 'Land Line', 32837, 1, 0, 0, '2022-12-28', '', '', '', 0, 1, '  91', 'Std Code', 'Pincode', 0, 0, 0);
INSERT INTO `pms_company_users` (`user_id`, `email`, `username`, `password`, `firstname`, `lastname`, `mobile`, `address`, `telephone`, `company_id`, `status`, `package`, `payment_status`, `reg_date`, `aadhar_file`, `pan_file`, `gst_file`, `chk_agrmt`, `chk_terms`, `ext`, `stdcode`, `pincode`, `country_id`, `state_id`, `city_id`) VALUES
(254, '-6374\' UNION ALL SELECT 69,69,CONCAT(0x7176717071,', '-6374\' UNION ALL SELECT 69,69,CONCAT(0x7176717071,', 'dc647eb65e6711e155375218212b3964', 'Contact Name', '', 'Mobile', 'Address', 'Land Line', 32838, 1, 0, 0, '2022-12-28', '', '', '', 0, 1, '  91', 'Std Code', 'Pincode', 0, 0, 0),
(255, '-8594\' UNION ALL SELECT 69,69,69,69,69,69,69,69,CO', '-8594\' UNION ALL SELECT 69,69,69,69,69,69,69,69,CO', 'dc647eb65e6711e155375218212b3964', 'Contact Name', '', 'Mobile', 'Address', 'Land Line', 32839, 1, 0, 0, '2022-12-28', '', '', '', 0, 1, '  91', 'Std Code', 'Pincode', 0, 0, 0),
(256, '-4324\' UNION ALL SELECT 69,69,69,69,69,69,CONCAT(0', '-4324\' UNION ALL SELECT 69,69,69,69,69,69,CONCAT(0', 'dc647eb65e6711e155375218212b3964', 'Contact Name', '', 'Mobile', 'Address', 'Land Line', 32840, 1, 0, 0, '2022-12-28', '', '', '', 0, 1, '  91', 'Std Code', 'Pincode', 0, 0, 0),
(257, '-8255\' UNION ALL SELECT 69,69,69,69,69,CONCAT(0x71', '-8255\' UNION ALL SELECT 69,69,69,69,69,CONCAT(0x71', 'dc647eb65e6711e155375218212b3964', 'Contact Name', '', 'Mobile', 'Address', 'Land Line', 32841, 1, 0, 0, '2022-12-28', '', '', '', 0, 1, '  91', 'Std Code', 'Pincode', 0, 0, 0),
(258, '-2510\' UNION ALL SELECT 69,69,69,69,CONCAT(0x71767', '-2510\' UNION ALL SELECT 69,69,69,69,CONCAT(0x71767', 'dc647eb65e6711e155375218212b3964', 'Contact Name', '', 'Mobile', 'Address', 'Land Line', 32842, 1, 0, 0, '2022-12-28', '', '', '', 0, 1, '  91', 'Std Code', 'Pincode', 0, 0, 0),
(259, '-4945\' UNION ALL SELECT 69,69,69,69,69,69,69,69,69', '-4945\' UNION ALL SELECT 69,69,69,69,69,69,69,69,69', 'dc647eb65e6711e155375218212b3964', 'Contact Name', '', 'Mobile', 'Address', 'Land Line', 32843, 1, 0, 0, '2022-12-28', '', '', '', 0, 1, '  91', 'Std Code', 'Pincode', 0, 0, 0),
(260, '-8353\' UNION ALL SELECT 69,69,69,69,69,69,69,69,69', '-8353\' UNION ALL SELECT 69,69,69,69,69,69,69,69,69', 'dc647eb65e6711e155375218212b3964', 'Contact Name', '', 'Mobile', 'Address', 'Land Line', 32844, 1, 0, 0, '2022-12-28', '', '', '', 0, 1, '  91', 'Std Code', 'Pincode', 0, 0, 0),
(261, '-3395\' UNION ALL SELECT 69,69,69,69,69,69,69,69,69', '-3395\' UNION ALL SELECT 69,69,69,69,69,69,69,69,69', 'dc647eb65e6711e155375218212b3964', 'Contact Name', '', 'Mobile', 'Address', 'Land Line', 32845, 1, 0, 0, '2022-12-28', '', '', '', 0, 1, '  91', 'Std Code', 'Pincode', 0, 0, 0),
(262, '-7709\' UNION ALL SELECT 69,69,69,69,69,69,69,69,69', '-7709\' UNION ALL SELECT 69,69,69,69,69,69,69,69,69', 'dc647eb65e6711e155375218212b3964', 'Contact Name', '', 'Mobile', 'Address', 'Land Line', 32846, 1, 0, 0, '2022-12-28', '', '', '', 0, 1, '  91', 'Std Code', 'Pincode', 0, 0, 0),
(263, '-9698\' UNION ALL SELECT 69,69,69,69,69,69,69,69,69', '-9698\' UNION ALL SELECT 69,69,69,69,69,69,69,69,69', 'dc647eb65e6711e155375218212b3964', 'Contact Name', '', 'Mobile', 'Address', 'Land Line', 32847, 1, 0, 0, '2022-12-28', '', '', '', 0, 1, '  91', 'Std Code', 'Pincode', 0, 0, 0),
(264, '-2301\' UNION ALL SELECT 69,69,69,69,69,69,69,69,69', '-2301\' UNION ALL SELECT 69,69,69,69,69,69,69,69,69', 'dc647eb65e6711e155375218212b3964', 'Contact Name', '', 'Mobile', 'Address', 'Land Line', 32848, 1, 0, 0, '2022-12-28', '', '', '', 0, 1, '  91', 'Std Code', 'Pincode', 0, 0, 0),
(265, '-9615\' UNION ALL SELECT 69,69,69,69,69,69,69,69,69', '-9615\' UNION ALL SELECT 69,69,69,69,69,69,69,69,69', 'dc647eb65e6711e155375218212b3964', 'Contact Name', '', 'Mobile', 'Address', 'Land Line', 32849, 1, 0, 0, '2022-12-28', '', '', '', 0, 1, '  91', 'Std Code', 'Pincode', 0, 0, 0),
(266, '-6728\' UNION ALL SELECT 69,69,69,69,69,69,69,69,69', '-6728\' UNION ALL SELECT 69,69,69,69,69,69,69,69,69', 'dc647eb65e6711e155375218212b3964', 'Contact Name', '', 'Mobile', 'Address', 'Land Line', 32850, 1, 0, 0, '2022-12-28', '', '', '', 0, 1, '  91', 'Std Code', 'Pincode', 0, 0, 0),
(267, '-8114\' UNION ALL SELECT 69,69,69,69,69,69,69,69,69', '-8114\' UNION ALL SELECT 69,69,69,69,69,69,69,69,69', 'dc647eb65e6711e155375218212b3964', 'Contact Name', '', 'Mobile', 'Address', 'Land Line', 32851, 1, 0, 0, '2022-12-28', '', '', '', 0, 1, '  91', 'Std Code', 'Pincode', 0, 0, 0),
(268, '-7961\' UNION ALL SELECT 69,69,69,69,69,69,69,69,69', '-7961\' UNION ALL SELECT 69,69,69,69,69,69,69,69,69', 'dc647eb65e6711e155375218212b3964', 'Contact Name', '', 'Mobile', 'Address', 'Land Line', 32852, 1, 0, 0, '2022-12-28', '', '', '', 0, 1, '  91', 'Std Code', 'Pincode', 0, 0, 0),
(269, '-3919\' UNION ALL SELECT 69,69,69,69,69,69,69,69,69', '-3919\' UNION ALL SELECT 69,69,69,69,69,69,69,69,69', 'dc647eb65e6711e155375218212b3964', 'Contact Name', '', 'Mobile', 'Address', 'Land Line', 32853, 1, 0, 0, '2022-12-28', '', '', '', 0, 1, '  91', 'Std Code', 'Pincode', 0, 0, 0),
(270, '-2751\' UNION ALL SELECT 69,69,69,69,69,69,69,69,69', '-2751\' UNION ALL SELECT 69,69,69,69,69,69,69,69,69', 'dc647eb65e6711e155375218212b3964', 'Contact Name', '', 'Mobile', 'Address', 'Land Line', 32854, 1, 0, 0, '2022-12-28', '', '', '', 0, 1, '  91', 'Std Code', 'Pincode', 0, 0, 0),
(271, '-4035\' UNION ALL SELECT 69,69,69,69,69,69,69,69,69', '-4035\' UNION ALL SELECT 69,69,69,69,69,69,69,69,69', 'dc647eb65e6711e155375218212b3964', 'Contact Name', '', 'Mobile', 'Address', 'Land Line', 32855, 1, 0, 0, '2022-12-28', '', '', '', 0, 1, '  91', 'Std Code', 'Pincode', 0, 0, 0),
(272, '-9823\' UNION ALL SELECT 69,69,69,69,69,69,69,69,69', '-9823\' UNION ALL SELECT 69,69,69,69,69,69,69,69,69', 'dc647eb65e6711e155375218212b3964', 'Contact Name', '', 'Mobile', 'Address', 'Land Line', 32856, 1, 0, 0, '2022-12-28', '', '', '', 0, 1, '  91', 'Std Code', 'Pincode', 0, 0, 0),
(273, '-7362\' UNION ALL SELECT 69,69,69,69,69,69,69,69,69', '-7362\' UNION ALL SELECT 69,69,69,69,69,69,69,69,69', 'dc647eb65e6711e155375218212b3964', 'Contact Name', '', 'Mobile', 'Address', 'Land Line', 32857, 1, 0, 0, '2022-12-28', '', '', '', 0, 1, '  91', 'Std Code', 'Pincode', 0, 0, 0),
(274, '-8345\' UNION ALL SELECT 69,69,69,69,69,69,69,69,69', '-8345\' UNION ALL SELECT 69,69,69,69,69,69,69,69,69', 'dc647eb65e6711e155375218212b3964', 'Contact Name', '', 'Mobile', 'Address', 'Land Line', 32858, 1, 0, 0, '2022-12-28', '', '', '', 0, 1, '  91', 'Std Code', 'Pincode', 0, 0, 0),
(275, '-5657\' UNION ALL SELECT 69,69,69,69,69,69,69,69,69', '-5657\' UNION ALL SELECT 69,69,69,69,69,69,69,69,69', 'dc647eb65e6711e155375218212b3964', 'Contact Name', '', 'Mobile', 'Address', 'Land Line', 32859, 1, 0, 0, '2022-12-28', '', '', '', 0, 1, '  91', 'Std Code', 'Pincode', 0, 0, 0),
(276, '-1201\' UNION ALL SELECT 69,69,69,69,69,69,69,69,69', '-1201\' UNION ALL SELECT 69,69,69,69,69,69,69,69,69', 'dc647eb65e6711e155375218212b3964', 'Contact Name', '', 'Mobile', 'Address', 'Land Line', 32860, 1, 0, 0, '2022-12-28', '', '', '', 0, 1, '  91', 'Std Code', 'Pincode', 0, 0, 0),
(277, '-7158\' UNION ALL SELECT 69,69,69,69,69,69,69,69,69', '-7158\' UNION ALL SELECT 69,69,69,69,69,69,69,69,69', 'dc647eb65e6711e155375218212b3964', 'Contact Name', '', 'Mobile', 'Address', 'Land Line', 32861, 1, 0, 0, '2022-12-28', '', '', '', 0, 1, '  91', 'Std Code', 'Pincode', 0, 0, 0),
(278, '-8546\' UNION ALL SELECT 69,69,69,69,69,69,69,69,69', '-8546\' UNION ALL SELECT 69,69,69,69,69,69,69,69,69', 'dc647eb65e6711e155375218212b3964', 'Contact Name', '', 'Mobile', 'Address', 'Land Line', 32862, 1, 0, 0, '2022-12-28', '', '', '', 0, 1, '  91', 'Std Code', 'Pincode', 0, 0, 0),
(279, '-9955\' UNION ALL SELECT 69,69,69,69,69,69,69,69,69', '-9955\' UNION ALL SELECT 69,69,69,69,69,69,69,69,69', 'dc647eb65e6711e155375218212b3964', 'Contact Name', '', 'Mobile', 'Address', 'Land Line', 32863, 1, 0, 0, '2022-12-28', '', '', '', 0, 1, '  91', 'Std Code', 'Pincode', 0, 0, 0),
(280, '-6264\' UNION ALL SELECT 69,69,69,69,69,69,69,69,69', '-6264\' UNION ALL SELECT 69,69,69,69,69,69,69,69,69', 'dc647eb65e6711e155375218212b3964', 'Contact Name', '', 'Mobile', 'Address', 'Land Line', 32864, 1, 0, 0, '2022-12-28', '', '', '', 0, 1, '  91', 'Std Code', 'Pincode', 0, 0, 0),
(281, '-1733\' UNION ALL SELECT 69,69,69,69,69,69,69,69,69', '-1733\' UNION ALL SELECT 69,69,69,69,69,69,69,69,69', 'dc647eb65e6711e155375218212b3964', 'Contact Name', '', 'Mobile', 'Address', 'Land Line', 32865, 1, 0, 0, '2022-12-28', '', '', '', 0, 1, '  91', 'Std Code', 'Pincode', 0, 0, 0),
(282, '-7457\' UNION ALL SELECT 69,69,69,69,69,69,69,69,69', '-7457\' UNION ALL SELECT 69,69,69,69,69,69,69,69,69', 'dc647eb65e6711e155375218212b3964', 'Contact Name', '', 'Mobile', 'Address', 'Land Line', 32866, 1, 0, 0, '2022-12-28', '', '', '', 0, 1, '  91', 'Std Code', 'Pincode', 0, 0, 0),
(283, '-5814\' UNION ALL SELECT 69,69,69,69,69,69,69,69,69', '-5814\' UNION ALL SELECT 69,69,69,69,69,69,69,69,69', 'dc647eb65e6711e155375218212b3964', 'Contact Name', '', 'Mobile', 'Address', 'Land Line', 32867, 1, 0, 0, '2022-12-28', '', '', '', 0, 1, '  91', 'Std Code', 'Pincode', 0, 0, 0),
(284, '-1526\' UNION ALL SELECT 69,69,69,69,69,69,69,69,69', '-1526\' UNION ALL SELECT 69,69,69,69,69,69,69,69,69', 'dc647eb65e6711e155375218212b3964', 'Contact Name', '', 'Mobile', 'Address', 'Land Line', 32868, 1, 0, 0, '2022-12-28', '', '', '', 0, 1, '  91', 'Std Code', 'Pincode', 0, 0, 0),
(285, '-4621\' UNION ALL SELECT 69,69,69,69,69,69,69,69,69', '-4621\' UNION ALL SELECT 69,69,69,69,69,69,69,69,69', 'dc647eb65e6711e155375218212b3964', 'Contact Name', '', 'Mobile', 'Address', 'Land Line', 32869, 1, 0, 0, '2022-12-28', '', '', '', 0, 1, '  91', 'Std Code', 'Pincode', 0, 0, 0),
(286, '-2465\' UNION ALL SELECT 69,69,69,69,69,69,69,69,69', '-2465\' UNION ALL SELECT 69,69,69,69,69,69,69,69,69', 'dc647eb65e6711e155375218212b3964', 'Contact Name', '', 'Mobile', 'Address', 'Land Line', 32870, 1, 0, 0, '2022-12-28', '', '', '', 0, 1, '  91', 'Std Code', 'Pincode', 0, 0, 0),
(287, '-5012\' UNION ALL SELECT 69,69,69,69,69,69,69,69,69', '-5012\' UNION ALL SELECT 69,69,69,69,69,69,69,69,69', 'dc647eb65e6711e155375218212b3964', 'Contact Name', '', 'Mobile', 'Address', 'Land Line', 32871, 1, 0, 0, '2022-12-28', '', '', '', 0, 1, '  91', 'Std Code', 'Pincode', 0, 0, 0),
(288, '-6124\' UNION ALL SELECT 69,69,69,69,69,69,69,69,69', '-6124\' UNION ALL SELECT 69,69,69,69,69,69,69,69,69', 'dc647eb65e6711e155375218212b3964', 'Contact Name', '', 'Mobile', 'Address', 'Land Line', 32872, 1, 0, 0, '2022-12-28', '', '', '', 0, 1, '  91', 'Std Code', 'Pincode', 0, 0, 0),
(289, '-9606\' UNION ALL SELECT 69,69,69,69,69,69,69,69,69', '-9606\' UNION ALL SELECT 69,69,69,69,69,69,69,69,69', 'dc647eb65e6711e155375218212b3964', 'Contact Name', '', 'Mobile', 'Address', 'Land Line', 32873, 1, 0, 0, '2022-12-28', '', '', '', 0, 1, '  91', 'Std Code', 'Pincode', 0, 0, 0),
(290, '-4527\' UNION ALL SELECT 69,69,69,69,69,69,69,69,69', '-4527\' UNION ALL SELECT 69,69,69,69,69,69,69,69,69', 'dc647eb65e6711e155375218212b3964', 'Contact Name', '', 'Mobile', 'Address', 'Land Line', 32874, 1, 0, 0, '2022-12-28', '', '', '', 0, 1, '  91', 'Std Code', 'Pincode', 0, 0, 0),
(291, '-8616\' UNION ALL SELECT 69,69,69,69,69,69,69,69,69', '-8616\' UNION ALL SELECT 69,69,69,69,69,69,69,69,69', 'dc647eb65e6711e155375218212b3964', 'Contact Name', '', 'Mobile', 'Address', 'Land Line', 32875, 1, 0, 0, '2022-12-28', '', '', '', 0, 1, '  91', 'Std Code', 'Pincode', 0, 0, 0),
(292, '-1966\' UNION ALL SELECT 69,69,69,69,69,69,69,69,69', '-1966\' UNION ALL SELECT 69,69,69,69,69,69,69,69,69', 'dc647eb65e6711e155375218212b3964', 'Contact Name', '', 'Mobile', 'Address', 'Land Line', 32876, 1, 0, 0, '2022-12-28', '', '', '', 0, 1, '  91', 'Std Code', 'Pincode', 0, 0, 0),
(293, '-3130\' UNION ALL SELECT 69,69,69,69,69,69,69,69,69', '-3130\' UNION ALL SELECT 69,69,69,69,69,69,69,69,69', 'dc647eb65e6711e155375218212b3964', 'Contact Name', '', 'Mobile', 'Address', 'Land Line', 32877, 1, 0, 0, '2022-12-28', '', '', '', 0, 1, '  91', 'Std Code', 'Pincode', 0, 0, 0),
(294, '-3901\' UNION ALL SELECT 69,69,69,69,69,69,69,69,69', '-3901\' UNION ALL SELECT 69,69,69,69,69,69,69,69,69', 'dc647eb65e6711e155375218212b3964', 'Contact Name', '', 'Mobile', 'Address', 'Land Line', 32878, 1, 0, 0, '2022-12-28', '', '', '', 0, 1, '  91', 'Std Code', 'Pincode', 0, 0, 0),
(295, '-4963\' UNION ALL SELECT 69,69,69,69,69,69,69,69,69', '-4963\' UNION ALL SELECT 69,69,69,69,69,69,69,69,69', 'dc647eb65e6711e155375218212b3964', 'Contact Name', '', 'Mobile', 'Address', 'Land Line', 32879, 1, 0, 0, '2022-12-28', '', '', '', 0, 1, '  91', 'Std Code', 'Pincode', 0, 0, 0),
(296, '-2293\' UNION ALL SELECT 69,69,69,69,69,69,69,69,69', '-2293\' UNION ALL SELECT 69,69,69,69,69,69,69,69,69', 'dc647eb65e6711e155375218212b3964', 'Contact Name', '', 'Mobile', 'Address', 'Land Line', 32880, 1, 0, 0, '2022-12-28', '', '', '', 0, 1, '  91', 'Std Code', 'Pincode', 0, 0, 0),
(297, '-7932\' UNION ALL SELECT 69,69,69,69,69,69,69,69,69', '-7932\' UNION ALL SELECT 69,69,69,69,69,69,69,69,69', 'dc647eb65e6711e155375218212b3964', 'Contact Name', '', 'Mobile', 'Address', 'Land Line', 32881, 1, 0, 0, '2022-12-28', '', '', '', 0, 1, '  91', 'Std Code', 'Pincode', 0, 0, 0),
(298, '-8469\' UNION ALL SELECT 69,69,69,69,69,69,69,69,69', '-8469\' UNION ALL SELECT 69,69,69,69,69,69,69,69,69', 'dc647eb65e6711e155375218212b3964', 'Contact Name', '', 'Mobile', 'Address', 'Land Line', 32882, 1, 0, 0, '2022-12-28', '', '', '', 0, 1, '  91', 'Std Code', 'Pincode', 0, 0, 0),
(299, '-5716\' UNION ALL SELECT 69,69,69,69,69,69,69,69,69', '-5716\' UNION ALL SELECT 69,69,69,69,69,69,69,69,69', 'dc647eb65e6711e155375218212b3964', 'Contact Name', '', 'Mobile', 'Address', 'Land Line', 32883, 1, 0, 0, '2022-12-28', '', '', '', 0, 1, '  91', 'Std Code', 'Pincode', 0, 0, 0),
(300, '-2605\' UNION ALL SELECT 69,69,69,69,69,69,69,69,69', '-2605\' UNION ALL SELECT 69,69,69,69,69,69,69,69,69', 'dc647eb65e6711e155375218212b3964', 'Contact Name', '', 'Mobile', 'Address', 'Land Line', 32884, 1, 0, 0, '2022-12-28', '', '', '', 0, 1, '  91', 'Std Code', 'Pincode', 0, 0, 0),
(301, '-5808\' UNION ALL SELECT 69,69,69,69,69,69,69,69,69', '-5808\' UNION ALL SELECT 69,69,69,69,69,69,69,69,69', 'dc647eb65e6711e155375218212b3964', 'Contact Name', '', 'Mobile', 'Address', 'Land Line', 32885, 1, 0, 0, '2022-12-28', '', '', '', 0, 1, '  91', 'Std Code', 'Pincode', 0, 0, 0),
(302, '-7134\' UNION ALL SELECT 69,69,69,69,69,69,69,69,69', '-7134\' UNION ALL SELECT 69,69,69,69,69,69,69,69,69', 'dc647eb65e6711e155375218212b3964', 'Contact Name', '', 'Mobile', 'Address', 'Land Line', 32886, 1, 0, 0, '2022-12-28', '', '', '', 0, 1, '  91', 'Std Code', 'Pincode', 0, 0, 0),
(303, '-3913\' UNION ALL SELECT 69,69,69,69,69,69,69,69,69', '-3913\' UNION ALL SELECT 69,69,69,69,69,69,69,69,69', 'dc647eb65e6711e155375218212b3964', 'Contact Name', '', 'Mobile', 'Address', 'Land Line', 32887, 1, 0, 0, '2022-12-28', '', '', '', 0, 1, '  91', 'Std Code', 'Pincode', 0, 0, 0),
(304, '-8163\' UNION ALL SELECT 69,69,69,69,69,69,69,69,69', '-8163\' UNION ALL SELECT 69,69,69,69,69,69,69,69,69', 'dc647eb65e6711e155375218212b3964', 'Contact Name', '', 'Mobile', 'Address', 'Land Line', 32888, 1, 0, 0, '2022-12-28', '', '', '', 0, 1, '  91', 'Std Code', 'Pincode', 0, 0, 0),
(305, '-8789\' UNION ALL SELECT 69,69,69,69,69,69,69,69,69', '-8789\' UNION ALL SELECT 69,69,69,69,69,69,69,69,69', 'dc647eb65e6711e155375218212b3964', 'Contact Name', '', 'Mobile', 'Address', 'Land Line', 32889, 1, 0, 0, '2022-12-28', '', '', '', 0, 1, '  91', 'Std Code', 'Pincode', 0, 0, 0),
(306, '-5417\' UNION ALL SELECT 69,69,69,69,69,69,69,69,69', '-5417\' UNION ALL SELECT 69,69,69,69,69,69,69,69,69', 'dc647eb65e6711e155375218212b3964', 'Contact Name', '', 'Mobile', 'Address', 'Land Line', 32890, 1, 0, 0, '2022-12-28', '', '', '', 0, 1, '  91', 'Std Code', 'Pincode', 0, 0, 0),
(307, '-9788\' UNION ALL SELECT 69,69,69,69,69,69,69,69,69', '-9788\' UNION ALL SELECT 69,69,69,69,69,69,69,69,69', 'dc647eb65e6711e155375218212b3964', 'Contact Name', '', 'Mobile', 'Address', 'Land Line', 32891, 1, 0, 0, '2022-12-28', '', '', '', 0, 1, '  91', 'Std Code', 'Pincode', 0, 0, 0),
(308, '-4872\' UNION ALL SELECT 69,69,69,69,69,69,69,69,69', '-4872\' UNION ALL SELECT 69,69,69,69,69,69,69,69,69', 'dc647eb65e6711e155375218212b3964', 'Contact Name', '', 'Mobile', 'Address', 'Land Line', 32892, 1, 0, 0, '2022-12-28', '', '', '', 0, 1, '  91', 'Std Code', 'Pincode', 0, 0, 0),
(309, '-7370\' UNION ALL SELECT 69,69,69,69,69,69,69,69,69', '-7370\' UNION ALL SELECT 69,69,69,69,69,69,69,69,69', 'dc647eb65e6711e155375218212b3964', 'Contact Name', '', 'Mobile', 'Address', 'Land Line', 32893, 1, 0, 0, '2022-12-28', '', '', '', 0, 1, '  91', 'Std Code', 'Pincode', 0, 0, 0),
(310, '-4568\' UNION ALL SELECT 69,69,69,69,69,69,69,69,69', '-4568\' UNION ALL SELECT 69,69,69,69,69,69,69,69,69', 'dc647eb65e6711e155375218212b3964', 'Contact Name', '', 'Mobile', 'Address', 'Land Line', 32894, 1, 0, 0, '2022-12-28', '', '', '', 0, 1, '  91', 'Std Code', 'Pincode', 0, 0, 0),
(311, '-2537\' UNION ALL SELECT 69,69,69,69,69,69,69,69,69', '-2537\' UNION ALL SELECT 69,69,69,69,69,69,69,69,69', 'dc647eb65e6711e155375218212b3964', 'Contact Name', '', 'Mobile', 'Address', 'Land Line', 32895, 1, 0, 0, '2022-12-28', '', '', '', 0, 1, '  91', 'Std Code', 'Pincode', 0, 0, 0),
(312, '-3018\' UNION ALL SELECT 69,69,69,69,69,69,69,69,69', '-3018\' UNION ALL SELECT 69,69,69,69,69,69,69,69,69', 'dc647eb65e6711e155375218212b3964', 'Contact Name', '', 'Mobile', 'Address', 'Land Line', 32896, 1, 0, 0, '2022-12-28', '', '', '', 0, 1, '  91', 'Std Code', 'Pincode', 0, 0, 0),
(313, '-9960\' UNION ALL SELECT 69,69,69,69,69,69,69,69,69', '-9960\' UNION ALL SELECT 69,69,69,69,69,69,69,69,69', 'dc647eb65e6711e155375218212b3964', 'Contact Name', '', 'Mobile', 'Address', 'Land Line', 32897, 1, 0, 0, '2022-12-28', '', '', '', 0, 1, '  91', 'Std Code', 'Pincode', 0, 0, 0),
(314, '-9103\' UNION ALL SELECT 69,69,69,69,69,69,69,69,69', '-9103\' UNION ALL SELECT 69,69,69,69,69,69,69,69,69', 'dc647eb65e6711e155375218212b3964', 'Contact Name', '', 'Mobile', 'Address', 'Land Line', 32898, 1, 0, 0, '2022-12-28', '', '', '', 0, 1, '  91', 'Std Code', 'Pincode', 0, 0, 0),
(315, '-6403\' UNION ALL SELECT 69,69,69,69,69,69,69,69,69', '-6403\' UNION ALL SELECT 69,69,69,69,69,69,69,69,69', 'dc647eb65e6711e155375218212b3964', 'Contact Name', '', 'Mobile', 'Address', 'Land Line', 32899, 1, 0, 0, '2022-12-28', '', '', '', 0, 1, '  91', 'Std Code', 'Pincode', 0, 0, 0),
(316, '-6992\' UNION ALL SELECT 69,69,69,69,69,69,69,69,69', '-6992\' UNION ALL SELECT 69,69,69,69,69,69,69,69,69', 'dc647eb65e6711e155375218212b3964', 'Contact Name', '', 'Mobile', 'Address', 'Land Line', 32900, 1, 0, 0, '2022-12-28', '', '', '', 0, 1, '  91', 'Std Code', 'Pincode', 0, 0, 0),
(318, '-1745\' UNION ALL SELECT 69,69,69,69,69,69,69,69,69', '-1745\' UNION ALL SELECT 69,69,69,69,69,69,69,69,69', 'dc647eb65e6711e155375218212b3964', 'Contact Name', '', 'Mobile', 'Address', 'Land Line', 32902, 1, 0, 0, '2022-12-28', '', '', '', 0, 1, '  91', 'Std Code', 'Pincode', 0, 0, 0),
(319, '-4797\' UNION ALL SELECT 69,69,69,69,69,69,69,69,69', '-4797\' UNION ALL SELECT 69,69,69,69,69,69,69,69,69', 'dc647eb65e6711e155375218212b3964', 'Contact Name', '', 'Mobile', 'Address', 'Land Line', 32903, 1, 0, 0, '2022-12-28', '', '', '', 0, 1, '  91', 'Std Code', 'Pincode', 0, 0, 0),
(342, 'Email\' UNION ALL SELECT CONCAT(0x7176717071,0x754b', 'Email\' UNION ALL SELECT CONCAT(0x7176717071,0x754b', 'dc647eb65e6711e155375218212b3964', 'Contact Name', '', 'Mobile', 'Address', 'Land Line', 32926, 1, 0, 0, '2022-12-28', '', '', '', 0, 1, '  91', 'Std Code', 'Pincode', 0, 0, 0),
(375, 'Email\' UNION ALL SELECT 69,CONCAT(0x7176717071,0x4', 'Email\' UNION ALL SELECT 69,CONCAT(0x7176717071,0x4', 'dc647eb65e6711e155375218212b3964', 'Contact Name', '', 'Mobile', 'Address', 'Land Line', 32959, 1, 0, 0, '2022-12-28', '', '', '', 0, 1, '  91', 'Std Code', 'Pincode', 0, 0, 0),
(420, 'Email\' UNION ALL SELECT CONCAT(0x7176717071,0x7757', 'Email\' UNION ALL SELECT CONCAT(0x7176717071,0x7757', 'dc647eb65e6711e155375218212b3964', 'Contact Name', '', 'Mobile', 'Address', 'Land Line', 33004, 1, 0, 0, '2022-12-28', '', '', '', 0, 1, '  91', 'Std Code', 'Pincode', 0, 0, 0),
(476, '-4530\' UNION ALL SELECT 69,69,69,69,69,CONCAT(0x71', '-4530\' UNION ALL SELECT 69,69,69,69,69,CONCAT(0x71', 'dc647eb65e6711e155375218212b3964', 'Contact Name', '', 'Mobile', 'Address', 'Land Line', 33060, 1, 0, 0, '2022-12-28', '', '', '', 0, 1, '  91', 'Std Code', 'Pincode', 0, 0, 0),
(477, '-9831\' UNION ALL SELECT 69,69,69,69,69,69,69,69,69', '-9831\' UNION ALL SELECT 69,69,69,69,69,69,69,69,69', 'dc647eb65e6711e155375218212b3964', 'Contact Name', '', 'Mobile', 'Address', 'Land Line', 33061, 1, 0, 0, '2022-12-28', '', '', '', 0, 1, '  91', 'Std Code', 'Pincode', 0, 0, 0),
(478, '-1105\' UNION ALL SELECT 69,69,69,69,69,69,69,69,69', '-1105\' UNION ALL SELECT 69,69,69,69,69,69,69,69,69', 'dc647eb65e6711e155375218212b3964', 'Contact Name', '', 'Mobile', 'Address', 'Land Line', 33062, 1, 0, 0, '2022-12-28', '', '', '', 0, 1, '  91', 'Std Code', 'Pincode', 0, 0, 0),
(479, '-7437\' UNION ALL SELECT 69,69,69,69,69,69,69,69,69', '-7437\' UNION ALL SELECT 69,69,69,69,69,69,69,69,69', 'dc647eb65e6711e155375218212b3964', 'Contact Name', '', 'Mobile', 'Address', 'Land Line', 33063, 1, 0, 0, '2022-12-28', '', '', '', 0, 1, '  91', 'Std Code', 'Pincode', 0, 0, 0),
(480, '-7939\' UNION ALL SELECT 69,69,69,69,69,69,69,69,69', '-7939\' UNION ALL SELECT 69,69,69,69,69,69,69,69,69', 'dc647eb65e6711e155375218212b3964', 'Contact Name', '', 'Mobile', 'Address', 'Land Line', 33064, 1, 0, 0, '2022-12-28', '', '', '', 0, 1, '  91', 'Std Code', 'Pincode', 0, 0, 0),
(481, '-8927\' UNION ALL SELECT 69,69,69,69,69,69,69,69,69', '-8927\' UNION ALL SELECT 69,69,69,69,69,69,69,69,69', 'dc647eb65e6711e155375218212b3964', 'Contact Name', '', 'Mobile', 'Address', 'Land Line', 33065, 1, 0, 0, '2022-12-28', '', '', '', 0, 1, '  91', 'Std Code', 'Pincode', 0, 0, 0),
(482, '-9283\' UNION ALL SELECT 69,69,69,69,69,69,69,69,69', '-9283\' UNION ALL SELECT 69,69,69,69,69,69,69,69,69', 'dc647eb65e6711e155375218212b3964', 'Contact Name', '', 'Mobile', 'Address', 'Land Line', 33066, 1, 0, 0, '2022-12-28', '', '', '', 0, 1, '  91', 'Std Code', 'Pincode', 0, 0, 0),
(483, '-3178\' UNION ALL SELECT 69,69,69,69,69,69,69,69,69', '-3178\' UNION ALL SELECT 69,69,69,69,69,69,69,69,69', 'dc647eb65e6711e155375218212b3964', 'Contact Name', '', 'Mobile', 'Address', 'Land Line', 33067, 1, 0, 0, '2022-12-28', '', '', '', 0, 1, '  91', 'Std Code', 'Pincode', 0, 0, 0),
(484, '-4816\' UNION ALL SELECT 69,69,69,69,69,69,69,69,69', '-4816\' UNION ALL SELECT 69,69,69,69,69,69,69,69,69', 'dc647eb65e6711e155375218212b3964', 'Contact Name', '', 'Mobile', 'Address', 'Land Line', 33068, 1, 0, 0, '2022-12-28', '', '', '', 0, 1, '  91', 'Std Code', 'Pincode', 0, 0, 0),
(485, '-7992\' UNION ALL SELECT 69,69,69,69,69,69,69,69,69', '-7992\' UNION ALL SELECT 69,69,69,69,69,69,69,69,69', 'dc647eb65e6711e155375218212b3964', 'Contact Name', '', 'Mobile', 'Address', 'Land Line', 33069, 1, 0, 0, '2022-12-28', '', '', '', 0, 1, '  91', 'Std Code', 'Pincode', 0, 0, 0),
(486, '-7316\' UNION ALL SELECT 69,69,69,69,69,69,69,69,69', '-7316\' UNION ALL SELECT 69,69,69,69,69,69,69,69,69', 'dc647eb65e6711e155375218212b3964', 'Contact Name', '', 'Mobile', 'Address', 'Land Line', 33070, 1, 0, 0, '2022-12-28', '', '', '', 0, 1, '  91', 'Std Code', 'Pincode', 0, 0, 0),
(487, '-9524\' UNION ALL SELECT 69,69,69,69,69,69,69,69,69', '-9524\' UNION ALL SELECT 69,69,69,69,69,69,69,69,69', 'dc647eb65e6711e155375218212b3964', 'Contact Name', '', 'Mobile', 'Address', 'Land Line', 33071, 1, 0, 0, '2022-12-28', '', '', '', 0, 1, '  91', 'Std Code', 'Pincode', 0, 0, 0),
(488, '-7879\' UNION ALL SELECT 69,69,69,69,69,69,69,69,69', '-7879\' UNION ALL SELECT 69,69,69,69,69,69,69,69,69', 'dc647eb65e6711e155375218212b3964', 'Contact Name', '', 'Mobile', 'Address', 'Land Line', 33072, 1, 0, 0, '2022-12-28', '', '', '', 0, 1, '  91', 'Std Code', 'Pincode', 0, 0, 0),
(489, '-7244\' UNION ALL SELECT 69,69,69,69,69,69,69,69,69', '-7244\' UNION ALL SELECT 69,69,69,69,69,69,69,69,69', 'dc647eb65e6711e155375218212b3964', 'Contact Name', '', 'Mobile', 'Address', 'Land Line', 33073, 1, 0, 0, '2022-12-28', '', '', '', 0, 1, '  91', 'Std Code', 'Pincode', 0, 0, 0),
(490, '-6780\' UNION ALL SELECT 69,69,69,69,69,69,69,69,69', '-6780\' UNION ALL SELECT 69,69,69,69,69,69,69,69,69', 'dc647eb65e6711e155375218212b3964', 'Contact Name', '', 'Mobile', 'Address', 'Land Line', 33074, 1, 0, 0, '2022-12-28', '', '', '', 0, 1, '  91', 'Std Code', 'Pincode', 0, 0, 0),
(491, '-7052\' UNION ALL SELECT 69,69,69,69,69,69,69,69,69', '-7052\' UNION ALL SELECT 69,69,69,69,69,69,69,69,69', 'dc647eb65e6711e155375218212b3964', 'Contact Name', '', 'Mobile', 'Address', 'Land Line', 33075, 1, 0, 0, '2022-12-28', '', '', '', 0, 1, '  91', 'Std Code', 'Pincode', 0, 0, 0),
(492, '-4859\' UNION ALL SELECT 69,69,69,69,69,69,69,69,69', '-4859\' UNION ALL SELECT 69,69,69,69,69,69,69,69,69', 'dc647eb65e6711e155375218212b3964', 'Contact Name', '', 'Mobile', 'Address', 'Land Line', 33076, 1, 0, 0, '2022-12-28', '', '', '', 0, 1, '  91', 'Std Code', 'Pincode', 0, 0, 0),
(493, '-5376\' UNION ALL SELECT 69,69,69,69,69,69,69,69,69', '-5376\' UNION ALL SELECT 69,69,69,69,69,69,69,69,69', 'dc647eb65e6711e155375218212b3964', 'Contact Name', '', 'Mobile', 'Address', 'Land Line', 33077, 1, 0, 0, '2022-12-28', '', '', '', 0, 1, '  91', 'Std Code', 'Pincode', 0, 0, 0),
(494, '-3429\' UNION ALL SELECT 69,69,69,69,69,69,69,69,69', '-3429\' UNION ALL SELECT 69,69,69,69,69,69,69,69,69', 'dc647eb65e6711e155375218212b3964', 'Contact Name', '', 'Mobile', 'Address', 'Land Line', 33078, 1, 0, 0, '2022-12-28', '', '', '', 0, 1, '  91', 'Std Code', 'Pincode', 0, 0, 0),
(495, '-8854\' UNION ALL SELECT 69,69,69,69,69,69,69,69,69', '-8854\' UNION ALL SELECT 69,69,69,69,69,69,69,69,69', 'dc647eb65e6711e155375218212b3964', 'Contact Name', '', 'Mobile', 'Address', 'Land Line', 33079, 1, 0, 0, '2022-12-28', '', '', '', 0, 1, '  91', 'Std Code', 'Pincode', 0, 0, 0),
(496, '-5361\' UNION ALL SELECT 69,69,69,69,69,69,69,69,69', '-5361\' UNION ALL SELECT 69,69,69,69,69,69,69,69,69', 'dc647eb65e6711e155375218212b3964', 'Contact Name', '', 'Mobile', 'Address', 'Land Line', 33080, 1, 0, 0, '2022-12-28', '', '', '', 0, 1, '  91', 'Std Code', 'Pincode', 0, 0, 0),
(497, '-8673\' UNION ALL SELECT 69,69,69,69,69,69,69,69,69', '-8673\' UNION ALL SELECT 69,69,69,69,69,69,69,69,69', 'dc647eb65e6711e155375218212b3964', 'Contact Name', '', 'Mobile', 'Address', 'Land Line', 33081, 1, 0, 0, '2022-12-28', '', '', '', 0, 1, '  91', 'Std Code', 'Pincode', 0, 0, 0),
(498, '-7770\' UNION ALL SELECT 69,69,69,69,69,69,69,69,69', '-7770\' UNION ALL SELECT 69,69,69,69,69,69,69,69,69', 'dc647eb65e6711e155375218212b3964', 'Contact Name', '', 'Mobile', 'Address', 'Land Line', 33082, 1, 0, 0, '2022-12-28', '', '', '', 0, 1, '  91', 'Std Code', 'Pincode', 0, 0, 0),
(499, '-7503\' UNION ALL SELECT 69,69,69,69,69,69,69,69,69', '-7503\' UNION ALL SELECT 69,69,69,69,69,69,69,69,69', 'dc647eb65e6711e155375218212b3964', 'Contact Name', '', 'Mobile', 'Address', 'Land Line', 33083, 1, 0, 0, '2022-12-28', '', '', '', 0, 1, '  91', 'Std Code', 'Pincode', 0, 0, 0),
(500, '-3407\' UNION ALL SELECT 69,69,69,69,69,69,69,69,69', '-3407\' UNION ALL SELECT 69,69,69,69,69,69,69,69,69', 'dc647eb65e6711e155375218212b3964', 'Contact Name', '', 'Mobile', 'Address', 'Land Line', 33084, 1, 0, 0, '2022-12-28', '', '', '', 0, 1, '  91', 'Std Code', 'Pincode', 0, 0, 0),
(501, '-8468\' UNION ALL SELECT 69,69,69,69,69,69,69,69,69', '-8468\' UNION ALL SELECT 69,69,69,69,69,69,69,69,69', 'dc647eb65e6711e155375218212b3964', 'Contact Name', '', 'Mobile', 'Address', 'Land Line', 33085, 1, 0, 0, '2022-12-28', '', '', '', 0, 1, '  91', 'Std Code', 'Pincode', 0, 0, 0),
(502, '-1976\' UNION ALL SELECT 69,69,69,69,69,69,69,69,69', '-1976\' UNION ALL SELECT 69,69,69,69,69,69,69,69,69', 'dc647eb65e6711e155375218212b3964', 'Contact Name', '', 'Mobile', 'Address', 'Land Line', 33086, 1, 0, 0, '2022-12-28', '', '', '', 0, 1, '  91', 'Std Code', 'Pincode', 0, 0, 0),
(504, '-7424\' UNION ALL SELECT 69,69,69,69,69,69,69,69,69', '-7424\' UNION ALL SELECT 69,69,69,69,69,69,69,69,69', 'dc647eb65e6711e155375218212b3964', 'Contact Name', '', 'Mobile', 'Address', 'Land Line', 33088, 1, 0, 0, '2022-12-28', '', '', '', 0, 1, '  91', 'Std Code', 'Pincode', 0, 0, 0),
(505, '-1835\' UNION ALL SELECT 69,69,69,69,69,69,69,69,69', '-1835\' UNION ALL SELECT 69,69,69,69,69,69,69,69,69', 'dc647eb65e6711e155375218212b3964', 'Contact Name', '', 'Mobile', 'Address', 'Land Line', 33089, 1, 0, 0, '2022-12-28', '', '', '', 0, 1, '  91', 'Std Code', 'Pincode', 0, 0, 0),
(507, '-5315\' UNION ALL SELECT 69,69,69,69,69,69,69,69,69', '-5315\' UNION ALL SELECT 69,69,69,69,69,69,69,69,69', 'dc647eb65e6711e155375218212b3964', 'Contact Name', '', 'Mobile', 'Address', 'Land Line', 33091, 1, 0, 0, '2022-12-28', '', '', '', 0, 1, '  91', 'Std Code', 'Pincode', 0, 0, 0),
(508, '-5250\' UNION ALL SELECT 69,69,69,69,69,69,69,69,69', '-5250\' UNION ALL SELECT 69,69,69,69,69,69,69,69,69', 'dc647eb65e6711e155375218212b3964', 'Contact Name', '', 'Mobile', 'Address', 'Land Line', 33092, 1, 0, 0, '2022-12-28', '', '', '', 0, 1, '  91', 'Std Code', 'Pincode', 0, 0, 0),
(509, '-8293\' UNION ALL SELECT 69,69,69,69,69,69,69,69,69', '-8293\' UNION ALL SELECT 69,69,69,69,69,69,69,69,69', 'dc647eb65e6711e155375218212b3964', 'Contact Name', '', 'Mobile', 'Address', 'Land Line', 33093, 1, 0, 0, '2022-12-28', '', '', '', 0, 1, '  91', 'Std Code', 'Pincode', 0, 0, 0),
(510, '-7672\' UNION ALL SELECT 69,69,69,69,69,69,69,69,69', '-7672\' UNION ALL SELECT 69,69,69,69,69,69,69,69,69', 'dc647eb65e6711e155375218212b3964', 'Contact Name', '', 'Mobile', 'Address', 'Land Line', 33094, 1, 0, 0, '2022-12-28', '', '', '', 0, 1, '  91', 'Std Code', 'Pincode', 0, 0, 0),
(511, '-8476\' UNION ALL SELECT 69,69,69,69,69,69,69,69,69', '-8476\' UNION ALL SELECT 69,69,69,69,69,69,69,69,69', 'dc647eb65e6711e155375218212b3964', 'Contact Name', '', 'Mobile', 'Address', 'Land Line', 33095, 1, 0, 0, '2022-12-28', '', '', '', 0, 1, '  91', 'Std Code', 'Pincode', 0, 0, 0),
(512, '-6053\' UNION ALL SELECT 69,69,69,69,69,69,69,69,69', '-6053\' UNION ALL SELECT 69,69,69,69,69,69,69,69,69', 'dc647eb65e6711e155375218212b3964', 'Contact Name', '', 'Mobile', 'Address', 'Land Line', 33096, 1, 0, 0, '2022-12-28', '', '', '', 0, 1, '  91', 'Std Code', 'Pincode', 0, 0, 0),
(513, '-7909\' UNION ALL SELECT 69,69,69,69,69,69,69,69,69', '-7909\' UNION ALL SELECT 69,69,69,69,69,69,69,69,69', 'dc647eb65e6711e155375218212b3964', 'Contact Name', '', 'Mobile', 'Address', 'Land Line', 33097, 1, 0, 0, '2022-12-28', '', '', '', 0, 1, '  91', 'Std Code', 'Pincode', 0, 0, 0),
(514, '-2126\' UNION ALL SELECT 69,69,69,69,69,69,69,69,69', '-2126\' UNION ALL SELECT 69,69,69,69,69,69,69,69,69', 'dc647eb65e6711e155375218212b3964', 'Contact Name', '', 'Mobile', 'Address', 'Land Line', 33098, 1, 0, 0, '2022-12-28', '', '', '', 0, 1, '  91', 'Std Code', 'Pincode', 0, 0, 0),
(515, '-9320\' UNION ALL SELECT 69,69,69,69,69,69,69,69,69', '-9320\' UNION ALL SELECT 69,69,69,69,69,69,69,69,69', 'dc647eb65e6711e155375218212b3964', 'Contact Name', '', 'Mobile', 'Address', 'Land Line', 33099, 1, 0, 0, '2022-12-28', '', '', '', 0, 1, '  91', 'Std Code', 'Pincode', 0, 0, 0),
(516, '-9092\' UNION ALL SELECT 69,69,69,69,69,69,69,69,69', '-9092\' UNION ALL SELECT 69,69,69,69,69,69,69,69,69', 'dc647eb65e6711e155375218212b3964', 'Contact Name', '', 'Mobile', 'Address', 'Land Line', 33100, 1, 0, 0, '2022-12-28', '', '', '', 0, 1, '  91', 'Std Code', 'Pincode', 0, 0, 0),
(517, '-4126\' UNION ALL SELECT 69,69,69,69,69,69,69,69,69', '-4126\' UNION ALL SELECT 69,69,69,69,69,69,69,69,69', 'dc647eb65e6711e155375218212b3964', 'Contact Name', '', 'Mobile', 'Address', 'Land Line', 33101, 1, 0, 0, '2022-12-28', '', '', '', 0, 1, '  91', 'Std Code', 'Pincode', 0, 0, 0),
(518, '-3792\' UNION ALL SELECT 69,69,69,69,69,69,69,69,69', '-3792\' UNION ALL SELECT 69,69,69,69,69,69,69,69,69', 'dc647eb65e6711e155375218212b3964', 'Contact Name', '', 'Mobile', 'Address', 'Land Line', 33102, 1, 0, 0, '2022-12-28', '', '', '', 0, 1, '  91', 'Std Code', 'Pincode', 0, 0, 0),
(519, '-5251\' UNION ALL SELECT 69,69,69,69,69,69,69,69,69', '-5251\' UNION ALL SELECT 69,69,69,69,69,69,69,69,69', 'dc647eb65e6711e155375218212b3964', 'Contact Name', '', 'Mobile', 'Address', 'Land Line', 33103, 1, 0, 0, '2022-12-28', '', '', '', 0, 1, '  91', 'Std Code', 'Pincode', 0, 0, 0),
(520, '-6258\' UNION ALL SELECT 69,69,69,69,69,69,69,69,69', '-6258\' UNION ALL SELECT 69,69,69,69,69,69,69,69,69', 'dc647eb65e6711e155375218212b3964', 'Contact Name', '', 'Mobile', 'Address', 'Land Line', 33104, 1, 0, 0, '2022-12-28', '', '', '', 0, 1, '  91', 'Std Code', 'Pincode', 0, 0, 0),
(521, '-9243\' UNION ALL SELECT 69,CONCAT(0x7176717071,0x6', '-9243\' UNION ALL SELECT 69,CONCAT(0x7176717071,0x6', 'dc647eb65e6711e155375218212b3964', 'Contact Name', '', 'Mobile', 'Address', 'Land Line', 33105, 1, 0, 0, '2022-12-28', '', '', '', 0, 1, '  91', 'Std Code', 'Pincode', 0, 0, 0),
(522, '-8512\' UNION ALL SELECT 69,69,69,69,69,69,69,69,69', '-8512\' UNION ALL SELECT 69,69,69,69,69,69,69,69,69', 'dc647eb65e6711e155375218212b3964', 'Contact Name', '', 'Mobile', 'Address', 'Land Line', 33106, 1, 0, 0, '2022-12-28', '', '', '', 0, 1, '  91', 'Std Code', 'Pincode', 0, 0, 0),
(523, '-9325\' UNION ALL SELECT 69,69,69,69,69,69,69,69,69', '-9325\' UNION ALL SELECT 69,69,69,69,69,69,69,69,69', 'dc647eb65e6711e155375218212b3964', 'Contact Name', '', 'Mobile', 'Address', 'Land Line', 33107, 1, 0, 0, '2022-12-28', '', '', '', 0, 1, '  91', 'Std Code', 'Pincode', 0, 0, 0),
(524, '-7024\' UNION ALL SELECT 69,69,69,69,69,69,69,69,69', '-7024\' UNION ALL SELECT 69,69,69,69,69,69,69,69,69', 'dc647eb65e6711e155375218212b3964', 'Contact Name', '', 'Mobile', 'Address', 'Land Line', 33108, 1, 0, 0, '2022-12-28', '', '', '', 0, 1, '  91', 'Std Code', 'Pincode', 0, 0, 0),
(525, '-2364\' UNION ALL SELECT 69,69,69,69,69,69,69,69,69', '-2364\' UNION ALL SELECT 69,69,69,69,69,69,69,69,69', 'dc647eb65e6711e155375218212b3964', 'Contact Name', '', 'Mobile', 'Address', 'Land Line', 33109, 1, 0, 0, '2022-12-28', '', '', '', 0, 1, '  91', 'Std Code', 'Pincode', 0, 0, 0),
(526, '-8762\' UNION ALL SELECT 69,69,69,69,69,69,69,69,69', '-8762\' UNION ALL SELECT 69,69,69,69,69,69,69,69,69', 'dc647eb65e6711e155375218212b3964', 'Contact Name', '', 'Mobile', 'Address', 'Land Line', 33110, 1, 0, 0, '2022-12-28', '', '', '', 0, 1, '  91', 'Std Code', 'Pincode', 0, 0, 0),
(527, '-6557\' UNION ALL SELECT 69,69,69,69,CONCAT(0x71767', '-6557\' UNION ALL SELECT 69,69,69,69,CONCAT(0x71767', 'dc647eb65e6711e155375218212b3964', 'Contact Name', '', 'Mobile', 'Address', 'Land Line', 33111, 1, 0, 0, '2022-12-28', '', '', '', 0, 1, '  91', 'Std Code', 'Pincode', 0, 0, 0),
(528, '-1893\' UNION ALL SELECT 69,69,69,69,69,69,69,69,69', '-1893\' UNION ALL SELECT 69,69,69,69,69,69,69,69,69', 'dc647eb65e6711e155375218212b3964', 'Contact Name', '', 'Mobile', 'Address', 'Land Line', 33112, 1, 0, 0, '2022-12-28', '', '', '', 0, 1, '  91', 'Std Code', 'Pincode', 0, 0, 0),
(529, '-5598\' UNION ALL SELECT 69,69,69,69,69,69,69,69,69', '-5598\' UNION ALL SELECT 69,69,69,69,69,69,69,69,69', 'dc647eb65e6711e155375218212b3964', 'Contact Name', '', 'Mobile', 'Address', 'Land Line', 33113, 1, 0, 0, '2022-12-28', '', '', '', 0, 1, '  91', 'Std Code', 'Pincode', 0, 0, 0),
(530, '-6576\' UNION ALL SELECT 69,69,69,69,69,69,69,69,CO', '-6576\' UNION ALL SELECT 69,69,69,69,69,69,69,69,CO', 'dc647eb65e6711e155375218212b3964', 'Contact Name', '', 'Mobile', 'Address', 'Land Line', 33114, 1, 0, 0, '2022-12-28', '', '', '', 0, 1, '  91', 'Std Code', 'Pincode', 0, 0, 0),
(531, '-4884\' UNION ALL SELECT 69,69,69,69,69,69,69,69,69', '-4884\' UNION ALL SELECT 69,69,69,69,69,69,69,69,69', 'dc647eb65e6711e155375218212b3964', 'Contact Name', '', 'Mobile', 'Address', 'Land Line', 33115, 1, 0, 0, '2022-12-28', '', '', '', 0, 1, '  91', 'Std Code', 'Pincode', 0, 0, 0),
(532, '-6088\' UNION ALL SELECT CONCAT(0x7176717071,0x7950', '-6088\' UNION ALL SELECT CONCAT(0x7176717071,0x7950', 'dc647eb65e6711e155375218212b3964', 'Contact Name', '', 'Mobile', 'Address', 'Land Line', 33116, 1, 0, 0, '2022-12-28', '', '', '', 0, 1, '  91', 'Std Code', 'Pincode', 0, 0, 0),
(533, '-4026\' UNION ALL SELECT 69,69,69,69,69,69,69,69,69', '-4026\' UNION ALL SELECT 69,69,69,69,69,69,69,69,69', 'dc647eb65e6711e155375218212b3964', 'Contact Name', '', 'Mobile', 'Address', 'Land Line', 33117, 1, 0, 0, '2022-12-28', '', '', '', 0, 1, '  91', 'Std Code', 'Pincode', 0, 0, 0),
(534, '-5212\' UNION ALL SELECT 69,69,69,69,69,69,69,69,69', '-5212\' UNION ALL SELECT 69,69,69,69,69,69,69,69,69', 'dc647eb65e6711e155375218212b3964', 'Contact Name', '', 'Mobile', 'Address', 'Land Line', 33118, 1, 0, 0, '2022-12-28', '', '', '', 0, 1, '  91', 'Std Code', 'Pincode', 0, 0, 0),
(535, '-7441\' UNION ALL SELECT 69,69,69,69,69,69,69,69,69', '-7441\' UNION ALL SELECT 69,69,69,69,69,69,69,69,69', 'dc647eb65e6711e155375218212b3964', 'Contact Name', '', 'Mobile', 'Address', 'Land Line', 33119, 1, 0, 0, '2022-12-28', '', '', '', 0, 1, '  91', 'Std Code', 'Pincode', 0, 0, 0),
(537, '-1199\' UNION ALL SELECT 69,69,69,69,69,69,69,69,69', '-1199\' UNION ALL SELECT 69,69,69,69,69,69,69,69,69', 'dc647eb65e6711e155375218212b3964', 'Contact Name', '', 'Mobile', 'Address', 'Land Line', 33121, 1, 0, 0, '2022-12-28', '', '', '', 0, 1, '  91', 'Std Code', 'Pincode', 0, 0, 0),
(538, '-1978\' UNION ALL SELECT 69,69,69,69,69,69,69,69,69', '-1978\' UNION ALL SELECT 69,69,69,69,69,69,69,69,69', 'dc647eb65e6711e155375218212b3964', 'Contact Name', '', 'Mobile', 'Address', 'Land Line', 33122, 1, 0, 0, '2022-12-28', '', '', '', 0, 1, '  91', 'Std Code', 'Pincode', 0, 0, 0),
(539, '-7227\' UNION ALL SELECT 69,69,69,69,69,69,69,69,69', '-7227\' UNION ALL SELECT 69,69,69,69,69,69,69,69,69', 'dc647eb65e6711e155375218212b3964', 'Contact Name', '', 'Mobile', 'Address', 'Land Line', 33123, 1, 0, 0, '2022-12-28', '', '', '', 0, 1, '  91', 'Std Code', 'Pincode', 0, 0, 0),
(540, '-2765\' UNION ALL SELECT 69,69,69,69,69,69,69,69,69', '-2765\' UNION ALL SELECT 69,69,69,69,69,69,69,69,69', 'dc647eb65e6711e155375218212b3964', 'Contact Name', '', 'Mobile', 'Address', 'Land Line', 33124, 1, 0, 0, '2022-12-28', '', '', '', 0, 1, '  91', 'Std Code', 'Pincode', 0, 0, 0),
(541, '-3138\' UNION ALL SELECT 69,69,69,69,69,69,69,69,69', '-3138\' UNION ALL SELECT 69,69,69,69,69,69,69,69,69', 'dc647eb65e6711e155375218212b3964', 'Contact Name', '', 'Mobile', 'Address', 'Land Line', 33125, 1, 0, 0, '2022-12-28', '', '', '', 0, 1, '  91', 'Std Code', 'Pincode', 0, 0, 0),
(542, '-8849\' UNION ALL SELECT 69,69,69,69,69,69,69,CONCA', '-8849\' UNION ALL SELECT 69,69,69,69,69,69,69,CONCA', 'dc647eb65e6711e155375218212b3964', 'Contact Name', '', 'Mobile', 'Address', 'Land Line', 33126, 1, 0, 0, '2022-12-28', '', '', '', 0, 1, '  91', 'Std Code', 'Pincode', 0, 0, 0),
(543, '-4395\' UNION ALL SELECT 69,69,69,69,69,69,CONCAT(0', '-4395\' UNION ALL SELECT 69,69,69,69,69,69,CONCAT(0', 'dc647eb65e6711e155375218212b3964', 'Contact Name', '', 'Mobile', 'Address', 'Land Line', 33127, 1, 0, 0, '2022-12-28', '', '', '', 0, 1, '  91', 'Std Code', 'Pincode', 0, 0, 0),
(544, '-7505\' UNION ALL SELECT 69,69,69,69,69,69,69,69,69', '-7505\' UNION ALL SELECT 69,69,69,69,69,69,69,69,69', 'dc647eb65e6711e155375218212b3964', 'Contact Name', '', 'Mobile', 'Address', 'Land Line', 33128, 1, 0, 0, '2022-12-28', '', '', '', 0, 1, '  91', 'Std Code', 'Pincode', 0, 0, 0),
(545, '-6020\' UNION ALL SELECT 69,69,69,69,69,69,69,69,69', '-6020\' UNION ALL SELECT 69,69,69,69,69,69,69,69,69', 'dc647eb65e6711e155375218212b3964', 'Contact Name', '', 'Mobile', 'Address', 'Land Line', 33129, 1, 0, 0, '2022-12-28', '', '', '', 0, 1, '  91', 'Std Code', 'Pincode', 0, 0, 0),
(546, '-3317\' UNION ALL SELECT 69,69,69,69,69,69,69,69,69', '-3317\' UNION ALL SELECT 69,69,69,69,69,69,69,69,69', 'dc647eb65e6711e155375218212b3964', 'Contact Name', '', 'Mobile', 'Address', 'Land Line', 33130, 1, 0, 0, '2022-12-28', '', '', '', 0, 1, '  91', 'Std Code', 'Pincode', 0, 0, 0),
(547, '-9678\' UNION ALL SELECT 69,69,CONCAT(0x7176717071,', '-9678\' UNION ALL SELECT 69,69,CONCAT(0x7176717071,', 'dc647eb65e6711e155375218212b3964', 'Contact Name', '', 'Mobile', 'Address', 'Land Line', 33131, 1, 0, 0, '2022-12-28', '', '', '', 0, 1, '  91', 'Std Code', 'Pincode', 0, 0, 0),
(548, '-1203\' UNION ALL SELECT 69,69,69,69,69,69,69,69,69', '-1203\' UNION ALL SELECT 69,69,69,69,69,69,69,69,69', 'dc647eb65e6711e155375218212b3964', 'Contact Name', '', 'Mobile', 'Address', 'Land Line', 33132, 1, 0, 0, '2022-12-28', '', '', '', 0, 1, '  91', 'Std Code', 'Pincode', 0, 0, 0),
(549, '-6602\' UNION ALL SELECT 69,69,69,CONCAT(0x71767170', '-6602\' UNION ALL SELECT 69,69,69,CONCAT(0x71767170', 'dc647eb65e6711e155375218212b3964', 'Contact Name', '', 'Mobile', 'Address', 'Land Line', 33133, 1, 0, 0, '2022-12-28', '', '', '', 0, 1, '  91', 'Std Code', 'Pincode', 0, 0, 0),
(550, '-2173\' UNION ALL SELECT 69,69,69,69,69,69,69,69,69', '-2173\' UNION ALL SELECT 69,69,69,69,69,69,69,69,69', 'dc647eb65e6711e155375218212b3964', 'Contact Name', '', 'Mobile', 'Address', 'Land Line', 33134, 1, 0, 0, '2022-12-28', '', '', '', 0, 1, '  91', 'Std Code', 'Pincode', 0, 0, 0),
(551, '-2225\' UNION ALL SELECT 69,69,69,69,69,69,69,69,69', '-2225\' UNION ALL SELECT 69,69,69,69,69,69,69,69,69', 'dc647eb65e6711e155375218212b3964', 'Contact Name', '', 'Mobile', 'Address', 'Land Line', 33135, 1, 0, 0, '2022-12-28', '', '', '', 0, 1, '  91', 'Std Code', 'Pincode', 0, 0, 0),
(552, '-3517\' UNION ALL SELECT 69,69,69,69,69,69,69,69,69', '-3517\' UNION ALL SELECT 69,69,69,69,69,69,69,69,69', 'dc647eb65e6711e155375218212b3964', 'Contact Name', '', 'Mobile', 'Address', 'Land Line', 33136, 1, 0, 0, '2022-12-28', '', '', '', 0, 1, '  91', 'Std Code', 'Pincode', 0, 0, 0),
(553, '-9971\' UNION ALL SELECT 69,69,69,69,69,69,69,69,69', '-9971\' UNION ALL SELECT 69,69,69,69,69,69,69,69,69', 'dc647eb65e6711e155375218212b3964', 'Contact Name', '', 'Mobile', 'Address', 'Land Line', 33137, 1, 0, 0, '2022-12-28', '', '', '', 0, 1, '  91', 'Std Code', 'Pincode', 0, 0, 0),
(554, '-2637\' UNION ALL SELECT 69,69,69,69,69,CONCAT(0x71', '-2637\' UNION ALL SELECT 69,69,69,69,69,CONCAT(0x71', 'dc647eb65e6711e155375218212b3964', 'Contact Name', '', 'Mobile', 'Address', 'Land Line', 33138, 1, 0, 0, '2022-12-28', '', '', '', 0, 1, '  91', 'Std Code', 'Pincode', 0, 0, 0),
(555, '-8891\' UNION ALL SELECT 69,69,69,69,69,69,69,69,69', '-8891\' UNION ALL SELECT 69,69,69,69,69,69,69,69,69', 'dc647eb65e6711e155375218212b3964', 'Contact Name', '', 'Mobile', 'Address', 'Land Line', 33139, 1, 0, 0, '2022-12-28', '', '', '', 0, 1, '  91', 'Std Code', 'Pincode', 0, 0, 0),
(556, '-8641\' UNION ALL SELECT 69,69,69,69,69,69,69,69,69', '-8641\' UNION ALL SELECT 69,69,69,69,69,69,69,69,69', 'dc647eb65e6711e155375218212b3964', 'Contact Name', '', 'Mobile', 'Address', 'Land Line', 33140, 1, 0, 0, '2022-12-28', '', '', '', 0, 1, '  91', 'Std Code', 'Pincode', 0, 0, 0),
(557, '-8002\' UNION ALL SELECT 69,69,69,69,69,69,69,69,69', '-8002\' UNION ALL SELECT 69,69,69,69,69,69,69,69,69', 'dc647eb65e6711e155375218212b3964', 'Contact Name', '', 'Mobile', 'Address', 'Land Line', 33141, 1, 0, 0, '2022-12-28', '', '', '', 0, 1, '  91', 'Std Code', 'Pincode', 0, 0, 0),
(558, '-7632\' UNION ALL SELECT 69,69,69,69,69,69,69,69,69', '-7632\' UNION ALL SELECT 69,69,69,69,69,69,69,69,69', 'dc647eb65e6711e155375218212b3964', 'Contact Name', '', 'Mobile', 'Address', 'Land Line', 33142, 1, 0, 0, '2022-12-28', '', '', '', 0, 1, '  91', 'Std Code', 'Pincode', 0, 0, 0),
(559, '-1711\' UNION ALL SELECT 69,69,69,69,69,69,69,69,69', '-1711\' UNION ALL SELECT 69,69,69,69,69,69,69,69,69', 'dc647eb65e6711e155375218212b3964', 'Contact Name', '', 'Mobile', 'Address', 'Land Line', 33143, 1, 0, 0, '2022-12-28', '', '', '', 0, 1, '  91', 'Std Code', 'Pincode', 0, 0, 0),
(560, '-2488\' UNION ALL SELECT 69,69,69,69,69,69,69,69,69', '-2488\' UNION ALL SELECT 69,69,69,69,69,69,69,69,69', 'dc647eb65e6711e155375218212b3964', 'Contact Name', '', 'Mobile', 'Address', 'Land Line', 33144, 1, 0, 0, '2022-12-28', '', '', '', 0, 1, '  91', 'Std Code', 'Pincode', 0, 0, 0),
(561, '-4589\' UNION ALL SELECT 69,69,69,69,69,69,69,69,69', '-4589\' UNION ALL SELECT 69,69,69,69,69,69,69,69,69', 'dc647eb65e6711e155375218212b3964', 'Contact Name', '', 'Mobile', 'Address', 'Land Line', 33145, 1, 0, 0, '2022-12-28', '', '', '', 0, 1, '  91', 'Std Code', 'Pincode', 0, 0, 0),
(562, '-1547\' UNION ALL SELECT 69,69,69,69,69,69,69,69,69', '-1547\' UNION ALL SELECT 69,69,69,69,69,69,69,69,69', 'dc647eb65e6711e155375218212b3964', 'Contact Name', '', 'Mobile', 'Address', 'Land Line', 33146, 1, 0, 0, '2022-12-28', '', '', '', 0, 1, '  91', 'Std Code', 'Pincode', 0, 0, 0),
(563, '-4447\' UNION ALL SELECT 69,69,69,69,69,69,69,69,69', '-4447\' UNION ALL SELECT 69,69,69,69,69,69,69,69,69', 'dc647eb65e6711e155375218212b3964', 'Contact Name', '', 'Mobile', 'Address', 'Land Line', 33147, 1, 0, 0, '2022-12-28', '', '', '', 0, 1, '  91', 'Std Code', 'Pincode', 0, 0, 0),
(564, '-4195\' UNION ALL SELECT 69,69,69,69,69,69,69,69,69', '-4195\' UNION ALL SELECT 69,69,69,69,69,69,69,69,69', 'dc647eb65e6711e155375218212b3964', 'Contact Name', '', 'Mobile', 'Address', 'Land Line', 33148, 1, 0, 0, '2022-12-28', '', '', '', 0, 1, '  91', 'Std Code', 'Pincode', 0, 0, 0),
(565, '-4022\' UNION ALL SELECT 69,69,69,69,69,69,69,69,69', '-4022\' UNION ALL SELECT 69,69,69,69,69,69,69,69,69', 'dc647eb65e6711e155375218212b3964', 'Contact Name', '', 'Mobile', 'Address', 'Land Line', 33149, 1, 0, 0, '2022-12-28', '', '', '', 0, 1, '  91', 'Std Code', 'Pincode', 0, 0, 0),
(566, '-3811\' UNION ALL SELECT 69,69,69,69,69,69,69,69,69', '-3811\' UNION ALL SELECT 69,69,69,69,69,69,69,69,69', 'dc647eb65e6711e155375218212b3964', 'Contact Name', '', 'Mobile', 'Address', 'Land Line', 33150, 1, 0, 0, '2022-12-28', '', '', '', 0, 1, '  91', 'Std Code', 'Pincode', 0, 0, 0),
(567, '-1812\' UNION ALL SELECT 69,69,69,69,69,69,69,69,69', '-1812\' UNION ALL SELECT 69,69,69,69,69,69,69,69,69', 'dc647eb65e6711e155375218212b3964', 'Contact Name', '', 'Mobile', 'Address', 'Land Line', 33151, 1, 0, 0, '2022-12-28', '', '', '', 0, 1, '  91', 'Std Code', 'Pincode', 0, 0, 0),
(568, '-7850\' UNION ALL SELECT 69,69,69,69,69,69,69,69,69', '-7850\' UNION ALL SELECT 69,69,69,69,69,69,69,69,69', 'dc647eb65e6711e155375218212b3964', 'Contact Name', '', 'Mobile', 'Address', 'Land Line', 33152, 1, 0, 0, '2022-12-28', '', '', '', 0, 1, '  91', 'Std Code', 'Pincode', 0, 0, 0),
(570, '-1834\' UNION ALL SELECT 69,69,69,69,69,69,69,69,69', '-1834\' UNION ALL SELECT 69,69,69,69,69,69,69,69,69', 'dc647eb65e6711e155375218212b3964', 'Contact Name', '', 'Mobile', 'Address', 'Land Line', 33154, 1, 0, 0, '2022-12-28', '', '', '', 0, 1, '  91', 'Std Code', 'Pincode', 0, 0, 0),
(571, '-1602\' UNION ALL SELECT 69,69,69,69,69,69,69,69,69', '-1602\' UNION ALL SELECT 69,69,69,69,69,69,69,69,69', 'dc647eb65e6711e155375218212b3964', 'Contact Name', '', 'Mobile', 'Address', 'Land Line', 33155, 1, 0, 0, '2022-12-28', '', '', '', 0, 1, '  91', 'Std Code', 'Pincode', 0, 0, 0),
(573, '-6127\' UNION ALL SELECT 69,69,69,69,69,69,69,69,69', '-6127\' UNION ALL SELECT 69,69,69,69,69,69,69,69,69', 'dc647eb65e6711e155375218212b3964', 'Contact Name', '', 'Mobile', 'Address', 'Land Line', 33157, 1, 0, 0, '2022-12-28', '', '', '', 0, 1, '  91', 'Std Code', 'Pincode', 0, 0, 0),
(574, '-9252\' UNION ALL SELECT 69,69,69,69,69,69,69,69,69', '-9252\' UNION ALL SELECT 69,69,69,69,69,69,69,69,69', 'dc647eb65e6711e155375218212b3964', 'Contact Name', '', 'Mobile', 'Address', 'Land Line', 33158, 1, 0, 0, '2022-12-28', '', '', '', 0, 1, '  91', 'Std Code', 'Pincode', 0, 0, 0),
(575, '-9453\' UNION ALL SELECT 69,69,69,69,69,69,69,69,69', '-9453\' UNION ALL SELECT 69,69,69,69,69,69,69,69,69', 'dc647eb65e6711e155375218212b3964', 'Contact Name', '', 'Mobile', 'Address', 'Land Line', 33159, 1, 0, 0, '2022-12-28', '', '', '', 0, 1, '  91', 'Std Code', 'Pincode', 0, 0, 0),
(576, '-7751\' UNION ALL SELECT 69,69,69,69,69,69,69,69,69', '-7751\' UNION ALL SELECT 69,69,69,69,69,69,69,69,69', 'dc647eb65e6711e155375218212b3964', 'Contact Name', '', 'Mobile', 'Address', 'Land Line', 33160, 1, 0, 0, '2022-12-28', '', '', '', 0, 1, '  91', 'Std Code', 'Pincode', 0, 0, 0),
(577, '-3431\' UNION ALL SELECT 69,69,69,69,69,69,69,69,69', '-3431\' UNION ALL SELECT 69,69,69,69,69,69,69,69,69', 'dc647eb65e6711e155375218212b3964', 'Contact Name', '', 'Mobile', 'Address', 'Land Line', 33161, 1, 0, 0, '2022-12-28', '', '', '', 0, 1, '  91', 'Std Code', 'Pincode', 0, 0, 0),
(578, '-3344\' UNION ALL SELECT 69,69,69,69,69,69,69,69,69', '-3344\' UNION ALL SELECT 69,69,69,69,69,69,69,69,69', 'dc647eb65e6711e155375218212b3964', 'Contact Name', '', 'Mobile', 'Address', 'Land Line', 33162, 1, 0, 0, '2022-12-28', '', '', '', 0, 1, '  91', 'Std Code', 'Pincode', 0, 0, 0),
(579, '-3945\' UNION ALL SELECT 69,69,69,69,69,69,69,69,69', '-3945\' UNION ALL SELECT 69,69,69,69,69,69,69,69,69', 'dc647eb65e6711e155375218212b3964', 'Contact Name', '', 'Mobile', 'Address', 'Land Line', 33163, 1, 0, 0, '2022-12-28', '', '', '', 0, 1, '  91', 'Std Code', 'Pincode', 0, 0, 0),
(580, '-7971\' UNION ALL SELECT 69,69,69,69,69,69,69,69,69', '-7971\' UNION ALL SELECT 69,69,69,69,69,69,69,69,69', 'dc647eb65e6711e155375218212b3964', 'Contact Name', '', 'Mobile', 'Address', 'Land Line', 33164, 1, 0, 0, '2022-12-28', '', '', '', 0, 1, '  91', 'Std Code', 'Pincode', 0, 0, 0),
(581, '-3571\' UNION ALL SELECT 69,69,69,69,69,69,69,69,69', '-3571\' UNION ALL SELECT 69,69,69,69,69,69,69,69,69', 'dc647eb65e6711e155375218212b3964', 'Contact Name', '', 'Mobile', 'Address', 'Land Line', 33165, 1, 0, 0, '2022-12-28', '', '', '', 0, 1, '  91', 'Std Code', 'Pincode', 0, 0, 0);
INSERT INTO `pms_company_users` (`user_id`, `email`, `username`, `password`, `firstname`, `lastname`, `mobile`, `address`, `telephone`, `company_id`, `status`, `package`, `payment_status`, `reg_date`, `aadhar_file`, `pan_file`, `gst_file`, `chk_agrmt`, `chk_terms`, `ext`, `stdcode`, `pincode`, `country_id`, `state_id`, `city_id`) VALUES
(583, '-8391\' UNION ALL SELECT 69,69,69,69,69,69,69,69,69', '-8391\' UNION ALL SELECT 69,69,69,69,69,69,69,69,69', 'dc647eb65e6711e155375218212b3964', 'Contact Name', '', 'Mobile', 'Address', 'Land Line', 33167, 1, 0, 0, '2022-12-28', '', '', '', 0, 1, '  91', 'Std Code', 'Pincode', 0, 0, 0),
(584, '-9641\' UNION ALL SELECT 69,69,69,69,69,69,69,69,69', '-9641\' UNION ALL SELECT 69,69,69,69,69,69,69,69,69', 'dc647eb65e6711e155375218212b3964', 'Contact Name', '', 'Mobile', 'Address', 'Land Line', 33168, 1, 0, 0, '2022-12-28', '', '', '', 0, 1, '  91', 'Std Code', 'Pincode', 0, 0, 0),
(585, '-9700\' UNION ALL SELECT 69,69,69,69,69,69,69,69,69', '-9700\' UNION ALL SELECT 69,69,69,69,69,69,69,69,69', 'dc647eb65e6711e155375218212b3964', 'Contact Name', '', 'Mobile', 'Address', 'Land Line', 33169, 1, 0, 0, '2022-12-28', '', '', '', 0, 1, '  91', 'Std Code', 'Pincode', 0, 0, 0),
(586, '-3795\' UNION ALL SELECT 69,69,69,69,69,69,69,69,69', '-3795\' UNION ALL SELECT 69,69,69,69,69,69,69,69,69', 'dc647eb65e6711e155375218212b3964', 'Contact Name', '', 'Mobile', 'Address', 'Land Line', 33170, 1, 0, 0, '2022-12-28', '', '', '', 0, 1, '  91', 'Std Code', 'Pincode', 0, 0, 0),
(587, '-2972\' UNION ALL SELECT 69,69,69,69,69,69,69,69,69', '-2972\' UNION ALL SELECT 69,69,69,69,69,69,69,69,69', 'dc647eb65e6711e155375218212b3964', 'Contact Name', '', 'Mobile', 'Address', 'Land Line', 33171, 1, 0, 0, '2022-12-28', '', '', '', 0, 1, '  91', 'Std Code', 'Pincode', 0, 0, 0),
(588, '-1245\' UNION ALL SELECT 69,69,69,69,69,69,69,69,69', '-1245\' UNION ALL SELECT 69,69,69,69,69,69,69,69,69', 'dc647eb65e6711e155375218212b3964', 'Contact Name', '', 'Mobile', 'Address', 'Land Line', 33172, 1, 0, 0, '2022-12-28', '', '', '', 0, 1, '  91', 'Std Code', 'Pincode', 0, 0, 0),
(589, '-1390\' UNION ALL SELECT 69,69,69,69,69,69,69,69,69', '-1390\' UNION ALL SELECT 69,69,69,69,69,69,69,69,69', 'dc647eb65e6711e155375218212b3964', 'Contact Name', '', 'Mobile', 'Address', 'Land Line', 33173, 1, 0, 0, '2022-12-28', '', '', '', 0, 1, '  91', 'Std Code', 'Pincode', 0, 0, 0),
(590, '-6592\' UNION ALL SELECT 69,69,69,69,69,69,69,69,69', '-6592\' UNION ALL SELECT 69,69,69,69,69,69,69,69,69', 'dc647eb65e6711e155375218212b3964', 'Contact Name', '', 'Mobile', 'Address', 'Land Line', 33174, 1, 0, 0, '2022-12-28', '', '', '', 0, 1, '  91', 'Std Code', 'Pincode', 0, 0, 0),
(591, '-8601\' UNION ALL SELECT 69,69,69,69,69,69,69,69,69', '-8601\' UNION ALL SELECT 69,69,69,69,69,69,69,69,69', 'dc647eb65e6711e155375218212b3964', 'Contact Name', '', 'Mobile', 'Address', 'Land Line', 33175, 1, 0, 0, '2022-12-28', '', '', '', 0, 1, '  91', 'Std Code', 'Pincode', 0, 0, 0),
(592, '-3777\' UNION ALL SELECT 69,69,69,69,69,69,69,69,69', '-3777\' UNION ALL SELECT 69,69,69,69,69,69,69,69,69', 'dc647eb65e6711e155375218212b3964', 'Contact Name', '', 'Mobile', 'Address', 'Land Line', 33176, 1, 0, 0, '2022-12-28', '', '', '', 0, 1, '  91', 'Std Code', 'Pincode', 0, 0, 0),
(593, '-9287\' UNION ALL SELECT 69,69,69,69,69,69,69,69,69', '-9287\' UNION ALL SELECT 69,69,69,69,69,69,69,69,69', 'dc647eb65e6711e155375218212b3964', 'Contact Name', '', 'Mobile', 'Address', 'Land Line', 33177, 1, 0, 0, '2022-12-28', '', '', '', 0, 1, '  91', 'Std Code', 'Pincode', 0, 0, 0),
(595, '-5998\' UNION ALL SELECT 69,69,69,69,69,69,69,69,69', '-5998\' UNION ALL SELECT 69,69,69,69,69,69,69,69,69', 'dc647eb65e6711e155375218212b3964', 'Contact Name', '', 'Mobile', 'Address', 'Land Line', 33179, 1, 0, 0, '2022-12-28', '', '', '', 0, 1, '  91', 'Std Code', 'Pincode', 0, 0, 0),
(596, '-1083\' UNION ALL SELECT 69,69,69,69,69,69,69,69,69', '-1083\' UNION ALL SELECT 69,69,69,69,69,69,69,69,69', 'dc647eb65e6711e155375218212b3964', 'Contact Name', '', 'Mobile', 'Address', 'Land Line', 33180, 1, 0, 0, '2022-12-28', '', '', '', 0, 1, '  91', 'Std Code', 'Pincode', 0, 0, 0),
(597, '-5681\' UNION ALL SELECT 69,69,69,69,69,69,69,69,69', '-5681\' UNION ALL SELECT 69,69,69,69,69,69,69,69,69', 'dc647eb65e6711e155375218212b3964', 'Contact Name', '', 'Mobile', 'Address', 'Land Line', 33181, 1, 0, 0, '2022-12-28', '', '', '', 0, 1, '  91', 'Std Code', 'Pincode', 0, 0, 0),
(598, '-6134\' UNION ALL SELECT 69,69,69,69,69,69,69,69,69', '-6134\' UNION ALL SELECT 69,69,69,69,69,69,69,69,69', 'dc647eb65e6711e155375218212b3964', 'Contact Name', '', 'Mobile', 'Address', 'Land Line', 33182, 1, 0, 0, '2022-12-28', '', '', '', 0, 1, '  91', 'Std Code', 'Pincode', 0, 0, 0),
(599, '-6629\' UNION ALL SELECT 69,CONCAT(0x7176717071,0x5', '-6629\' UNION ALL SELECT 69,CONCAT(0x7176717071,0x5', 'dc647eb65e6711e155375218212b3964', 'Contact Name', '', 'Mobile', 'Address', 'Land Line', 33183, 1, 0, 0, '2022-12-28', '', '', '', 0, 1, '  91', 'Std Code', 'Pincode', 0, 0, 0),
(600, '-9270\' UNION ALL SELECT 69,69,69,69,69,69,69,69,69', '-9270\' UNION ALL SELECT 69,69,69,69,69,69,69,69,69', 'dc647eb65e6711e155375218212b3964', 'Contact Name', '', 'Mobile', 'Address', 'Land Line', 33184, 1, 0, 0, '2022-12-28', '', '', '', 0, 1, '  91', 'Std Code', 'Pincode', 0, 0, 0),
(601, '-9797\' UNION ALL SELECT 69,69,69,69,69,69,69,69,69', '-9797\' UNION ALL SELECT 69,69,69,69,69,69,69,69,69', 'dc647eb65e6711e155375218212b3964', 'Contact Name', '', 'Mobile', 'Address', 'Land Line', 33185, 1, 0, 0, '2022-12-28', '', '', '', 0, 1, '  91', 'Std Code', 'Pincode', 0, 0, 0),
(602, '-2563\' UNION ALL SELECT 69,69,69,69,69,69,69,69,69', '-2563\' UNION ALL SELECT 69,69,69,69,69,69,69,69,69', 'dc647eb65e6711e155375218212b3964', 'Contact Name', '', 'Mobile', 'Address', 'Land Line', 33186, 1, 0, 0, '2022-12-28', '', '', '', 0, 1, '  91', 'Std Code', 'Pincode', 0, 0, 0),
(603, '-1829\' UNION ALL SELECT 69,69,69,69,69,69,69,69,69', '-1829\' UNION ALL SELECT 69,69,69,69,69,69,69,69,69', 'dc647eb65e6711e155375218212b3964', 'Contact Name', '', 'Mobile', 'Address', 'Land Line', 33187, 1, 0, 0, '2022-12-28', '', '', '', 0, 1, '  91', 'Std Code', 'Pincode', 0, 0, 0),
(604, '-4955\' UNION ALL SELECT 69,69,69,69,69,69,69,69,69', '-4955\' UNION ALL SELECT 69,69,69,69,69,69,69,69,69', 'dc647eb65e6711e155375218212b3964', 'Contact Name', '', 'Mobile', 'Address', 'Land Line', 33188, 1, 0, 0, '2022-12-28', '', '', '', 0, 1, '  91', 'Std Code', 'Pincode', 0, 0, 0),
(605, '-4636\' UNION ALL SELECT 69,69,69,69,CONCAT(0x71767', '-4636\' UNION ALL SELECT 69,69,69,69,CONCAT(0x71767', 'dc647eb65e6711e155375218212b3964', 'Contact Name', '', 'Mobile', 'Address', 'Land Line', 33189, 1, 0, 0, '2022-12-28', '', '', '', 0, 1, '  91', 'Std Code', 'Pincode', 0, 0, 0),
(606, '-2294\' UNION ALL SELECT 69,69,69,69,69,69,69,69,69', '-2294\' UNION ALL SELECT 69,69,69,69,69,69,69,69,69', 'dc647eb65e6711e155375218212b3964', 'Contact Name', '', 'Mobile', 'Address', 'Land Line', 33190, 1, 0, 0, '2022-12-28', '', '', '', 0, 1, '  91', 'Std Code', 'Pincode', 0, 0, 0),
(607, '-9800\' UNION ALL SELECT 69,69,69,69,69,69,69,69,69', '-9800\' UNION ALL SELECT 69,69,69,69,69,69,69,69,69', 'dc647eb65e6711e155375218212b3964', 'Contact Name', '', 'Mobile', 'Address', 'Land Line', 33191, 1, 0, 0, '2022-12-28', '', '', '', 0, 1, '  91', 'Std Code', 'Pincode', 0, 0, 0),
(608, '-5544\' UNION ALL SELECT 69,69,69,69,69,69,69,69,CO', '-5544\' UNION ALL SELECT 69,69,69,69,69,69,69,69,CO', 'dc647eb65e6711e155375218212b3964', 'Contact Name', '', 'Mobile', 'Address', 'Land Line', 33192, 1, 0, 0, '2022-12-28', '', '', '', 0, 1, '  91', 'Std Code', 'Pincode', 0, 0, 0),
(609, '-3726\' UNION ALL SELECT 69,69,69,69,69,69,69,69,69', '-3726\' UNION ALL SELECT 69,69,69,69,69,69,69,69,69', 'dc647eb65e6711e155375218212b3964', 'Contact Name', '', 'Mobile', 'Address', 'Land Line', 33193, 1, 0, 0, '2022-12-28', '', '', '', 0, 1, '  91', 'Std Code', 'Pincode', 0, 0, 0),
(610, '-9030\' UNION ALL SELECT CONCAT(0x7176717071,0x444a', '-9030\' UNION ALL SELECT CONCAT(0x7176717071,0x444a', 'dc647eb65e6711e155375218212b3964', 'Contact Name', '', 'Mobile', 'Address', 'Land Line', 33194, 1, 0, 0, '2022-12-28', '', '', '', 0, 1, '  91', 'Std Code', 'Pincode', 0, 0, 0),
(611, '-3881\' UNION ALL SELECT 69,69,69,69,69,69,69,69,69', '-3881\' UNION ALL SELECT 69,69,69,69,69,69,69,69,69', 'dc647eb65e6711e155375218212b3964', 'Contact Name', '', 'Mobile', 'Address', 'Land Line', 33195, 1, 0, 0, '2022-12-28', '', '', '', 0, 1, '  91', 'Std Code', 'Pincode', 0, 0, 0),
(612, '-9838\' UNION ALL SELECT 69,69,69,69,69,69,69,69,69', '-9838\' UNION ALL SELECT 69,69,69,69,69,69,69,69,69', 'dc647eb65e6711e155375218212b3964', 'Contact Name', '', 'Mobile', 'Address', 'Land Line', 33196, 1, 0, 0, '2022-12-28', '', '', '', 0, 1, '  91', 'Std Code', 'Pincode', 0, 0, 0),
(613, '-2393\' UNION ALL SELECT 69,69,69,69,69,69,69,69,69', '-2393\' UNION ALL SELECT 69,69,69,69,69,69,69,69,69', 'dc647eb65e6711e155375218212b3964', 'Contact Name', '', 'Mobile', 'Address', 'Land Line', 33197, 1, 0, 0, '2022-12-28', '', '', '', 0, 1, '  91', 'Std Code', 'Pincode', 0, 0, 0),
(614, '-2091\' UNION ALL SELECT 69,69,69,69,69,69,69,69,69', '-2091\' UNION ALL SELECT 69,69,69,69,69,69,69,69,69', 'dc647eb65e6711e155375218212b3964', 'Contact Name', '', 'Mobile', 'Address', 'Land Line', 33198, 1, 0, 0, '2022-12-28', '', '', '', 0, 1, '  91', 'Std Code', 'Pincode', 0, 0, 0),
(615, '-7600\' UNION ALL SELECT 69,69,69,69,69,69,69,69,69', '-7600\' UNION ALL SELECT 69,69,69,69,69,69,69,69,69', 'dc647eb65e6711e155375218212b3964', 'Contact Name', '', 'Mobile', 'Address', 'Land Line', 33199, 1, 0, 0, '2022-12-28', '', '', '', 0, 1, '  91', 'Std Code', 'Pincode', 0, 0, 0),
(616, '-2569\' UNION ALL SELECT 69,69,69,69,69,69,69,69,69', '-2569\' UNION ALL SELECT 69,69,69,69,69,69,69,69,69', 'dc647eb65e6711e155375218212b3964', 'Contact Name', '', 'Mobile', 'Address', 'Land Line', 33200, 1, 0, 0, '2022-12-28', '', '', '', 0, 1, '  91', 'Std Code', 'Pincode', 0, 0, 0),
(617, '-1424\' UNION ALL SELECT 69,69,69,69,69,69,69,69,69', '-1424\' UNION ALL SELECT 69,69,69,69,69,69,69,69,69', 'dc647eb65e6711e155375218212b3964', 'Contact Name', '', 'Mobile', 'Address', 'Land Line', 33201, 1, 0, 0, '2022-12-28', '', '', '', 0, 1, '  91', 'Std Code', 'Pincode', 0, 0, 0),
(618, '-3353\' UNION ALL SELECT 69,69,69,69,69,69,69,69,69', '-3353\' UNION ALL SELECT 69,69,69,69,69,69,69,69,69', 'dc647eb65e6711e155375218212b3964', 'Contact Name', '', 'Mobile', 'Address', 'Land Line', 33202, 1, 0, 0, '2022-12-28', '', '', '', 0, 1, '  91', 'Std Code', 'Pincode', 0, 0, 0),
(619, '-3069\' UNION ALL SELECT 69,69,69,69,69,69,69,69,69', '-3069\' UNION ALL SELECT 69,69,69,69,69,69,69,69,69', 'dc647eb65e6711e155375218212b3964', 'Contact Name', '', 'Mobile', 'Address', 'Land Line', 33203, 1, 0, 0, '2022-12-28', '', '', '', 0, 1, '  91', 'Std Code', 'Pincode', 0, 0, 0),
(620, '-2752\' UNION ALL SELECT 69,69,69,69,69,69,69,CONCA', '-2752\' UNION ALL SELECT 69,69,69,69,69,69,69,CONCA', 'dc647eb65e6711e155375218212b3964', 'Contact Name', '', 'Mobile', 'Address', 'Land Line', 33204, 1, 0, 0, '2022-12-28', '', '', '', 0, 1, '  91', 'Std Code', 'Pincode', 0, 0, 0),
(621, '-7992\' UNION ALL SELECT 69,69,69,69,69,69,CONCAT(0', '-7992\' UNION ALL SELECT 69,69,69,69,69,69,CONCAT(0', 'dc647eb65e6711e155375218212b3964', 'Contact Name', '', 'Mobile', 'Address', 'Land Line', 33205, 1, 0, 0, '2022-12-28', '', '', '', 0, 1, '  91', 'Std Code', 'Pincode', 0, 0, 0),
(622, '-1661\' UNION ALL SELECT 69,69,69,69,69,69,69,69,69', '-1661\' UNION ALL SELECT 69,69,69,69,69,69,69,69,69', 'dc647eb65e6711e155375218212b3964', 'Contact Name', '', 'Mobile', 'Address', 'Land Line', 33206, 1, 0, 0, '2022-12-28', '', '', '', 0, 1, '  91', 'Std Code', 'Pincode', 0, 0, 0),
(623, '-3039\' UNION ALL SELECT 69,69,69,69,69,69,69,69,69', '-3039\' UNION ALL SELECT 69,69,69,69,69,69,69,69,69', 'dc647eb65e6711e155375218212b3964', 'Contact Name', '', 'Mobile', 'Address', 'Land Line', 33207, 1, 0, 0, '2022-12-28', '', '', '', 0, 1, '  91', 'Std Code', 'Pincode', 0, 0, 0),
(624, '-3042\' UNION ALL SELECT 69,69,69,69,69,69,69,69,69', '-3042\' UNION ALL SELECT 69,69,69,69,69,69,69,69,69', 'dc647eb65e6711e155375218212b3964', 'Contact Name', '', 'Mobile', 'Address', 'Land Line', 33208, 1, 0, 0, '2022-12-28', '', '', '', 0, 1, '  91', 'Std Code', 'Pincode', 0, 0, 0),
(625, '-7412\' UNION ALL SELECT 69,69,CONCAT(0x7176717071,', '-7412\' UNION ALL SELECT 69,69,CONCAT(0x7176717071,', 'dc647eb65e6711e155375218212b3964', 'Contact Name', '', 'Mobile', 'Address', 'Land Line', 33209, 1, 0, 0, '2022-12-28', '', '', '', 0, 1, '  91', 'Std Code', 'Pincode', 0, 0, 0),
(626, '-3269\' UNION ALL SELECT 69,69,69,69,69,69,69,69,69', '-3269\' UNION ALL SELECT 69,69,69,69,69,69,69,69,69', 'dc647eb65e6711e155375218212b3964', 'Contact Name', '', 'Mobile', 'Address', 'Land Line', 33210, 1, 0, 0, '2022-12-28', '', '', '', 0, 1, '  91', 'Std Code', 'Pincode', 0, 0, 0),
(627, '-4437\' UNION ALL SELECT 69,69,69,CONCAT(0x71767170', '-4437\' UNION ALL SELECT 69,69,69,CONCAT(0x71767170', 'dc647eb65e6711e155375218212b3964', 'Contact Name', '', 'Mobile', 'Address', 'Land Line', 33211, 1, 0, 0, '2022-12-28', '', '', '', 0, 1, '  91', 'Std Code', 'Pincode', 0, 0, 0),
(628, '-6465\' UNION ALL SELECT 69,69,69,69,69,69,69,69,69', '-6465\' UNION ALL SELECT 69,69,69,69,69,69,69,69,69', 'dc647eb65e6711e155375218212b3964', 'Contact Name', '', 'Mobile', 'Address', 'Land Line', 33212, 1, 0, 0, '2022-12-28', '', '', '', 0, 1, '  91', 'Std Code', 'Pincode', 0, 0, 0),
(629, '-9235\' UNION ALL SELECT 69,69,69,69,69,69,69,69,69', '-9235\' UNION ALL SELECT 69,69,69,69,69,69,69,69,69', 'dc647eb65e6711e155375218212b3964', 'Contact Name', '', 'Mobile', 'Address', 'Land Line', 33213, 1, 0, 0, '2022-12-28', '', '', '', 0, 1, '  91', 'Std Code', 'Pincode', 0, 0, 0),
(630, '-7067\' UNION ALL SELECT 69,69,69,69,69,69,69,69,69', '-7067\' UNION ALL SELECT 69,69,69,69,69,69,69,69,69', 'dc647eb65e6711e155375218212b3964', 'Contact Name', '', 'Mobile', 'Address', 'Land Line', 33214, 1, 0, 0, '2022-12-28', '', '', '', 0, 1, '  91', 'Std Code', 'Pincode', 0, 0, 0),
(631, '-5852\' UNION ALL SELECT 69,69,69,69,69,69,69,69,69', '-5852\' UNION ALL SELECT 69,69,69,69,69,69,69,69,69', 'dc647eb65e6711e155375218212b3964', 'Contact Name', '', 'Mobile', 'Address', 'Land Line', 33215, 1, 0, 0, '2022-12-28', '', '', '', 0, 1, '  91', 'Std Code', 'Pincode', 0, 0, 0),
(632, '-7190\' UNION ALL SELECT 69,69,69,69,69,69,69,69,69', '-7190\' UNION ALL SELECT 69,69,69,69,69,69,69,69,69', 'dc647eb65e6711e155375218212b3964', 'Contact Name', '', 'Mobile', 'Address', 'Land Line', 33216, 1, 0, 0, '2022-12-28', '', '', '', 0, 1, '  91', 'Std Code', 'Pincode', 0, 0, 0),
(633, '-5383\' UNION ALL SELECT 69,69,69,69,69,69,69,69,69', '-5383\' UNION ALL SELECT 69,69,69,69,69,69,69,69,69', 'dc647eb65e6711e155375218212b3964', 'Contact Name', '', 'Mobile', 'Address', 'Land Line', 33217, 1, 0, 0, '2022-12-28', '', '', '', 0, 1, '  91', 'Std Code', 'Pincode', 0, 0, 0),
(634, '-8607\' UNION ALL SELECT 69,69,69,69,69,69,69,69,69', '-8607\' UNION ALL SELECT 69,69,69,69,69,69,69,69,69', 'dc647eb65e6711e155375218212b3964', 'Contact Name', '', 'Mobile', 'Address', 'Land Line', 33218, 1, 0, 0, '2022-12-28', '', '', '', 0, 1, '  91', 'Std Code', 'Pincode', 0, 0, 0),
(635, '-4083\' UNION ALL SELECT 69,69,69,69,69,69,69,69,69', '-4083\' UNION ALL SELECT 69,69,69,69,69,69,69,69,69', 'dc647eb65e6711e155375218212b3964', 'Contact Name', '', 'Mobile', 'Address', 'Land Line', 33219, 1, 0, 0, '2022-12-28', '', '', '', 0, 1, '  91', 'Std Code', 'Pincode', 0, 0, 0),
(636, '-2566\' UNION ALL SELECT 69,69,69,69,69,69,69,69,69', '-2566\' UNION ALL SELECT 69,69,69,69,69,69,69,69,69', 'dc647eb65e6711e155375218212b3964', 'Contact Name', '', 'Mobile', 'Address', 'Land Line', 33220, 1, 0, 0, '2022-12-28', '', '', '', 0, 1, '  91', 'Std Code', 'Pincode', 0, 0, 0),
(637, '-1353\' UNION ALL SELECT 69,69,69,69,69,69,69,69,69', '-1353\' UNION ALL SELECT 69,69,69,69,69,69,69,69,69', 'dc647eb65e6711e155375218212b3964', 'Contact Name', '', 'Mobile', 'Address', 'Land Line', 33221, 1, 0, 0, '2022-12-28', '', '', '', 0, 1, '  91', 'Std Code', 'Pincode', 0, 0, 0),
(638, '-8595\' UNION ALL SELECT 69,69,69,69,69,69,69,69,69', '-8595\' UNION ALL SELECT 69,69,69,69,69,69,69,69,69', 'dc647eb65e6711e155375218212b3964', 'Contact Name', '', 'Mobile', 'Address', 'Land Line', 33222, 1, 0, 0, '2022-12-28', '', '', '', 0, 1, '  91', 'Std Code', 'Pincode', 0, 0, 0),
(639, '-2169\' UNION ALL SELECT 69,69,69,69,69,69,69,69,69', '-2169\' UNION ALL SELECT 69,69,69,69,69,69,69,69,69', 'dc647eb65e6711e155375218212b3964', 'Contact Name', '', 'Mobile', 'Address', 'Land Line', 33223, 1, 0, 0, '2022-12-28', '', '', '', 0, 1, '  91', 'Std Code', 'Pincode', 0, 0, 0),
(640, '-8500\' UNION ALL SELECT 69,69,69,69,69,69,69,69,69', '-8500\' UNION ALL SELECT 69,69,69,69,69,69,69,69,69', 'dc647eb65e6711e155375218212b3964', 'Contact Name', '', 'Mobile', 'Address', 'Land Line', 33224, 1, 0, 0, '2022-12-28', '', '', '', 0, 1, '  91', 'Std Code', 'Pincode', 0, 0, 0),
(641, '-7175\' UNION ALL SELECT 69,69,69,69,69,69,69,69,69', '-7175\' UNION ALL SELECT 69,69,69,69,69,69,69,69,69', 'dc647eb65e6711e155375218212b3964', 'Contact Name', '', 'Mobile', 'Address', 'Land Line', 33225, 1, 0, 0, '2022-12-28', '', '', '', 0, 1, '  91', 'Std Code', 'Pincode', 0, 0, 0),
(642, '-2044\' UNION ALL SELECT 69,69,69,69,69,69,69,69,69', '-2044\' UNION ALL SELECT 69,69,69,69,69,69,69,69,69', 'dc647eb65e6711e155375218212b3964', 'Contact Name', '', 'Mobile', 'Address', 'Land Line', 33226, 1, 0, 0, '2022-12-28', '', '', '', 0, 1, '  91', 'Std Code', 'Pincode', 0, 0, 0),
(643, '-1042\' UNION ALL SELECT 69,69,69,69,69,69,69,69,69', '-1042\' UNION ALL SELECT 69,69,69,69,69,69,69,69,69', 'dc647eb65e6711e155375218212b3964', 'Contact Name', '', 'Mobile', 'Address', 'Land Line', 33227, 1, 0, 0, '2022-12-28', '', '', '', 0, 1, '  91', 'Std Code', 'Pincode', 0, 0, 0),
(644, '-9529\' UNION ALL SELECT 69,69,69,69,69,69,69,69,69', '-9529\' UNION ALL SELECT 69,69,69,69,69,69,69,69,69', 'dc647eb65e6711e155375218212b3964', 'Contact Name', '', 'Mobile', 'Address', 'Land Line', 33228, 1, 0, 0, '2022-12-28', '', '', '', 0, 1, '  91', 'Std Code', 'Pincode', 0, 0, 0),
(645, '-1750\' UNION ALL SELECT 69,69,69,69,69,69,69,69,69', '-1750\' UNION ALL SELECT 69,69,69,69,69,69,69,69,69', 'dc647eb65e6711e155375218212b3964', 'Contact Name', '', 'Mobile', 'Address', 'Land Line', 33229, 1, 0, 0, '2022-12-28', '', '', '', 0, 1, '  91', 'Std Code', 'Pincode', 0, 0, 0),
(646, '-9271\' UNION ALL SELECT 69,69,69,69,69,69,69,69,69', '-9271\' UNION ALL SELECT 69,69,69,69,69,69,69,69,69', 'dc647eb65e6711e155375218212b3964', 'Contact Name', '', 'Mobile', 'Address', 'Land Line', 33230, 1, 0, 0, '2022-12-28', '', '', '', 0, 1, '  91', 'Std Code', 'Pincode', 0, 0, 0),
(647, '-6978\' UNION ALL SELECT 69,69,69,69,69,69,69,69,69', '-6978\' UNION ALL SELECT 69,69,69,69,69,69,69,69,69', 'dc647eb65e6711e155375218212b3964', 'Contact Name', '', 'Mobile', 'Address', 'Land Line', 33231, 1, 0, 0, '2022-12-28', '', '', '', 0, 1, '  91', 'Std Code', 'Pincode', 0, 0, 0),
(648, '-4486\' UNION ALL SELECT 69,69,69,69,69,69,69,69,69', '-4486\' UNION ALL SELECT 69,69,69,69,69,69,69,69,69', 'dc647eb65e6711e155375218212b3964', 'Contact Name', '', 'Mobile', 'Address', 'Land Line', 33232, 1, 0, 0, '2022-12-28', '', '', '', 0, 1, '  91', 'Std Code', 'Pincode', 0, 0, 0),
(649, '-9900\' UNION ALL SELECT 69,69,69,69,69,69,69,69,69', '-9900\' UNION ALL SELECT 69,69,69,69,69,69,69,69,69', 'dc647eb65e6711e155375218212b3964', 'Contact Name', '', 'Mobile', 'Address', 'Land Line', 33233, 1, 0, 0, '2022-12-28', '', '', '', 0, 1, '  91', 'Std Code', 'Pincode', 0, 0, 0),
(650, '-6324\' UNION ALL SELECT 69,69,69,69,69,69,69,69,69', '-6324\' UNION ALL SELECT 69,69,69,69,69,69,69,69,69', 'dc647eb65e6711e155375218212b3964', 'Contact Name', '', 'Mobile', 'Address', 'Land Line', 33234, 1, 0, 0, '2022-12-28', '', '', '', 0, 1, '  91', 'Std Code', 'Pincode', 0, 0, 0),
(651, '-5789\' UNION ALL SELECT 69,69,69,69,69,69,69,69,69', '-5789\' UNION ALL SELECT 69,69,69,69,69,69,69,69,69', 'dc647eb65e6711e155375218212b3964', 'Contact Name', '', 'Mobile', 'Address', 'Land Line', 33235, 1, 0, 0, '2022-12-28', '', '', '', 0, 1, '  91', 'Std Code', 'Pincode', 0, 0, 0),
(652, 'Email\' AND (SELECT 8571 FROM(SELECT COUNT(*),CONCA', 'Email\' AND (SELECT 8571 FROM(SELECT COUNT(*),CONCA', 'dc647eb65e6711e155375218212b3964', 'Contact Name', '', 'Mobile', 'Address', 'Land Line', 33236, 1, 0, 0, '2022-12-28', '', '', '', 0, 1, '  91', 'Std Code', 'Pincode', 0, 0, 0),
(653, 'Email\' AND (SELECT 9886 FROM(SELECT COUNT(*),CONCA', 'Email\' AND (SELECT 9886 FROM(SELECT COUNT(*),CONCA', 'dc647eb65e6711e155375218212b3964', 'Contact Name', '', 'Mobile', 'Address', 'Land Line', 33237, 1, 0, 0, '2022-12-28', '', '', '', 0, 1, '  91', 'Std Code', 'Pincode', 0, 0, 0),
(654, 'Email\' AND (SELECT 6253 FROM(SELECT COUNT(*),CONCA', 'Email\' AND (SELECT 6253 FROM(SELECT COUNT(*),CONCA', 'dc647eb65e6711e155375218212b3964', 'Contact Name', '', 'Mobile', 'Address', 'Land Line', 33238, 1, 0, 0, '2022-12-28', '', '', '', 0, 1, '  91', 'Std Code', 'Pincode', 0, 0, 0),
(655, 'Email\' AND (SELECT 3767 FROM(SELECT COUNT(*),CONCA', 'Email\' AND (SELECT 3767 FROM(SELECT COUNT(*),CONCA', 'dc647eb65e6711e155375218212b3964', 'Contact Name', '', 'Mobile', 'Address', 'Land Line', 33239, 1, 0, 0, '2022-12-28', '', '', '', 0, 1, '  91', 'Std Code', 'Pincode', 0, 0, 0),
(656, 'Email\' AND (SELECT 3878 FROM(SELECT COUNT(*),CONCA', 'Email\' AND (SELECT 3878 FROM(SELECT COUNT(*),CONCA', 'dc647eb65e6711e155375218212b3964', 'Contact Name', '', 'Mobile', 'Address', 'Land Line', 33240, 1, 0, 0, '2022-12-28', '', '', '', 0, 1, '  91', 'Std Code', 'Pincode', 0, 0, 0),
(657, 'Email\' AND (SELECT 4341 FROM(SELECT COUNT(*),CONCA', 'Email\' AND (SELECT 4341 FROM(SELECT COUNT(*),CONCA', 'dc647eb65e6711e155375218212b3964', 'Contact Name', '', 'Mobile', 'Address', 'Land Line', 33241, 1, 0, 0, '2022-12-28', '', '', '', 0, 1, '  91', 'Std Code', 'Pincode', 0, 0, 0),
(658, 'Email\")\'(()\'..,', 'Email\")\'(()\'..,', 'dc647eb65e6711e155375218212b3964', 'Contact Name', '', 'Mobile', 'Address', 'Land Line', 33242, 1, 0, 0, '2022-12-31', '', '', '', 0, 1, '  91', 'Std Code', 'Pincode', 0, 0, 0),
(659, 'Email\'zrJSuV<\'\">qrOqZH', 'Email\'zrJSuV<\'\">qrOqZH', 'dc647eb65e6711e155375218212b3964', 'Contact Name', '', 'Mobile', 'Address', 'Land Line', 33243, 1, 0, 0, '2022-12-31', '', '', '', 0, 1, '  91', 'Std Code', 'Pincode', 0, 0, 0),
(660, '-8148', '-8148', 'dc647eb65e6711e155375218212b3964', 'Contact Name', '', 'Mobile', 'Address', 'Land Line', 33244, 1, 0, 0, '2022-12-31', '', '', '', 0, 1, '  91', 'Std Code', 'Pincode', 0, 0, 0),
(661, 'Email) OR NOT 5568=5981#', 'Email) OR NOT 5568=5981#', 'dc647eb65e6711e155375218212b3964', 'Contact Name', '', 'Mobile', 'Address', 'Land Line', 33245, 1, 0, 0, '2022-12-31', '', '', '', 0, 1, '  91', 'Std Code', 'Pincode', 0, 0, 0),
(662, 'Email) OR NOT 9779=9779#', 'Email) OR NOT 9779=9779#', 'dc647eb65e6711e155375218212b3964', 'Contact Name', '', 'Mobile', 'Address', 'Land Line', 33246, 1, 0, 0, '2022-12-31', '', '', '', 0, 1, '  91', 'Std Code', 'Pincode', 0, 0, 0),
(663, 'Email)) OR NOT 1950=4004#', 'Email)) OR NOT 1950=4004#', 'dc647eb65e6711e155375218212b3964', 'Contact Name', '', 'Mobile', 'Address', 'Land Line', 33247, 1, 0, 0, '2022-12-31', '', '', '', 0, 1, '  91', 'Std Code', 'Pincode', 0, 0, 0),
(664, 'Email)) OR NOT 9779=9779#', 'Email)) OR NOT 9779=9779#', 'dc647eb65e6711e155375218212b3964', 'Contact Name', '', 'Mobile', 'Address', 'Land Line', 33248, 1, 0, 0, '2022-12-31', '', '', '', 0, 1, '  91', 'Std Code', 'Pincode', 0, 0, 0),
(665, 'Email))) OR NOT 5392=8867#', 'Email))) OR NOT 5392=8867#', 'dc647eb65e6711e155375218212b3964', 'Contact Name', '', 'Mobile', 'Address', 'Land Line', 33249, 1, 0, 0, '2022-12-31', '', '', '', 0, 1, '  91', 'Std Code', 'Pincode', 0, 0, 0),
(666, 'Email))) OR NOT 9779=9779#', 'Email))) OR NOT 9779=9779#', 'dc647eb65e6711e155375218212b3964', 'Contact Name', '', 'Mobile', 'Address', 'Land Line', 33250, 1, 0, 0, '2022-12-31', '', '', '', 0, 1, '  91', 'Std Code', 'Pincode', 0, 0, 0),
(667, 'Email OR NOT 8241=9103#', 'Email OR NOT 8241=9103#', 'dc647eb65e6711e155375218212b3964', 'Contact Name', '', 'Mobile', 'Address', 'Land Line', 33251, 1, 0, 0, '2022-12-31', '', '', '', 0, 1, '  91', 'Std Code', 'Pincode', 0, 0, 0),
(668, 'Email OR NOT 9779=9779#', 'Email OR NOT 9779=9779#', 'dc647eb65e6711e155375218212b3964', 'Contact Name', '', 'Mobile', 'Address', 'Land Line', 33252, 1, 0, 0, '2022-12-31', '', '', '', 0, 1, '  91', 'Std Code', 'Pincode', 0, 0, 0),
(669, 'Email) AND (1626=2929)*2929-- PUEB', 'Email) AND (1626=2929)*2929-- PUEB', 'dc647eb65e6711e155375218212b3964', 'Contact Name', '', 'Mobile', 'Address', 'Land Line', 33253, 1, 0, 0, '2022-12-31', '', '', '', 0, 1, '  91', 'Std Code', 'Pincode', 0, 0, 0),
(670, 'Email AND (6136=9999)*9999', 'Email AND (6136=9999)*9999', 'dc647eb65e6711e155375218212b3964', 'Contact Name', '', 'Mobile', 'Address', 'Land Line', 33254, 1, 0, 0, '2022-12-31', '', '', '', 0, 1, '  91', 'Std Code', 'Pincode', 0, 0, 0),
(671, 'Email AND (5809=5809)*8973', 'Email AND (5809=5809)*8973', 'dc647eb65e6711e155375218212b3964', 'Contact Name', '', 'Mobile', 'Address', 'Land Line', 33255, 1, 0, 0, '2022-12-31', '', '', '', 0, 1, '  91', 'Std Code', 'Pincode', 0, 0, 0),
(672, 'Email AND (6670=8534)*8534-- VkuX', 'Email AND (6670=8534)*8534-- VkuX', 'dc647eb65e6711e155375218212b3964', 'Contact Name', '', 'Mobile', 'Address', 'Land Line', 33256, 1, 0, 0, '2022-12-31', '', '', '', 0, 1, '  91', 'Std Code', 'Pincode', 0, 0, 0),
(673, 'Email AND (7766=5046)*5046# RKZO', 'Email AND (7766=5046)*5046# RKZO', 'dc647eb65e6711e155375218212b3964', 'Contact Name', '', 'Mobile', 'Address', 'Land Line', 33257, 1, 0, 0, '2022-12-31', '', '', '', 0, 1, '  91', 'Std Code', 'Pincode', 0, 0, 0),
(674, 'Email AND (5809=5809)*8973# LRHC', 'Email AND (5809=5809)*8973# LRHC', 'dc647eb65e6711e155375218212b3964', 'Contact Name', '', 'Mobile', 'Address', 'Land Line', 33258, 1, 0, 0, '2022-12-31', '', '', '', 0, 1, '  91', 'Std Code', 'Pincode', 0, 0, 0),
(675, 'Email(\"),\'\'.((.', 'Email(\"),\'\'.((.', 'dc647eb65e6711e155375218212b3964', 'Contact Name', '', 'Mobile', 'Address', 'Land Line', 33260, 1, 0, 0, '2023-01-11', '', '', '', 0, 1, '  91', 'Std Code', 'Pincode', 0, 0, 0),
(676, 'Email\'JXGsAe<\'\">KTAKRD', 'Email\'JXGsAe<\'\">KTAKRD', 'dc647eb65e6711e155375218212b3964', 'Contact Name', '', 'Mobile', 'Address', 'Land Line', 33261, 1, 0, 0, '2023-01-11', '', '', '', 0, 1, '  91', 'Std Code', 'Pincode', 0, 0, 0),
(677, 'Email\'pdmwbv<\'\">MwqMPx', 'Email\'pdmwbv<\'\">MwqMPx', 'dc647eb65e6711e155375218212b3964', 'Contact Name', '', 'Mobile', 'Address', 'Land Line', 33264, 1, 0, 0, '2023-01-14', '', '', '', 0, 1, '  91', 'Std Code', 'Pincode', 0, 0, 0),
(678, 'info@camelworldwide.com', 'camel', 'bad4f9f3b493627082e3ccaa34c7516c', 'camel ', 'worldwide', '', '', '', 4636, 1, 0, 1, '0000-00-00', '', '', '', 0, 0, '', '', '', 0, 0, 0),
(679, 'info@seekershr.com', 'seekers', 'c5da4d049ced3777eeccb0f427cb5dce', 'Seejers', '', '', '', '', 1, 1, 0, 1, '0000-00-00', '', '', '', 0, 0, '', '', '', 0, 0, 0),
(680, 'boobalanbalaji@gmail.com', 'boobalanbalaji@gmail.com', 'fbf86eff40d899086a64a5b8ca30715a', '9677846093', '', '9677846093', '<p>\n	9 peelamedu pudur</p>\n', '', 3, 1, 0, 1, '2023-05-10', '', '', '', 0, 1, '+ 91', '', '641001', 0, 29, 90),
(681, 'hr@denovo.com', 'denovo', 'e970e3f11060cf7dc68059835b988047', 'denovo', 'denovo', '', '', '', 6, 1, 0, 1, '0000-00-00', '', '', '', 0, 0, '', '', '', 0, 0, 0),
(682, 'boobalanbalaji@gmail.com', 'logis', '1e3f5d3972443e2816671dcf0a07974b', 'Poobalan', 'balaji', '', '', '', 3, 1, 0, 1, '0000-00-00', '', '', '', 0, 0, '', '', '', 0, 0, 0),
(683, 'dilyiquled@outlook.com', 'dilyiquled@outlook.com', '1848368103be1959d5ea2ce4bb61cfc3', 'asBFOIxKHodrVmv', '', '9357750200', 'xcPVeAdzyoMu', '9820461872', 7, 1, 0, 0, '2023-06-04', '', '', '', 0, 1, '+ 91', 'NeiSgjXzZY', 'YJSEoqZQbWwauPjR', 0, 29, 0),
(684, 'info@seekershr.com', 'info@seekershr.com', '53e6086284353cb73d4979f08537d950', 'asgddsag', '', '8589003000', '<p>\n	adgasdg</p>\n', '', 8, 1, 0, 1, '2023-06-19', '', '', '', 0, 1, '+ 91', '', '683572', 0, 41, 120);

-- --------------------------------------------------------

--
-- Table structure for table `pms_content_share`
--

CREATE TABLE `pms_content_share` (
  `content_id` bigint NOT NULL,
  `content_title` varchar(255) NOT NULL,
  `actual_text` longtext NOT NULL,
  `user_id` bigint NOT NULL,
  `status` int NOT NULL,
  `file_name` varchar(255) NOT NULL,
  `file_type` varchar(255) NOT NULL,
  `file_size` varchar(255) NOT NULL,
  `upload_date` date NOT NULL
) ENGINE=InnoDB DEFAULT CHARSET=latin1;

-- --------------------------------------------------------

--
-- Table structure for table `pms_content_share_users`
--

CREATE TABLE `pms_content_share_users` (
  `content_user_id` bigint NOT NULL,
  `content_id` bigint NOT NULL,
  `user_id` bigint NOT NULL,
  `status` int NOT NULL
) ENGINE=InnoDB DEFAULT CHARSET=latin1;

-- --------------------------------------------------------

--
-- Table structure for table `pms_country`
--

CREATE TABLE `pms_country` (
  `country_id` bigint NOT NULL,
  `country_name` varchar(100) NOT NULL,
  `country_short_name` varchar(5) NOT NULL,
  `sort_order` int NOT NULL,
  `status` int NOT NULL,
  `visa` longtext NOT NULL,
  `medical` longtext NOT NULL,
  `docs_required` longtext NOT NULL,
  `visa_process` longtext NOT NULL,
  `intl_code` varchar(255) NOT NULL,
  `intl_dial_prefix` varchar(255) NOT NULL
) ENGINE=InnoDB DEFAULT CHARSET=latin1;

--
-- Dumping data for table `pms_country`
--

INSERT INTO `pms_country` (`country_id`, `country_name`, `country_short_name`, `sort_order`, `status`, `visa`, `medical`, `docs_required`, `visa_process`, `intl_code`, `intl_dial_prefix`) VALUES
(162, 'India', '', 0, 1, '<p>\r\n	<strong><span style=\"background-color:#ffffe0;\">Visa has operations across all continents worldwide with the exception of </span><a href=\"https://en.wikipedia.org/wiki/Antarctica\" title=\"Antarctica\"><span style=\"background-color:#ffffe0;\">Antarctica</span></a><span style=\"background-color:#ffffe0;\">. </span><a class=\"mw-redirect\" href=\"https://en.wikipedia.org/wiki/Visa_Europe\" title=\"Visa Europe\"><span style=\"background-color:#ffffe0;\">Visa Europe</span></a><span style=\"background-color:#ffffe0;\"> is a separate membership entity that is an exclusive licensee of Visa Inc.&#39;s trademarks and technology in the European region, issuing cards such as </span><a href=\"https://en.wikipedia.org/wiki/Visa_Debit\" title=\"Visa Debit\"><span style=\"background-color:#ffffe0;\">Visa Debit</span></a><span style=\"background-color:#ffffe0;\"> and Visa Credit.</span></strong></p>\r\n', '', '<ol class=\"_kYe\">\r\n	<li class=\"_AXc\">\r\n		<span style=\"background-color:yellow;\"><span style=\"font-size: 16px;\">Appointment Letter received from the NVC.</span></span></li>\r\n	<li class=\"_AXc\">\r\n		<span style=\"background-color:yellow;\"><span style=\"font-size: 16px;\">Passport(s) valid for six months beyond the intended date of entry into the United States.</span></span></li>\r\n	<li class=\"_AXc\">\r\n		<span style=\"background-color:yellow;\"><span style=\"font-size: 16px;\">Police Certificate(s)</span></span></li>\r\n	<li class=\"_AXc\">\r\n		<span style=\"background-color:yellow;\"><span style=\"font-size: 16px;\">Birth Certificate(s)</span></span></li>\r\n	<li class=\"_AXc\">\r\n		<span style=\"background-color:yellow;\"><span style=\"font-size: 16px;\">Court and prison records, if applicable.</span></span></li>\r\n	<li class=\"_AXc\">\r\n		<span style=\"background-color:yellow;\"><span style=\"font-size: 16px;\">Military records, if applicable.</span></span></li>\r\n</ol>\r\n', '', '91', '00'),
(163, 'Qatar', '', 0, 1, '', '', '', '', '', ''),
(165, 'Kuwait', '', 0, 1, '', '', '', '', '', ''),
(168, 'Oman', '', 0, 1, '', '', '', '', '', ''),
(169, 'Afghanistan', '', 0, 1, '', '', '', '', '93', '00'),
(171, 'Algeria', '', 0, 1, '', '', '', '', '213', '00'),
(172, 'Andorra', '', 0, 1, '', '', '', '', '376', '00'),
(173, 'Angola', '', 0, 1, '', '', '', '', '244', '00'),
(174, 'Antigua and Barbuda', '', 0, 1, '', '', '', '', '1	268', '011'),
(175, 'Argentina', '', 0, 1, '', '', '', '', '54', '00'),
(176, 'Armenia', '', 0, 1, '', '', '', '', '374', '00'),
(177, 'Australia', '', 0, 1, '', '', '', '', '61', '0011'),
(178, 'Austria', '', 0, 1, '', '', '', '', '43', '00'),
(179, 'Azerbaijan', '', 0, 1, '', '', '', '', '994', '810'),
(180, 'Bahamas', '', 0, 1, '', '', '', '', '1	242', '011'),
(181, 'Bahrain', '', 0, 1, '', '', '', '', '973', '00'),
(182, 'Bangladesh', '', 0, 1, '', '', '', '', '880', '00'),
(183, 'Barbados', '', 0, 1, '', '', '', '', '1	246', '011'),
(184, 'Belarus', '', 0, 1, '', '', '', '', '375', '810'),
(185, 'Belgium', '', 0, 1, '', '', '', '', '32', '00'),
(186, 'Belize', '', 0, 1, '', '', '', '', '501', '00'),
(187, 'Benin', '', 0, 1, '', '', '', '', '229', '00'),
(188, 'Bhutan', '', 0, 1, '', '', '', '', '975', '00'),
(189, 'Bolivia', '', 0, 1, '', '', '', '', '591', '0010'),
(190, 'Bosnia and Herzegovina', '', 0, 1, '', '', '', '', '387', '00'),
(191, 'Botswana', '', 0, 1, '', '', '', '', '267', '00'),
(192, 'Brazil', '', 0, 1, '', '', '', '', '55', '0014'),
(193, 'Brunei', '', 0, 1, '', '', '', '', '673', '00'),
(194, 'Bulgaria', '', 0, 1, '', '', '', '', '359', '00'),
(195, 'Burkina Faso', '', 0, 1, '', '', '', '', '226', '00'),
(196, 'Burundi', '', 0, 1, '', '', '', '', '257', '00'),
(197, 'Cabo Verde', '', 0, 1, '', '', '', '', '', ''),
(198, 'Cambodia', '', 0, 1, '', '', '', '', '', ''),
(199, 'Cameroon', '', 0, 1, '', '', '', '', '', ''),
(200, 'Canada', '', 0, 1, '', '', '', '', '', ''),
(201, 'Central African Republic (CAR)', '', 0, 1, '', '', '', '', '', ''),
(202, 'Chad', '', 0, 1, '', '', '', '', '', ''),
(203, 'Chile', '', 0, 1, '', '', '', '', '', ''),
(204, 'China', '', 0, 1, '', '', '', '', '86', '00'),
(205, 'Colombia', '', 0, 1, '', '', '', '', '', ''),
(206, 'Comoros', '', 0, 1, '', '', '', '', '', ''),
(207, 'Democratic Republic of the Congo', '', 0, 1, '', '', '', '', '', ''),
(208, 'Republic of the Congo', '', 0, 1, '', '', '', '', '', ''),
(209, 'Costa Rica', '', 0, 1, '', '', '', '', '', ''),
(210, 'Cote d\'Ivoire', '', 0, 1, '', '', '', '', '', ''),
(211, 'Croatia', '', 0, 1, '', '', '', '', '', ''),
(212, 'Cuba', '', 0, 1, '', '', '', '', '', ''),
(213, 'Cyprus', '', 0, 1, '', '', '', '', '', ''),
(214, 'Czech Republic', '', 0, 1, '', '', '', '', '', ''),
(215, 'Denmark', '', 0, 1, '', '', '', '', '', ''),
(216, 'Djibouti', '', 0, 1, '', '', '', '', '', ''),
(217, 'Dominica', '', 0, 1, '', '', '', '', '', ''),
(218, 'Dominican Republic', '', 0, 1, '', '', '', '', '', ''),
(219, 'Ecuador', '', 0, 1, '', '', '', '', '', ''),
(220, 'Egypt', '', 0, 1, '', '', '', '', '', ''),
(221, 'El Salvador', '', 0, 1, '', '', '', '', '', ''),
(222, 'Equatorial Guinea', '', 0, 1, '', '', '', '', '', ''),
(223, 'Eritrea', '', 0, 1, '', '', '', '', '', ''),
(224, 'Estonia', '', 0, 1, '', '', '', '', '', ''),
(225, 'Ethiopia', '', 0, 1, '', '', '', '', '', ''),
(226, 'Fiji', '', 0, 1, '', '', '', '', '', ''),
(227, 'Finland', '', 0, 1, '', '', '', '', '', ''),
(228, 'France', '', 0, 1, '', '', '', '', '', ''),
(229, 'Gabon', '', 0, 1, '', '', '', '', '', ''),
(230, 'Gambia', '', 0, 1, '', '', '', '', '', ''),
(232, 'Germany', '', 0, 1, '', '', '', '', '', ''),
(233, 'Ghana', '', 0, 1, '', '', '', '', '', ''),
(234, 'Greece', '', 0, 1, '', '', '', '', '', ''),
(235, 'Grenada', '', 0, 1, '', '', '', '', '', ''),
(236, 'Guatemala', '', 0, 1, '', '', '', '', '', ''),
(237, 'Guinea', '', 0, 1, '', '', '', '', '', ''),
(238, 'Guinea-Bissau', '', 0, 1, '', '', '', '', '', ''),
(239, 'Guyana', '', 0, 1, '', '', '', '', '', ''),
(240, 'Moldova', '', 0, 1, '', '', '', '', '', ''),
(241, 'Haiti', '', 0, 1, '', '', '', '', '', ''),
(242, 'Honduras', '', 0, 1, '', '', '', '', '', ''),
(243, 'Hungary', '', 0, 1, '', '', '', '', '', ''),
(244, 'Iceland', '', 0, 1, '', '', '', '', '', ''),
(245, 'Indonesia', '', 0, 1, '', '', '', '', '', ''),
(246, 'Iran', '', 0, 1, '', '', '', '', '', ''),
(247, 'Iraq', '', 0, 1, '', '', '', '', '', ''),
(248, 'Ireland', '', 0, 1, '', '', '', '', '', ''),
(249, 'Israel', '', 0, 1, '', '', '', '', '', ''),
(250, 'Italy', '', 0, 1, '', '', '', '', '', ''),
(251, 'Jamaica', '', 0, 1, '', '', '', '', '', ''),
(252, 'Japan', '', 0, 1, '', '', '', '', '', ''),
(253, 'Jordan', '', 0, 1, '', '', '', '', '', ''),
(254, 'Kazakhstan', '', 0, 1, '', '', '', '', '', ''),
(255, 'Kenya', '', 0, 1, '', '', '', '', '', ''),
(256, 'Kiribati', '', 0, 1, '', '', '', '', '', ''),
(257, 'Kosovo', '', 0, 1, '', '', '', '', '', ''),
(258, 'Kyrgyzstan', '', 0, 1, '', '', '', '', '', ''),
(259, 'Laos', '', 0, 1, '', '', '', '', '', ''),
(260, 'Latvia', '', 0, 1, '', '', '', '', '', ''),
(261, 'Lebanon', '', 0, 1, '', '', '', '', '', ''),
(262, 'Lesotho', '', 0, 1, '', '', '', '', '', ''),
(263, 'Liberia', '', 0, 1, '', '', '', '', '', ''),
(264, 'Libya', '', 0, 1, '', '', '', '', '', ''),
(265, 'Liechtenstein', '', 0, 1, '', '', '', '', '', ''),
(266, 'Lithuania', '', 0, 1, '', '', '', '', '', ''),
(267, 'Luxembourg', '', 0, 1, '', '', '', '', '', ''),
(268, 'Macedonia', '', 0, 1, '', '', '', '', '', ''),
(269, 'Madagascar', '', 0, 1, '', '', '', '', '', ''),
(270, 'Malawi', '', 0, 1, '', '', '', '', '', ''),
(271, 'Malaysia', '', 0, 1, '', '', '', '', '', ''),
(272, 'Maldives', '', 0, 1, '', '', '', '', '', ''),
(273, 'Mali', '', 0, 1, '', '', '', '', '', ''),
(274, 'Malta', '', 0, 1, '', '', '', '', '', ''),
(275, 'Marshall Islands', '', 0, 1, '', '', '', '', '', ''),
(276, 'Mauritania', '', 0, 1, '', '', '', '', '', ''),
(277, 'Mauritius', '', 0, 1, '', '', '', '', '', ''),
(278, 'Mexico', '', 0, 1, '', '', '', '', '', ''),
(279, 'Micronesia', '', 0, 1, '', '', '', '', '', ''),
(280, 'Monaco', '', 0, 1, '', '', '', '', '', ''),
(281, 'Mongolia', '', 0, 1, '', '', '', '', '', ''),
(282, 'Montenegro', '', 0, 1, '', '', '', '', '', ''),
(283, 'Morocco', '', 0, 1, '', '', '', '', '', ''),
(284, 'Mozambique', '', 0, 1, '', '', '', '', '', ''),
(285, 'Myanmar (Burma)', '', 0, 1, '', '', '', '', '', ''),
(286, 'Namibia', '', 0, 1, '', '', '', '', '', ''),
(287, 'Nauru', '', 0, 1, '', '', '', '', '', ''),
(288, 'Nepal', '', 0, 1, '', '', '', '', '', ''),
(289, 'Netherlands', '', 0, 1, '', '', '', '', '', ''),
(290, 'New Zealand', '', 0, 1, '', '', '', '', '', ''),
(291, 'Nicaragua', '', 0, 1, '', '', '', '', '', ''),
(292, 'Niger', '', 0, 1, '', '', '', '', '', ''),
(293, 'Nigeria', '', 0, 1, '', '', '', '', '', ''),
(294, 'North Korea', '', 0, 1, '', '', '', '', '', ''),
(295, 'Norway', '', 0, 1, '', '', '', '', '', ''),
(296, 'Pakistan', '', 0, 1, '', '', '', '', '', ''),
(297, 'Palau', '', 0, 1, '', '', '', '', '', ''),
(298, 'Palestine', '', 0, 1, '', '', '', '', '', ''),
(299, 'Panama', '', 0, 1, '', '', '', '', '', ''),
(300, 'Papua New Guinea', '', 0, 1, '', '', '', '', '', ''),
(301, 'Paraguay', '', 0, 1, '', '', '', '', '', ''),
(302, 'Peru', '', 0, 1, '', '', '', '', '', ''),
(303, 'Philippines', '', 0, 1, '', '', '', '', '', ''),
(304, 'Poland', '', 0, 1, '', '', '', '', '', ''),
(305, 'Portugal', '', 0, 1, '', '', '', '', '', ''),
(306, 'Romania', '', 0, 1, '', '', '', '', '', ''),
(307, 'Russia', '', 0, 1, '', '', '', '', '', ''),
(308, 'Rwanda', '', 0, 1, '', '', '', '', '', ''),
(309, 'Saint Kitts and Nevis', '', 0, 1, '', '', '', '', '', ''),
(310, 'Saint Lucia', '', 0, 1, '', '', '', '', '', ''),
(311, 'Saint Vincent and the Grenadines', '', 0, 1, '', '', '', '', '', ''),
(312, 'Samoa', '', 0, 1, '', '', '', '', '', ''),
(313, 'San Marino', '', 0, 1, '', '', '', '', '', ''),
(314, 'Sao Tome and Principe', '', 0, 1, '', '', '', '', '', ''),
(315, 'Saudi Arabia', '', 0, 1, '', '', '', '', '', ''),
(316, 'Senegal', '', 0, 1, '', '', '', '', '', ''),
(317, 'Serbia', '', 0, 1, '', '', '', '', '', ''),
(318, 'Seychelles', '', 0, 1, '', '', '', '', '', ''),
(319, 'Sierra Leone', '', 0, 1, '', '', '', '', '', ''),
(320, 'Singapore', '', 0, 1, '', '', '', '', '', ''),
(321, 'Slovakia', '', 0, 1, '', '', '', '', '', ''),
(322, 'Slovenia', '', 0, 1, '', '', '', '', '', ''),
(323, 'Solomon Islands', '', 0, 1, '', '', '', '', '', ''),
(324, 'Somalia', '', 0, 1, '', '', '', '', '', ''),
(325, 'South Africa', '', 0, 1, '', '', '', '', '', ''),
(326, 'South Korea', '', 0, 1, '', '', '', '', '', ''),
(327, 'South Sudan', '', 0, 1, '', '', '', '', '', ''),
(328, 'Spain', '', 0, 1, '', '', '', '', '', ''),
(329, 'Sri Lanka', '', 0, 1, '', '', '', '', '', ''),
(330, 'Sudan', '', 0, 1, '', '', '', '', '', ''),
(331, 'Suriname', '', 0, 1, '', '', '', '', '', ''),
(332, 'Swaziland', '', 0, 1, '', '', '', '', '', ''),
(333, 'Sweden', '', 0, 1, '', '', '', '', '', ''),
(334, 'Switzerland', '', 0, 1, '', '', '', '', '', ''),
(335, 'Syria', '', 0, 1, '', '', '', '', '', ''),
(336, 'Taiwan', '', 0, 1, '', '', '', '', '', ''),
(337, 'Tajikistan', '', 0, 1, '', '', '', '', '', ''),
(338, 'Tanzania', '', 0, 1, '', '', '', '', '', ''),
(339, 'Thailand', '', 0, 1, '', '', '', '', '', ''),
(340, 'Timor-Leste', '', 0, 1, '', '', '', '', '', ''),
(341, 'Togo', '', 0, 1, '', '', '', '', '', ''),
(342, 'Tonga', '', 0, 1, '', '', '', '', '', ''),
(343, 'Trinidad and Tobago', '', 0, 1, '', '', '', '', '', ''),
(344, 'Tunisia', '', 0, 1, '', '', '', '', '', ''),
(345, 'Turkey', '', 0, 1, '', '', '', '', '', ''),
(346, 'Turkmenistan', '', 0, 1, '', '', '', '', '', ''),
(347, 'Tuvalu', '', 0, 1, '', '', '', '', '', ''),
(348, 'Uganda', '', 0, 1, '', '', '', '', '', ''),
(349, 'Ukraine', '', 0, 1, '', '', '', '', '', ''),
(350, 'United Arab Emirates', '', 0, 1, '', '', '', '', '971', '00'),
(351, 'United Kingdom', '', 0, 1, '', '', '', '', '', ''),
(352, 'United States of America', '', 0, 1, '', '', '', '', '', ''),
(353, 'Uruguay', '', 0, 1, '', '', '', '', '', ''),
(354, 'Uzbekistan', '', 0, 1, '', '', '', '', '998', '810'),
(355, 'Vanuatu', '', 0, 1, '', '', '', '', '', ''),
(356, 'Vatican City', '', 0, 1, '', '', '', '', '', ''),
(357, 'Venezuela', '', 0, 1, '', '', '', '', '58', '00'),
(358, 'Vietnam', '', 0, 1, '', '', '', '', '84', '00'),
(359, 'Yemen', '', 0, 1, '', '', '', '', '967', '00'),
(360, 'Zambia', '', 0, 1, '', '', '', '', '260', '00'),
(361, 'Zimbabwe', '', 0, 1, '', '', '', '', '263', '00'),
(369, 'Sudan', '', 0, 1, '', '', '', '', '', ''),
(375, 'Any', '', 0, 1, '', '', '', '', '', ''),
(376, 'Albania', '', 0, 1, '', '', '', '', '', ''),
(377, 'Open', '', 0, 1, '', '', '', '', '', '');

-- --------------------------------------------------------

--
-- Table structure for table `pms_country_description`
--

CREATE TABLE `pms_country_description` (
  `country_id` bigint NOT NULL,
  `country_short_name` varchar(5) NOT NULL,
  `country_name` varchar(200) NOT NULL,
  `language_id` bigint NOT NULL,
  `description` longtext NOT NULL
) ENGINE=MyISAM DEFAULT CHARSET=latin1;

--
-- Dumping data for table `pms_country_description`
--

INSERT INTO `pms_country_description` (`country_id`, `country_short_name`, `country_name`, `language_id`, `description`) VALUES
(162, '', 'India', 1, ''),
(165, '', '5. Kuwait', 1, ''),
(168, '', '6. Oman', 1, ''),
(163, '', '3. Qatar', 1, ''),
(169, '', 'Afghanistan', 1, ''),
(376, '', 'Albania', 1, ''),
(171, '', 'Algeria', 1, ''),
(172, '', 'Andorra', 1, ''),
(173, '', 'Angola', 1, ''),
(174, '', 'Antigua and Barbuda', 1, ''),
(175, '', 'Argentina', 1, ''),
(176, '', 'Armenia', 1, ''),
(177, '', 'Australia', 1, ''),
(178, '', 'Austria', 1, ''),
(179, '', 'Azerbaijan', 1, ''),
(180, '', 'Bahamas', 1, ''),
(181, '', '4. Bahrain', 1, ''),
(182, '', 'Bangladesh', 1, ''),
(183, '', 'Barbados', 1, ''),
(184, '', 'Belarus', 1, ''),
(185, '', 'Belgium', 1, ''),
(186, '', 'Belize', 1, ''),
(187, '', 'Benin', 1, ''),
(188, '', 'Bhutan', 1, ''),
(189, '', 'Bolivia', 1, ''),
(190, '', 'Bosnia and Herzegovina', 1, ''),
(191, '', 'Botswana', 1, ''),
(192, '', 'Brazil', 1, ''),
(193, '', 'Brunei', 1, ''),
(194, '', 'Bulgaria', 1, ''),
(195, '', 'Burkina Faso', 1, ''),
(196, '', 'Burundi', 1, ''),
(197, '', 'Cabo Verde', 1, ''),
(198, '', 'Cambodia', 1, ''),
(199, '', 'Cameroon', 1, ''),
(200, '', 'Canada', 1, ''),
(201, '', 'Central African Republic (CAR)', 1, ''),
(202, '', 'Chad', 1, ''),
(203, '', 'Chile', 1, ''),
(204, '', 'China', 1, ''),
(205, '', 'Colombia', 1, ''),
(206, '', 'Comoros', 1, ''),
(207, '', 'Democratic Republic of the Congo', 1, ''),
(208, '', 'Republic of the Congo', 1, ''),
(209, '', 'Costa Rica', 1, ''),
(210, '', 'Cote d\'Ivoire', 1, ''),
(211, '', 'Croatia', 1, ''),
(212, '', 'Cuba', 1, ''),
(213, '', 'Cyprus', 1, ''),
(214, '', 'Czech Republic', 1, ''),
(215, '', 'Denmark', 1, ''),
(216, '', 'Djibouti', 1, ''),
(217, '', 'Dominica', 1, ''),
(218, '', 'Dominican Republic', 1, ''),
(219, '', 'Ecuador', 1, ''),
(220, '', 'Egypt', 1, ''),
(221, '', 'El Salvador', 1, ''),
(222, '', 'Equatorial Guinea', 1, ''),
(223, '', 'Eritrea', 1, ''),
(224, '', 'Estonia', 1, ''),
(225, '', 'Ethiopia', 1, ''),
(226, '', 'Fiji', 1, ''),
(227, '', 'Finland', 1, ''),
(228, '', 'France', 1, ''),
(229, '', 'Gabon', 1, ''),
(230, '', 'Gambia', 1, ''),
(232, '', 'Germany', 1, ''),
(233, '', 'Ghana', 1, ''),
(234, '', 'Greece', 1, ''),
(235, '', 'Grenada', 1, ''),
(236, '', 'Guatemala', 1, ''),
(237, '', 'Guinea', 1, ''),
(238, '', 'Guinea-Bissau', 1, ''),
(239, '', 'Guyana', 1, ''),
(240, '', 'Moldova', 1, ''),
(241, '', 'Haiti', 1, ''),
(242, '', 'Honduras', 1, ''),
(243, '', 'Hungary', 1, ''),
(244, '', 'Iceland', 1, ''),
(245, '', 'Indonesia', 1, ''),
(246, '', 'Iran', 1, ''),
(247, '', 'Iraq', 1, ''),
(248, '', 'Ireland', 1, ''),
(249, '', 'Israel', 1, ''),
(250, '', 'Italy', 1, ''),
(251, '', 'Jamaica', 1, ''),
(252, '', 'Japan', 1, ''),
(253, '', 'Jordan', 1, ''),
(254, '', 'Kazakhstan', 1, ''),
(255, '', 'Kenya', 1, ''),
(256, '', 'Kiribati', 1, ''),
(257, '', 'Kosovo', 1, ''),
(258, '', 'Kyrgyzstan', 1, ''),
(259, '', 'Laos', 1, ''),
(260, '', 'Latvia', 1, ''),
(261, '', 'Lebanon', 1, ''),
(262, '', 'Lesotho', 1, ''),
(263, '', 'Liberia', 1, ''),
(264, '', 'Libya', 1, ''),
(265, '', 'Liechtenstein', 1, ''),
(266, '', 'Lithuania', 1, ''),
(267, '', 'Luxembourg', 1, ''),
(268, '', 'Macedonia', 1, ''),
(269, '', 'Madagascar', 1, ''),
(270, '', 'Malawi', 1, ''),
(271, '', 'Malaysia', 1, ''),
(272, '', 'Maldives', 1, ''),
(273, '', 'Mali', 1, ''),
(274, '', 'Malta', 1, ''),
(275, '', 'Marshall Islands', 1, ''),
(276, '', 'Mauritania', 1, ''),
(277, '', 'Mauritius', 1, ''),
(278, '', 'Mexico', 1, ''),
(279, '', 'Micronesia', 1, ''),
(280, '', 'Monaco', 1, ''),
(281, '', 'Mongolia', 1, ''),
(282, '', 'Montenegro', 1, ''),
(283, '', 'Morocco', 1, ''),
(284, '', 'Mozambique', 1, ''),
(285, '', 'Myanmar (Burma)', 1, ''),
(286, '', 'Namibia', 1, ''),
(287, '', 'Nauru', 1, ''),
(288, '', 'Nepal', 1, ''),
(289, '', 'Netherlands', 1, ''),
(290, '', 'New Zealand', 1, ''),
(291, '', 'Nicaragua', 1, ''),
(292, '', 'Niger', 1, ''),
(293, '', 'Nigeria', 1, ''),
(294, '', 'North Korea', 1, ''),
(295, '', 'Norway', 1, ''),
(296, '', 'Pakistan', 1, ''),
(297, '', 'Palau', 1, ''),
(298, '', 'Palestine', 1, ''),
(299, '', 'Panama', 1, ''),
(300, '', 'Papua New Guinea', 1, ''),
(301, '', 'Paraguay', 1, ''),
(302, '', 'Peru', 1, ''),
(303, '', 'Philippines', 1, ''),
(304, '', 'Poland', 1, ''),
(305, '', 'Portugal', 1, ''),
(306, '', 'Romania', 1, ''),
(307, '', 'Russia', 1, ''),
(308, '', 'Rwanda', 1, ''),
(309, '', 'Saint Kitts and Nevis', 1, ''),
(310, '', 'Saint Lucia', 1, ''),
(311, '', 'Saint Vincent and the Grenadines', 1, ''),
(312, '', 'Samoa', 1, ''),
(313, '', 'San Marino', 1, ''),
(314, '', 'Sao Tome and Principe', 1, ''),
(315, '', '2. Saudi Arabia', 1, ''),
(316, '', 'Senegal', 1, ''),
(317, '', 'Serbia', 1, ''),
(318, '', 'Seychelles', 1, ''),
(319, '', 'Sierra Leone', 1, ''),
(320, '', 'Singapore', 1, ''),
(321, '', 'Slovakia', 1, ''),
(322, '', 'Slovenia', 1, ''),
(323, '', 'Solomon Islands', 1, ''),
(324, '', 'Somalia', 1, ''),
(325, '', 'South Africa', 1, ''),
(326, '', 'South Korea', 1, ''),
(327, '', 'South Sudan', 1, ''),
(328, '', 'Spain', 1, ''),
(329, '', 'Sri Lanka', 1, ''),
(330, '', 'Sudan', 1, ''),
(331, '', 'Suriname', 1, ''),
(332, '', 'Swaziland', 1, ''),
(333, '', 'Sweden', 1, ''),
(334, '', 'Switzerland', 1, ''),
(335, '', 'Syria', 1, ''),
(336, '', 'Taiwan', 1, ''),
(337, '', 'Tajikistan', 1, ''),
(338, '', 'Tanzania', 1, ''),
(339, '', 'Thailand', 1, ''),
(340, '', 'Timor-Leste', 1, ''),
(341, '', 'Togo', 1, ''),
(342, '', 'Tonga', 1, ''),
(343, '', 'Trinidad and Tobago', 1, ''),
(344, '', 'Tunisia', 1, ''),
(345, '', 'Turkey', 1, ''),
(346, '', 'Turkmenistan', 1, ''),
(347, '', 'Tuvalu', 1, ''),
(348, '', 'Uganda', 1, ''),
(349, '', 'Ukraine', 1, ''),
(350, '', '1. United Arab Emirates', 1, ''),
(351, '', 'United Kingdom', 1, ''),
(352, '', 'United States of America', 1, ''),
(353, '', 'Uruguay', 1, ''),
(354, '', 'Uzbekistan', 1, ''),
(355, '', 'Vanuatu', 1, ''),
(356, '', 'Vatican City', 1, ''),
(357, '', 'Venezuela', 1, ''),
(358, '', 'Vietnam', 1, ''),
(359, '', 'Yemen', 1, ''),
(360, '', 'Zambia', 1, ''),
(361, '', 'Zimbabwe', 1, ''),
(369, '', 'Sudan', 1, ''),
(377, '', 'Open', 1, ''),
(375, '', 'Any', 1, '');

-- --------------------------------------------------------

--
-- Table structure for table `pms_courses`
--

CREATE TABLE `pms_courses` (
  `course_id` bigint NOT NULL,
  `course_name` varchar(200) NOT NULL,
  `course_details` longtext NOT NULL,
  `level_study` bigint NOT NULL,
  `mode_id` bigint NOT NULL,
  `qualification` text NOT NULL,
  `location` varchar(100) NOT NULL,
  `duration` bigint NOT NULL,
  `start_date` date NOT NULL,
  `inquiry` longtext NOT NULL,
  `by_distance` varchar(2) NOT NULL DEFAULT '0',
  `international` int NOT NULL DEFAULT '0',
  `course_info_attach` varchar(100) DEFAULT NULL,
  `course_video` longtext NOT NULL,
  `career_course` longtext NOT NULL,
  `course_facility` longtext NOT NULL,
  `staff_details` longtext NOT NULL,
  `course_structure` longtext NOT NULL,
  `course_fee` longtext NOT NULL,
  `semester_fee` float(10,2) NOT NULL,
  `admin_requirements` longtext NOT NULL,
  `assessment` longtext NOT NULL,
  `course_points` double(5,2) NOT NULL
) ENGINE=InnoDB DEFAULT CHARSET=latin1;

--
-- Dumping data for table `pms_courses`
--

INSERT INTO `pms_courses` (`course_id`, `course_name`, `course_details`, `level_study`, `mode_id`, `qualification`, `location`, `duration`, `start_date`, `inquiry`, `by_distance`, `international`, `course_info_attach`, `course_video`, `career_course`, `course_facility`, `staff_details`, `course_structure`, `course_fee`, `semester_fee`, `admin_requirements`, `assessment`, `course_points`) VALUES
(595, 'Computer Science', '', 14, 1, '', 'Kottayam', 3, '0000-00-00', '', 'No', 1, '', '', '', '', '', '', '', 0.00, '', '', 0.00),
(596, 'Secondary School Leaving Certificate', '', 12, 1, '', 'Thiruvananthapuram', 0, '0000-00-00', '', 'No', 1, '', '', '', '', '', '', '', 0.00, '', '', 0.00),
(600, 'Board of  Secondary School', '', 13, 1, '', '', 0, '0000-00-00', '', 'No', 1, '', '', '', '', '', '', '', 0.00, '', '', 0.00),
(601, 'Board of higher  Secondary', '', 12, 1, '', '', 0, '0000-00-00', '', 'No', 1, '', '', '', '', '', '', '', 0.00, '', '', 0.00),
(602, 'Tourism Administration', '', 10, 1, '', '', 0, '0000-00-00', '', 'No', 1, '', '', '', '', '', '', '', 0.00, '', '', 0.00),
(603, 'Central Board of Secondary Education', '', 12, 1, '', '', 0, '0000-00-00', '', 'No', 1, '', '', '', '', '', '', '', 0.00, '', '', 0.00),
(604, 'Pharmacy', '', 10, 1, '', '', 0, '0000-00-00', '', 'No', 1, '', '', '', '', '', '', '', 0.00, '', '', 0.00),
(605, 'Arts (ENGLISH)', '', 10, 1, '', '', 0, '0000-00-00', '', 'No', 1, '', '', '', '', '', '', '', 0.00, '', '', 0.00),
(608, 'Science (Electronics)', '', 10, 1, '', '', 0, '0000-00-00', '', 'No', 1, '', '', '', '', '', '', '', 0.00, '', '', 0.00),
(610, 'Engineering(Electronics and Communications)', '', 10, 1, '', '', 0, '0000-00-00', '', 'No', 1, '', '', '', '', '', '', '', 0.00, '', '', 0.00),
(614, 'General Nursing', '', 14, 1, '', '', 0, '0000-00-00', '', 'No', 1, '', '', '', '', '', '', '', 0.00, '', '', 0.00),
(616, 'Molecular Medical Microbilogy', '', 10, 0, '', '', 0, '0000-00-00', '', 'No', 1, '', '', '', '', '', '', '', 0.00, '', '', 0.00),
(617, 'International Masters of Science ( chemistry)', '', 10, 1, '', '', 0, '0000-00-00', '', 'No', 1, '', '', '', '', '', '', '', 0.00, '', '', 0.00),
(619, 'Automobile Engineering', '', 14, 0, '', '', 0, '0000-00-00', '', 'No', 1, '', '', '', '', '', '', '', 0.00, '', '', 0.00),
(622, 'Master of Business Double Specialisation', '', 10, 1, '', '', 0, '0000-00-00', '', 'No', 1, '', '', '', '', '', '', '', 0.00, '', '', 0.00),
(624, 'Master of Engineering(Professional)', '', 10, 1, '', '', 0, '0000-00-00', '', 'No', 1, '', '', '', '', '', '', '', 0.00, '', '', 0.00),
(625, 'Diploma in Hospitality Management', '', 14, 1, '', '', 0, '0000-00-00', '', 'No', 1, '', '', '', '', '', '', '', 0.00, '', '', 0.00),
(626, 'Diploma in Human Resource Management', '', 14, 1, '', '', 0, '0000-00-00', '', 'No', 1, '', '', '', '', '', '', '', 0.00, '', '', 0.00),
(630, 'Diploma in Nursing', '', 14, 1, '', '', 0, '0000-00-00', '', 'No', 1, '', '', '', '', '', '', '', 0.00, '', '', 0.00),
(634, 'master in biotechnology', '', 10, 0, '', '', 0, '0000-00-00', '', 'No', 1, '', '', '', '', '', '', '', 0.00, '', '', 0.00),
(635, 'Social Work', '', 14, 0, '', '', 0, '0000-00-00', '', '0', 1, NULL, '', '', '', '', '', '', 0.00, '', '', 0.00),
(638, 'Nursing', '', 10, 0, '', '', 0, '0000-00-00', '', '0', 1, NULL, '', '', '', '', '', '', 0.00, '', '', 0.00),
(641, 'Science', '', 10, 0, '', '', 0, '0000-00-00', '', '0', 1, NULL, '', '', '', '', '', '', 0.00, '', '', 0.00),
(642, 'Under Graduate', '', 14, 0, '', '', 0, '0000-00-00', '', '0', 1, NULL, '', '', '', '', '', '', 0.00, '', '', 0.00),
(644, 'Business Administration', '', 10, 0, '', '', 0, '0000-00-00', '', '0', 1, NULL, '', '', '', '', '', '', 0.00, '', '', 0.00),
(648, 'Higher Secondary Examination', '', 12, 0, '', '', 0, '0000-00-00', '', '0', 1, NULL, '', '', '', '', '', '', 0.00, '', '', 0.00),
(650, 'Education', '', 10, 0, '', '', 0, '0000-00-00', '', '0', 1, NULL, '', '', '', '', '', '', 0.00, '', '', 0.00),
(651, 'Hospitality Management', '', 14, 0, '', '', 0, '0000-00-00', '', '0', 1, NULL, '', '', '', '', '', '', 0.00, '', '', 0.00),
(653, 'Computer Application', '', 10, 0, '', '', 0, '0000-00-00', '', '0', 1, NULL, '', '', '', '', '', '', 0.00, '', '', 0.00),
(654, 'Engineering Science', '', 10, 0, '', '', 0, '0000-00-00', '', '0', 1, NULL, '', '', '', '', '', '', 0.00, '', '', 0.00),
(661, 'Pham D', '', 10, 0, '', '', 0, '0000-00-00', '', '0', 1, NULL, '', '', '', '', '', '', 0.00, '', '', 0.00),
(662, 'Post Graduate', '', 14, 0, '', '', 0, '0000-00-00', '', '0', 1, NULL, '', '', '', '', '', '', 0.00, '', '', 0.00),
(669, 'Engineering (Honours) (Mechanical)', '', 14, 0, '', '', 0, '0000-00-00', '', '0', 1, NULL, '', '', '', '', '', '', 0.00, '', '', 0.00),
(670, 'Business Administration (Human Resource Management)', '', 10, 0, '', '', 0, '0000-00-00', '', '0', 1, NULL, '', '', '', '', '', '', 0.00, '', '', 0.00),
(672, 'Biotechnology', '', 10, 0, '', '', 0, '0000-00-00', '', '0', 1, NULL, '', '', '', '', '', '', 0.00, '', '', 0.00),
(673, 'Science (Biotechnology)', '', 10, 0, '', '', 0, '0000-00-00', '', '0', 1, NULL, '', '', '', '', '', '', 0.00, '', '', 0.00),
(674, 'Business Administration (Finance)', '', 10, 0, '', '', 0, '0000-00-00', '', '0', 1, NULL, '', '', '', '', '', '', 0.00, '', '', 0.00),
(676, 'Senior school leaving certificate', '', 12, 0, '', '', 0, '0000-00-00', '', '0', 1, NULL, '', '', '', '', '', '', 0.00, '', '', 0.00),
(677, 'Diploma Programs', '', 14, 0, '', '', 0, '0000-00-00', '', '0', 1, NULL, '', '', '', '', '', '', 0.00, '', '', 0.00),
(678, 'Business Administration (MBA)', '', 10, 0, '', '', 0, '0000-00-00', '', '0', 1, NULL, '', '', '', '', '', '', 0.00, '', '', 0.00),
(686, 'Science and Management', '', 10, 0, '', '', 0, '0000-00-00', '', '0', 1, NULL, '', '', '', '', '', '', 0.00, '', '', 0.00),
(689, 'Engineering (Electrical)', '', 10, 0, '', '', 0, '0000-00-00', '', '0', 1, NULL, '', '', '', '', '', '', 0.00, '', '', 0.00),
(690, 'Social Investment and Philanthropy', '', 10, 0, '', '', 0, '0000-00-00', '', '0', 1, NULL, '', '', '', '', '', '', 0.00, '', '', 0.00),
(691, 'Engineering (Professional)', '', 10, 0, '', '', 0, '0000-00-00', '', '0', 1, NULL, '', '', '', '', '', '', 0.00, '', '', 0.00),
(692, 'Laws', '', 10, 0, '', '', 0, '0000-00-00', '', '0', 1, NULL, '', '', '', '', '', '', 0.00, '', '', 0.00),
(693, 'Social Work (Professional Qualifying)', '', 10, 0, '', '', 0, '0000-00-00', '', '0', 1, NULL, '', '', '', '', '', '', 0.00, '', '', 0.00),
(697, 'Information Science (Information Management)', '', 10, 0, '', '', 0, '0000-00-00', '', '0', 1, NULL, '', '', '', '', '', '', 0.00, '', '', 0.00),
(700, 'Electronics and Communications Engineering', '', 10, 0, '', '', 0, '0000-00-00', '', '0', 1, NULL, '', '', '', '', '', '', 0.00, '', '', 0.00),
(701, 'Management- Human Resource Management', '', 10, 0, '', '', 0, '0000-00-00', '', '0', 1, NULL, '', '', '', '', '', '', 0.00, '', '', 0.00),
(703, 'Engineering Management', '', 10, 0, '', '', 0, '0000-00-00', '', '0', 1, NULL, '', '', '', '', '', '', 0.00, '', '', 0.00),
(704, 'Business (International Business)', '', 10, 0, '', '', 0, '0000-00-00', '', '0', 1, NULL, '', '', '', '', '', '', 0.00, '', '', 0.00),
(705, 'Grad  Information Technology', '', 14, 0, '', '', 0, '0000-00-00', '', '0', 1, NULL, '', '', '', '', '', '', 0.00, '', '', 0.00),
(706, 'Computer Science (Software Engineering)', '', 10, 0, '', '', 0, '0000-00-00', '', '0', 1, NULL, '', '', '', '', '', '', 0.00, '', '', 0.00),
(709, 'Physiotherapy Practice', '', 10, 0, '', '', 0, '0000-00-00', '', '0', 1, NULL, '', '', '', '', '', '', 0.00, '', '', 0.00),
(710, 'Engineering (Computer)', '', 10, 0, '', '', 0, '0000-00-00', '', '0', 1, NULL, '', '', '', '', '', '', 0.00, '', '', 0.00),
(713, 'Arts (Media and Communications)', '', 10, 0, '', '', 0, '0000-00-00', '', '0', 1, NULL, '', '', '', '', '', '', 0.00, '', '', 0.00),
(720, 'Business Administration (Entrepreneurship)', '', 10, 0, '', '', 0, '0000-00-00', '', '0', 1, NULL, '', '', '', '', '', '', 0.00, '', '', 0.00),
(749, 'Hotel Management', '', 10, 1, '', '', 0, '0000-00-00', '', 'No', 1, '', '', '', '', '', '', '', 0.00, '', '', 0.00),
(970, 'creative industries', '', 10, 1, '', '', 0, '0000-00-00', '', 'No', 1, '', '', '', '', '', '', '', 0.00, '', '', 0.00),
(1114, 'Gneral Nursing ', '', 14, 1, '', '', 0, '0000-00-00', '', 'No', 1, '', '', '', '', '', '', '', 0.00, '', '', 0.00),
(1117, 'Biology Science', '', 12, 1, '', '', 0, '0000-00-00', '', 'No', 1, '', '', '', '', '', '', '', 0.00, '', '', 0.00),
(1118, 'Commerce', '', 12, 1, '', '', 0, '0000-00-00', '', 'No', 1, '', '', '', '', '', '', '', 0.00, '', '', 0.00),
(1119, 'Biology Maths', '', 12, 1, '', '', 0, '0000-00-00', '', '0', 1, '', '', '', '', '', '', '', 0.00, '', '', 0.00),
(1120, 'Computer Science ', '', 12, 1, '', '', 0, '0000-00-00', '', 'No', 1, '', '', '', '', '', '', '', 0.00, '', '', 0.00),
(1134, 'test education', '', 14, 0, '', '', 0, '0000-00-00', '', '0', 0, NULL, '', '', '', '', '', '', 0.00, '', '', 0.00),
(1135, 'asdsadasd', '', 12, 0, '', '', 0, '0000-00-00', '', '0', 0, NULL, '', '', '', '', '', '', 0.00, '', '', 0.00),
(1138, 'sfdsd', '', 13, 0, '', '', 0, '0000-00-00', '', '0', 0, NULL, '', '', '', '', '', '', 0.00, '', '', 0.00),
(1140, 'test', '', 10, 0, '', '', 0, '0000-00-00', '', '0', 0, NULL, '', '', '', '', '', '', 0.00, '', '', 0.00),
(1141, '23424', '', 14, 0, '', '', 0, '0000-00-00', '', '0', 0, NULL, '', '', '', '', '', '', 0.00, '', '', 0.00),
(1142, 'Test from listing course', '', 10, 0, '', '', 0, '0000-00-00', '', '0', 0, NULL, '', '', '', '', '', '', 0.00, '', '', 0.00),
(1143, 'SSLC', '', 12, 0, '', '', 0, '0000-00-00', '', '0', 0, NULL, '', '', '', '', '', '', 0.00, '', '', 0.00),
(1144, 'sdfsfdstestet', '', 12, 0, '', '', 0, '0000-00-00', '', '0', 0, NULL, '', '', '', '', '', '', 0.00, '', '', 0.00),
(1145, 'test 987979789', '', 14, 0, '', '', 0, '0000-00-00', '', '0', 0, NULL, '', '', '', '', '', '', 0.00, '', '', 0.00),
(1148, 'diplomar test', '', 14, 0, '', '', 0, '0000-00-00', '', '0', 0, NULL, '', '', '', '', '', '', 0.00, '', '', 0.00),
(1150, '76876887', '', 14, 0, '', '', 0, '0000-00-00', '', '0', 0, NULL, '', '', '', '', '', '', 0.00, '', '', 0.00),
(1151, 'asd', '', 0, 0, '', '', 0, '0000-00-00', '', '0', 0, NULL, '', '', '', '', '', '', 0.00, '', '', 0.00),
(1152, 'Test course', '', 12, 0, '', '', 0, '0000-00-00', '', '0', 0, NULL, '', '', '', '', '', '', 0.00, '', '', 0.00),
(1153, 'skdjhfskdjfhkdsjh', '', 12, 0, '', '', 0, '0000-00-00', '', '0', 0, NULL, '', '', '', '', '', '', 0.00, '', '', 0.00),
(1154, 'asdasd', '', 12, 0, '', '', 0, '0000-00-00', '', '0', 0, NULL, '', '', '', '', '', '', 0.00, '', '', 0.00),
(1158, 'IT', '', 10, 0, '', '', 0, '0000-00-00', '', '0', 0, NULL, '', '', '', '', '', '', 0.00, '', '', 0.00),
(1159, 'MCA', '', 10, 0, '', '', 0, '0000-00-00', '', '0', 0, NULL, '', '', '', '', '', '', 0.00, '', '', 0.00),
(1160, 'MBA', '', 10, 0, '', '', 0, '0000-00-00', '', '0', 0, NULL, '', '', '', '', '', '', 0.00, '', '', 0.00),
(1161, 'asdsa', '', 14, 0, '', '', 0, '0000-00-00', '', '0', 0, NULL, '', '', '', '', '', '', 0.00, '', '', 0.00),
(1170, 'computer', '', 0, 0, '', '', 0, '0000-00-00', '', '0', 0, NULL, '', '', '', '', '', '', 0.00, '', '', 0.00),
(1171, 'computer', '', 10, 0, '', '', 0, '0000-00-00', '', '0', 0, NULL, '', '', '', '', '', '', 0.00, '', '', 0.00),
(1172, 'physica', '', 12, 0, '', '', 0, '0000-00-00', '', '0', 0, NULL, '', '', '', '', '', '', 0.00, '', '', 0.00),
(1173, 'MBA Finance', '', 10, 0, '', '', 0, '0000-00-00', '', '0', 0, NULL, '', '', '', '', '', '', 0.00, '', '', 0.00),
(1178, 'Diploma in CS', '', 14, 0, '', '', 0, '0000-00-00', '', '0', 0, NULL, '', '', '', '', '', '', 0.00, '', '', 0.00),
(1182, 'MA, Econ', '', 10, 0, '', '', 0, '0000-00-00', '', '0', 0, NULL, '', '', '', '', '', '', 0.00, '', '', 0.00),
(1187, 'MSC', '', 10, 0, '', '', 0, '0000-00-00', '', '0', 0, NULL, '', '', '', '', '', '', 0.00, '', '', 0.00),
(1188, 'Diploma', '', 14, 0, '', '', 0, '0000-00-00', '', '0', 0, NULL, '', '', '', '', '', '', 0.00, '', '', 0.00),
(1190, 'MSC CS', '', 10, 0, '', '', 0, '0000-00-00', '', '0', 0, NULL, '', '', '', '', '', '', 0.00, '', '', 0.00),
(1192, 'ME CS', '', 10, 0, '', '', 0, '0000-00-00', '', '0', 0, NULL, '', '', '', '', '', '', 0.00, '', '', 0.00),
(1194, 'M-Tech', '', 10, 0, '', '', 0, '0000-00-00', '', '0', 0, NULL, '', '', '', '', '', '', 0.00, '', '', 0.00),
(1195, 'B-Tech', '', 10, 0, '', '', 0, '0000-00-00', '', '0', 0, NULL, '', '', '', '', '', '', 0.00, '', '', 0.00),
(1196, 'MBA (HRM)', '', 10, 0, '', '', 0, '0000-00-00', '', '0', 0, NULL, '', '', '', '', '', '', 0.00, '', '', 0.00),
(1197, 'MBA (Operations, Marketing)', '', 10, 0, '', '', 0, '0000-00-00', '', '0', 0, NULL, '', '', '', '', '', '', 0.00, '', '', 0.00),
(1198, 'MBA (Marketing)', '', 10, 0, '', '', 0, '0000-00-00', '', '0', 0, NULL, '', '', '', '', '', '', 0.00, '', '', 0.00),
(1199, 'MBA(Human Resource and Marketing.)', '', 10, 0, '', '', 0, '0000-00-00', '', '0', 0, NULL, '', '', '', '', '', '', 0.00, '', '', 0.00),
(1200, 'M.B.A (Marketing & HR)', '', 10, 0, '', '', 0, '0000-00-00', '', '0', 0, NULL, '', '', '', '', '', '', 0.00, '', '', 0.00),
(1201, 'MHRM', '', 10, 0, '', '', 0, '0000-00-00', '', '0', 0, NULL, '', '', '', '', '', '', 0.00, '', '', 0.00),
(1202, ' MBA(HR& Marketing)', '', 10, 0, '', '', 0, '0000-00-00', '', '0', 0, NULL, '', '', '', '', '', '', 0.00, '', '', 0.00),
(1203, 'MBA ( HR & MARKETING)', '', 10, 0, '', '', 0, '0000-00-00', '', '0', 0, NULL, '', '', '', '', '', '', 0.00, '', '', 0.00),
(1204, 'MBA [HR, Marketing]', '', 10, 0, '', '', 0, '0000-00-00', '', '0', 0, NULL, '', '', '', '', '', '', 0.00, '', '', 0.00),
(1205, 'MBA(Business Administration )', '', 10, 0, '', '', 0, '0000-00-00', '', '0', 0, NULL, '', '', '', '', '', '', 0.00, '', '', 0.00),
(1206, 'MBA [HR-MARKETING]   ', '', 10, 0, '', '', 0, '0000-00-00', '', '0', 0, NULL, '', '', '', '', '', '', 0.00, '', '', 0.00),
(1207, 'MBA(HR & Marketing)', '', 10, 0, '', '', 0, '0000-00-00', '', '0', 0, NULL, '', '', '', '', '', '', 0.00, '', '', 0.00),
(1208, 'MBA (HR&FIN)', '', 10, 0, '', '', 0, '0000-00-00', '', '0', 0, NULL, '', '', '', '', '', '', 0.00, '', '', 0.00),
(1211, 'MBA(Marketing and Finance )', '', 10, 0, '', '', 0, '0000-00-00', '', '0', 0, NULL, '', '', '', '', '', '', 0.00, '', '', 0.00),
(1213, 'PGDM  (Systems & Operations)', '', 10, 0, '', '', 0, '0000-00-00', '', '0', 0, NULL, '', '', '', '', '', '', 0.00, '', '', 0.00),
(1214, 'POST GRADUATE DIPLOMA IN E-GOVERANANCE ', '', 10, 0, '', '', 0, '0000-00-00', '', '0', 0, NULL, '', '', '', '', '', '', 0.00, '', '', 0.00),
(1215, 'Masters of Computer Application (Distance Mode) ', '', 10, 0, '', '', 0, '0000-00-00', '', '0', 0, NULL, '', '', '', '', '', '', 0.00, '', '', 0.00),
(1216, ' MBA', '', 10, 0, '', '', 0, '0000-00-00', '', '0', 0, NULL, '', '', '', '', '', '', 0.00, '', '', 0.00),
(1217, 'MBA (Finance and Marketing)', '', 10, 0, '', '', 0, '0000-00-00', '', '0', 0, NULL, '', '', '', '', '', '', 0.00, '', '', 0.00),
(1218, 'MBA (HR with Marketing) ', '', 10, 0, '', '', 0, '0000-00-00', '', '0', 0, NULL, '', '', '', '', '', '', 0.00, '', '', 0.00),
(1219, 'MBA  (HR& Marketing ) ', '', 10, 0, '', '', 0, '0000-00-00', '', '0', 0, NULL, '', '', '', '', '', '', 0.00, '', '', 0.00),
(1220, 'MBA (Master of Business Administration)', '', 10, 0, '', '', 0, '0000-00-00', '', '0', 0, NULL, '', '', '', '', '', '', 0.00, '', '', 0.00),
(1222, 'MBA(HR,marketing) ', '', 10, 0, '', '', 0, '0000-00-00', '', '0', 0, NULL, '', '', '', '', '', '', 0.00, '', '', 0.00),
(1224, 'Master of Business Administration in marketing and HR', '', 10, 0, '', '', 0, '0000-00-00', '', '0', 0, NULL, '', '', '', '', '', '', 0.00, '', '', 0.00),
(1225, 'MA', '', 10, 0, '', '', 0, '0000-00-00', '', '0', 0, NULL, '', '', '', '', '', '', 0.00, '', '', 0.00),
(1226, 'MSW HR', '', 10, 0, '', '', 0, '0000-00-00', '', '0', 0, NULL, '', '', '', '', '', '', 0.00, '', '', 0.00),
(1227, 'MBA-HR & MARKETING ', '', 10, 0, '', '', 0, '0000-00-00', '', '0', 0, NULL, '', '', '', '', '', '', 0.00, '', '', 0.00),
(1229, ' MBA (HR &Marketing', '', 10, 0, '', '', 0, '0000-00-00', '', '0', 0, NULL, '', '', '', '', '', '', 0.00, '', '', 0.00),
(1232, 'PGDM', '', 10, 0, '', '', 0, '0000-00-00', '', '0', 0, NULL, '', '', '', '', '', '', 0.00, '', '', 0.00),
(1233, 'Master of Internation al Business', '', 10, 0, '', '', 0, '0000-00-00', '', '0', 0, NULL, '', '', '', '', '', '', 0.00, '', '', 0.00),
(1234, 'MBA(marketing & logistics) ', '', 10, 0, '', '', 0, '0000-00-00', '', '0', 0, NULL, '', '', '', '', '', '', 0.00, '', '', 0.00),
(1235, 'Master of Business Administration ', '', 10, 0, '', '', 0, '0000-00-00', '', '0', 0, NULL, '', '', '', '', '', '', 0.00, '', '', 0.00),
(1236, 'Masters of Business Administration ', '', 10, 0, '', '', 0, '0000-00-00', '', '0', 0, NULL, '', '', '', '', '', '', 0.00, '', '', 0.00),
(1237, 'M.Com', '', 10, 0, '', '', 0, '0000-00-00', '', '0', 0, NULL, '', '', '', '', '', '', 0.00, '', '', 0.00),
(1238, ' M.B.A (Finance & HR)', '', 10, 0, '', '', 0, '0000-00-00', '', '0', 0, NULL, '', '', '', '', '', '', 0.00, '', '', 0.00),
(1241, 'MBA(FINANCE)', '', 10, 0, '', '', 0, '0000-00-00', '', '0', 0, NULL, '', '', '', '', '', '', 0.00, '', '', 0.00),
(1244, 'Msc Psychology HRDM', '', 10, 0, '', '', 0, '0000-00-00', '', '0', 0, NULL, '', '', '', '', '', '', 0.00, '', '', 0.00),
(1245, 'MBA - Human Resource Management and  Finance ', '', 10, 0, '', '', 0, '0000-00-00', '', '0', 0, NULL, '', '', '', '', '', '', 0.00, '', '', 0.00),
(1246, 'MBA (MARKETING AND FINANCE)', '', 10, 0, '', '', 0, '0000-00-00', '', '0', 0, NULL, '', '', '', '', '', '', 0.00, '', '', 0.00),
(1249, 'economics', '', 10, 0, '', '', 0, '0000-00-00', '', '0', 0, NULL, '', '', '', '', '', '', 0.00, '', '', 0.00),
(1258, 'Diploma in Computer Engineering', '', 14, 0, '', '', 0, '0000-00-00', '', '0', 0, NULL, '', '', '', '', '', '', 0.00, '', '', 0.00),
(1260, ' M Sc. Software Systems (Integrated)', '', 10, 0, '', '', 0, '0000-00-00', '', '0', 0, NULL, '', '', '', '', '', '', 0.00, '', '', 0.00),
(1262, 'DEPLOMA IN COMPUTER ENGINEERING', '', 14, 0, '', '', 0, '0000-00-00', '', '0', 0, NULL, '', '', '', '', '', '', 0.00, '', '', 0.00),
(1264, ' Diploma in Computer Engineering ', '', 14, 0, '', '', 0, '0000-00-00', '', '0', 0, NULL, '', '', '', '', '', '', 0.00, '', '', 0.00),
(1265, 'DIPLOMA (computer engg)', '', 14, 0, '', '', 0, '0000-00-00', '', '0', 0, NULL, '', '', '', '', '', '', 0.00, '', '', 0.00),
(1267, 'Embedded Systems', '', 10, 0, '', '', 0, '0000-00-00', '', '0', 0, NULL, '', '', '', '', '', '', 0.00, '', '', 0.00),
(1269, 'DIPLOMA ( Computer Engineering)', '', 14, 0, '', '', 0, '0000-00-00', '', '0', 0, NULL, '', '', '', '', '', '', 0.00, '', '', 0.00),
(1273, 'Diploma in Computer Science', '', 14, 0, '', '', 0, '0000-00-00', '', '0', 0, NULL, '', '', '', '', '', '', 0.00, '', '', 0.00),
(1277, 'DIPLOMA IN MECHANICAL ENGINEERING   ', '', 14, 0, '', '', 0, '0000-00-00', '', '0', 0, NULL, '', '', '', '', '', '', 0.00, '', '', 0.00),
(1279, 'SE', '', 14, 0, '', '', 0, '0000-00-00', '', '0', 0, NULL, '', '', '', '', '', '', 0.00, '', '', 0.00),
(1285, 'M.Sc.Maths', '', 10, 0, '', '', 0, '0000-00-00', '', '0', 0, NULL, '', '', '', '', '', '', 0.00, '', '', 0.00),
(1286, 'MBA(HR & Finance)', '', 10, 0, '', '', 0, '0000-00-00', '', '0', 0, NULL, '', '', '', '', '', '', 0.00, '', '', 0.00),
(1289, 'MSC bioinformatics', '', 10, 0, '', '', 0, '0000-00-00', '', '0', 0, NULL, '', '', '', '', '', '', 0.00, '', '', 0.00),
(1291, 'Master of Commerce in Finance/Accounts', '', 10, 0, '', '', 0, '0000-00-00', '', '0', 0, NULL, '', '', '', '', '', '', 0.00, '', '', 0.00),
(1292, 'CS', '', 14, 0, '', '', 0, '0000-00-00', '', '0', 0, NULL, '', '', '', '', '', '', 0.00, '', '', 0.00),
(1293, 'Global Business Management ', '', 10, 0, '', '', 0, '0000-00-00', '', '0', 0, NULL, '', '', '', '', '', '', 0.00, '', '', 0.00),
(1294, 'CCNA, CCNP & MCSE', '', 14, 0, '', '', 0, '0000-00-00', '', '0', 0, NULL, '', '', '', '', '', '', 0.00, '', '', 0.00),
(1296, 'Diploma in Computer Technology   ', '', 14, 0, '', '', 0, '0000-00-00', '', '0', 0, NULL, '', '', '', '', '', '', 0.00, '', '', 0.00),
(1298, 'Diploma in Hotel Management ', '', 14, 0, '', '', 0, '0000-00-00', '', '0', 0, NULL, '', '', '', '', '', '', 0.00, '', '', 0.00),
(1300, 'M.B.A', '', 10, 0, '', '', 0, '0000-00-00', '', '0', 0, NULL, '', '', '', '', '', '', 0.00, '', '', 0.00),
(1303, 'Diploma in Computer Hardware Maintenance                             ', '', 14, 0, '', '', 0, '0000-00-00', '', '0', 0, NULL, '', '', '', '', '', '', 0.00, '', '', 0.00),
(1307, 'DIPOMA', '', 14, 0, '', '', 0, '0000-00-00', '', '0', 0, NULL, '', '', '', '', '', '', 0.00, '', '', 0.00),
(1308, 'MBA in Dual Specialization(Health care and services,HR )', '', 10, 0, '', '', 0, '0000-00-00', '', '0', 0, NULL, '', '', '', '', '', '', 0.00, '', '', 0.00),
(1310, 'M.Sc. CS', '', 10, 0, '', '', 0, '0000-00-00', '', '0', 0, NULL, '', '', '', '', '', '', 0.00, '', '', 0.00),
(1312, 'MBA in Marketing and Operations ', '', 10, 0, '', '', 0, '0000-00-00', '', '0', 0, NULL, '', '', '', '', '', '', 0.00, '', '', 0.00),
(1313, 'Airline Customer Service and Airport Ground Crew Management ', '', 14, 0, '', '', 0, '0000-00-00', '', '0', 0, NULL, '', '', '', '', '', '', 0.00, '', '', 0.00),
(1314, 'MBA (HRM &amp; Marketing)', '', 10, 0, '', '', 0, '0000-00-00', '', '0', 0, NULL, '', '', '', '', '', '', 0.00, '', '', 0.00),
(1315, 'Master of Human Resource Management', '', 10, 0, '', '', 0, '0000-00-00', '', '0', 0, NULL, '', '', '', '', '', '', 0.00, '', '', 0.00),
(1316, 'MBA (Human Resources)', '', 10, 0, '', '', 0, '0000-00-00', '', '0', 0, NULL, '', '', '', '', '', '', 0.00, '', '', 0.00),
(1317, 'Postgraduate Diploma in Human Resources ', '', 10, 0, '', '', 0, '0000-00-00', '', '0', 0, NULL, '', '', '', '', '', '', 0.00, '', '', 0.00),
(1318, 'MBA in HR', '', 10, 0, '', '', 0, '0000-00-00', '', '0', 0, NULL, '', '', '', '', '', '', 0.00, '', '', 0.00),
(1319, 'MBA in HR Management ', '', 10, 0, '', '', 0, '0000-00-00', '', '0', 0, NULL, '', '', '', '', '', '', 0.00, '', '', 0.00),
(1320, 'MBA- HR,Operations', '', 10, 0, '', '', 0, '0000-00-00', '', '0', 0, NULL, '', '', '', '', '', '', 0.00, '', '', 0.00),
(1321, 'PGDBA in Administation', '', 10, 0, '', '', 0, '0000-00-00', '', '0', 0, NULL, '', '', '', '', '', '', 0.00, '', '', 0.00),
(1322, 'Post Graduate Diploma In Management (HR)', '', 10, 0, '', '', 0, '0000-00-00', '', '0', 0, NULL, '', '', '', '', '', '', 0.00, '', '', 0.00),
(1331, 'M.Tech Wireless Technology', '', 10, 0, '', '', 0, '0000-00-00', '', '0', 0, NULL, '', '', '', '', '', '', 0.00, '', '', 0.00),
(1332, 'MSc Electronics', '', 10, 0, '', '', 0, '0000-00-00', '', '0', 0, NULL, '', '', '', '', '', '', 0.00, '', '', 0.00),
(1336, 'MBA(marketing & operations) ', '', 10, 0, '', '', 0, '0000-00-00', '', '0', 0, NULL, '', '', '', '', '', '', 0.00, '', '', 0.00),
(1337, 'Diploma in fashion technology', '', 14, 0, '', '', 0, '0000-00-00', '', '0', 0, NULL, '', '', '', '', '', '', 0.00, '', '', 0.00),
(1338, 'PGDM (Marketing and Systems)', '', 10, 0, '', '', 0, '0000-00-00', '', '0', 0, NULL, '', '', '', '', '', '', 0.00, '', '', 0.00),
(1339, 'M.Phil', '', 10, 0, '', '', 0, '0000-00-00', '', '0', 0, NULL, '', '', '', '', '', '', 0.00, '', '', 0.00),
(1340, 'Master of Fine Arts ', '', 10, 0, '', '', 0, '0000-00-00', '', '0', 0, NULL, '', '', '', '', '', '', 0.00, '', '', 0.00),
(1341, 'MA Bharatanatyam', '', 10, 0, '', '', 0, '0000-00-00', '', '0', 0, NULL, '', '', '', '', '', '', 0.00, '', '', 0.00),
(1344, 'MBA(Logistics & Shipping)', '', 10, 0, '', '', 0, '0000-00-00', '', '0', 0, NULL, '', '', '', '', '', '', 0.00, '', '', 0.00),
(1346, 'MA English', '', 10, 0, '', '', 0, '0000-00-00', '', '0', 0, NULL, '', '', '', '', '', '', 0.00, '', '', 0.00),
(1350, 'M.Com.', '', 10, 0, '', '', 0, '0000-00-00', '', '0', 0, NULL, '', '', '', '', '', '', 0.00, '', '', 0.00),
(1351, 'M.Com Finance', '', 10, 0, '', '', 0, '0000-00-00', '', '0', 0, NULL, '', '', '', '', '', '', 0.00, '', '', 0.00),
(1353, 'MBA (Systems & Marketing)', '', 10, 0, '', '', 0, '0000-00-00', '', '0', 0, NULL, '', '', '', '', '', '', 0.00, '', '', 0.00),
(1355, 'Mphil. Clinical Psycology', '', 10, 0, '', '', 0, '0000-00-00', '', '0', 0, NULL, '', '', '', '', '', '', 0.00, '', '', 0.00),
(1356, 'MA Psycology', '', 10, 0, '', '', 0, '0000-00-00', '', '0', 0, NULL, '', '', '', '', '', '', 0.00, '', '', 0.00),
(1357, 'Msc Applied psychology', '', 10, 0, '', '', 0, '0000-00-00', '', '0', 0, NULL, '', '', '', '', '', '', 0.00, '', '', 0.00),
(1358, 'MA  PSYCHOLOGY', '', 10, 0, '', '', 0, '0000-00-00', '', '0', 0, NULL, '', '', '', '', '', '', 0.00, '', '', 0.00),
(1359, 'Msc. Microbiology', '', 10, 0, '', '', 0, '0000-00-00', '', '0', 0, NULL, '', '', '', '', '', '', 0.00, '', '', 0.00),
(1360, 'M.Sc.Medical Microbiology ', '', 10, 0, '', '', 0, '0000-00-00', '', '0', 0, NULL, '', '', '', '', '', '', 0.00, '', '', 0.00),
(1362, 'M PHIL MICROBIOLOGY', '', 10, 0, '', '', 0, '0000-00-00', '', '0', 0, NULL, '', '', '', '', '', '', 0.00, '', '', 0.00),
(1363, 'M.sc Microbiology', '', 10, 0, '', '', 0, '0000-00-00', '', '0', 0, NULL, '', '', '', '', '', '', 0.00, '', '', 0.00),
(1365, 'M.Pharmacy in Pharmacology', '', 10, 0, '', '', 0, '0000-00-00', '', '0', 0, NULL, '', '', '', '', '', '', 0.00, '', '', 0.00),
(1369, 'M.Pharm', '', 10, 0, '', '', 0, '0000-00-00', '', '0', 0, NULL, '', '', '', '', '', '', 0.00, '', '', 0.00),
(1372, 'M pharm ', '', 10, 0, '', '', 0, '0000-00-00', '', '0', 0, NULL, '', '', '', '', '', '', 0.00, '', '', 0.00),
(1375, 'D. Pharam ', '', 14, 0, '', '', 0, '0000-00-00', '', '0', 0, NULL, '', '', '', '', '', '', 0.00, '', '', 0.00),
(1381, 'M.Tech CSE', '', 10, 0, '', '', 0, '0000-00-00', '', '0', 0, NULL, '', '', '', '', '', '', 0.00, '', '', 0.00),
(1382, 'Msc Computer Science', '', 10, 0, '', '', 0, '0000-00-00', '', '0', 0, NULL, '', '', '', '', '', '', 0.00, '', '', 0.00),
(1383, 'PlusTwo', '', 12, 0, '', '', 0, '0000-00-00', '', '0', 0, NULL, '', '', '', '', '', '', 0.00, '', '', 0.00),
(1384, 'MBA Financial Management', '', 10, 0, '', '', 0, '0000-00-00', '', '0', 0, NULL, '', '', '', '', '', '', 0.00, '', '', 0.00),
(1388, 'Digital Marketing', '', 14, 0, '', '', 0, '0000-00-00', '', '0', 0, NULL, '', '', '', '', '', '', 0.00, '', '', 0.00),
(1389, 'MSC', '', 0, 0, '', '', 0, '0000-00-00', '', '0', 0, NULL, '', '', '', '', '', '', 0.00, '', '', 0.00),
(1390, 'BTECH', '', 0, 0, '', '', 0, '0000-00-00', '', '0', 0, NULL, '', '', '', '', '', '', 0.00, '', '', 0.00),
(1391, 'Bca', '', 0, 0, '', '', 0, '0000-00-00', '', '0', 0, NULL, '', '', '', '', '', '', 0.00, '', '', 0.00),
(1392, 'CSE', '', 14, 0, '', '', 0, '0000-00-00', '', '0', 0, NULL, '', '', '', '', '', '', 0.00, '', '', 0.00),
(1395, 'sfsdfsf', '', 10, 0, '', '', 0, '0000-00-00', '', '0', 0, NULL, '', '', '', '', '', '', 0.00, '', '', 0.00),
(1396, 'MBA', '', 17, 0, '', '', 0, '0000-00-00', '', '0', 0, NULL, '', '', '', '', '', '', 0.00, '', '', 0.00),
(1397, 'Bachelor of Fine Arts.', '', 18, 0, '', '', 0, '0000-00-00', '', '0', 0, NULL, '', '', '', '', '', '', 0.00, '', '', 0.00),
(1398, 'B.A. in Mechanical Department.', '', 18, 0, '', '', 0, '0000-00-00', '', '0', 0, NULL, '', '', '', '', '', '', 0.00, '', '', 0.00),
(1399, 'Bachelors', '', 18, 0, '', '', 0, '0000-00-00', '', '0', 0, NULL, '', '', '', '', '', '', 0.00, '', '', 0.00),
(1400, 'BSc.', '', 18, 0, '', '', 0, '0000-00-00', '', '0', 0, NULL, '', '', '', '', '', '', 0.00, '', '', 0.00),
(1401, 'BSc.', '', 18, 0, '', '', 0, '0000-00-00', '', '0', 0, NULL, '', '', '', '', '', '', 0.00, '', '', 0.00),
(1402, 'MBA', '', 17, 0, '', '', 0, '0000-00-00', '', '0', 0, NULL, '', '', '', '', '', '', 0.00, '', '', 0.00),
(1403, 'M.Com', '', 17, 0, '', '', 0, '0000-00-00', '', '0', 0, NULL, '', '', '', '', '', '', 0.00, '', '', 0.00),
(1404, 'MBA', '', 17, 0, '', '', 0, '0000-00-00', '', '0', 0, NULL, '', '', '', '', '', '', 0.00, '', '', 0.00),
(1405, 'Bachelor of Science in Nursing', '', 18, 0, '', '', 0, '0000-00-00', '', '0', 0, NULL, '', '', '', '', '', '', 0.00, '', '', 0.00),
(1406, 'Bachelor of Science in Geology ', '', 18, 0, '', '', 0, '0000-00-00', '', '0', 0, NULL, '', '', '', '', '', '', 0.00, '', '', 0.00),
(1407, 'G.C.S.E', '', 12, 0, '', '', 0, '0000-00-00', '', '0', 0, NULL, '', '', '', '', '', '', 0.00, '', '', 0.00),
(1408, 'MBA Holder in Marketing ', '', 10, 0, '', '', 0, '0000-00-00', '', '0', 0, NULL, '', '', '', '', '', '', 0.00, '', '', 0.00),
(1409, '	MBA-University of Griggs, United States 2010-12', '', 10, 0, '', '', 0, '0000-00-00', '', '0', 0, NULL, '', '', '', '', '', '', 0.00, '', '', 0.00),
(1410, 'Bachelor of Commerce', '', 18, 0, '', '', 0, '0000-00-00', '', '0', 0, NULL, '', '', '', '', '', '', 0.00, '', '', 0.00),
(1411, 'Master of Commerce', '', 17, 0, '', '', 0, '0000-00-00', '', '0', 0, NULL, '', '', '', '', '', '', 0.00, '', '', 0.00),
(1412, 'Bachelor of Business Administration', '', 18, 0, '', '', 0, '0000-00-00', '', '0', 0, NULL, '', '', '', '', '', '', 0.00, '', '', 0.00),
(1413, 'Bachelor of Commerce', '', 18, 0, '', '', 0, '0000-00-00', '', '0', 0, NULL, '', '', '', '', '', '', 0.00, '', '', 0.00),
(1414, 'Master of Science in INTERNATIONAL LOGISTICS AND SUPPLY CHAIN MANAGEMENT', '', 10, 0, '', '', 0, '0000-00-00', '', '0', 0, NULL, '', '', '', '', '', '', 0.00, '', '', 0.00),
(1415, 'Diploma in ship management', '', 10, 0, '', '', 0, '0000-00-00', '', '0', 0, NULL, '', '', '', '', '', '', 0.00, '', '', 0.00),
(1416, 'Bachelor of Commerce', '', 18, 0, '', '', 0, '0000-00-00', '', '0', 0, NULL, '', '', '', '', '', '', 0.00, '', '', 0.00),
(1417, 'Btech', '', 10, 0, '', '', 0, '0000-00-00', '', '0', 0, NULL, '', '', '', '', '', '', 0.00, '', '', 0.00),
(1418, 'B.Sc. Mechanical', '', 10, 0, '', '', 0, '0000-00-00', '', '0', 0, NULL, '', '', '', '', '', '', 0.00, '', '', 0.00),
(1421, 'BCom ( Bachelor of Commerce )', '', 20, 0, '0', '0', 0, '0000-00-00', '', '0', 0, '', '', '', '', '', '', '', 0.00, '', '', 0.00),
(1422, 'BA ( Bachelor of Arts )', '', 20, 0, '0', '0', 0, '0000-00-00', '', '0', 0, '', '', '', '', '', '', '', 0.00, '', '', 0.00),
(1423, 'BSc ( Bachelor of Science )', '', 20, 0, '0', '0', 0, '0000-00-00', '', '0', 0, '', '', '', '', '', '', '', 0.00, '', '', 0.00),
(1424, 'BBA ( Bachelor of Business Administration )', '', 20, 0, '0', '0', 0, '0000-00-00', '', '0', 0, '', '', '', '', '', '', '', 0.00, '', '', 0.00),
(1425, 'BCA ( Bachelor of Computer Application )', '', 20, 0, '0', '0', 0, '0000-00-00', '', '0', 0, '', '', '', '', '', '', '', 0.00, '', '', 0.00),
(1426, 'BE / BTech ( Bachelor of Engineering / Technology )', '', 20, 0, '0', '0', 0, '0000-00-00', '', '0', 0, '', '', '', '', '', '', '', 0.00, '', '', 0.00),
(1427, 'BArch ( Bachelor of Architecture ) ', '', 20, 0, '0', '0', 0, '0000-00-00', '', '0', 0, '', '', '', '', '', '', '', 0.00, '', '', 0.00),
(1428, 'BHM ( Bachelor of Hotel Management )', '', 20, 0, '0', '0', 0, '0000-00-00', '', '0', 0, '', '', '', '', '', '', '', 0.00, '', '', 0.00),
(1429, 'BPharm ( Bachelor of Pharmacy )', '', 20, 0, '0', '0', 0, '0000-00-00', '', '0', 0, '', '', '', '', '', '', '', 0.00, '', '', 0.00),
(1430, 'BVSc ( Bachelor of Veterinary Science )', '', 20, 0, '0', '0', 0, '0000-00-00', '', '0', 0, '', '', '', '', '', '', '', 0.00, '', '', 0.00),
(1431, 'LLB ( Bachelor of Law )', '', 20, 0, '0', '0', 0, '0000-00-00', '', '0', 0, '', '', '', '', '', '', '', 0.00, '', '', 0.00),
(1432, 'BDS ( Bachelor of Dental Surgery ) ', '', 20, 0, '0', '0', 0, '0000-00-00', '', '0', 0, '', '', '', '', '', '', '', 0.00, '', '', 0.00),
(1433, 'MBBS ( Bachelor of Medicine & Bachelor of Surgery )', '', 20, 0, '0', '0', 0, '0000-00-00', '', '0', 0, '', '', '', '', '', '', '', 0.00, '', '', 0.00),
(1434, 'Diploma ', '', 20, 0, '0', '0', 0, '0000-00-00', '', '0', 0, '', '', '', '', '', '', '', 0.00, '', '', 0.00),
(1435, 'CA ( Chartered Accountant ) ', '', 16, 0, '0', '0', 0, '0000-00-00', '', '0', 0, '', '', '', '', '', '', '', 0.00, '', '', 0.00),
(1436, 'CPA ( Chartered Public Accountant )', '', 16, 0, '0', '0', 0, '0000-00-00', '', '0', 0, '', '', '', '', '', '', '', 0.00, '', '', 0.00),
(1437, 'ICWAI ( Institute of Cost and Works Accountants of India ) ', '', 16, 0, '0', '0', 0, '0000-00-00', '', '0', 0, '', '', '', '', '', '', '', 0.00, '', '', 0.00),
(1438, 'CMA ( Certified Management Accountant ) ', '', 16, 0, '0', '0', 0, '0000-00-00', '', '0', 0, '', '', '', '', '', '', '', 0.00, '', '', 0.00),
(1439, 'MCom ( Master of Commerce )', '', 21, 0, '0', '0', 0, '0000-00-00', '', '0', 0, '', '', '', '', '', '', '', 0.00, '', '', 0.00),
(1440, 'MBA ( Master of Business Administration )', '', 21, 0, '0', '0', 0, '0000-00-00', '', '0', 0, '', '', '', '', '', '', '', 0.00, '', '', 0.00),
(1441, 'ME / MTech ( Master of Engineering / Technology )', '', 21, 0, '0', '0', 0, '0000-00-00', '', '0', 0, '', '', '', '', '', '', '', 0.00, '', '', 0.00),
(1442, 'MCA ( Master of Computer Application )', '', 21, 0, '0', '0', 0, '0000-00-00', '', '0', 0, '', '', '', '', '', '', '', 0.00, '', '', 0.00),
(1443, 'MEd ( Master of Education )', '', 21, 0, '0', '0', 0, '0000-00-00', '', '0', 0, '', '', '', '', '', '', '', 0.00, '', '', 0.00),
(1444, 'MSc ( Master of Science )', '', 21, 0, '0', '0', 0, '0000-00-00', '', '0', 0, '', '', '', '', '', '', '', 0.00, '', '', 0.00),
(1445, 'MD ( Doctor of Medicine )', '', 21, 0, '0', '0', 0, '0000-00-00', '', '0', 0, '', '', '', '', '', '', '', 0.00, '', '', 0.00),
(1446, 'CS ( Company Secretary )', '', 16, 0, '0', '0', 0, '0000-00-00', '', '0', 0, '', '', '', '', '', '', '', 0.00, '', '', 0.00),
(1447, 'PMP ( Project Management Professional )', '', 16, 0, '0', '0', 0, '0000-00-00', '', '0', 0, '', '', '', '', '', '', '', 0.00, '', '', 0.00),
(1448, 'CHRP ( Certified Human Resources Professional )', '', 16, 0, '0', '0', 0, '0000-00-00', '', '0', 0, '', '', '', '', '', '', '', 0.00, '', '', 0.00),
(1449, 'Certified Purchasing Professional', '', 16, 0, '0', '0', 0, '0000-00-00', '', '0', 0, '', '', '', '', '', '', '', 0.00, '', '', 0.00),
(1450, 'International Business ', '', 20, 0, '0', '0', 0, '0000-00-00', '', '0', 0, '', '', '', '', '', '', '', 0.00, '', '', 0.00),
(1451, '97897', '', 14, 0, '', '', 0, '0000-00-00', '', '0', 0, NULL, '', '', '', '', '', '', 0.00, '', '', 0.00),
(1452, '56', '', 14, 0, '', '', 0, '0000-00-00', '', '0', 0, NULL, '', '', '', '', '', '', 0.00, '', '', 0.00),
(1453, 'BBA', '', 11, 0, '', '', 0, '0000-00-00', '', '0', 0, NULL, '', '', '', '', '', '', 0.00, '', '', 0.00);

-- --------------------------------------------------------

--
-- Table structure for table `pms_courses_international`
--

CREATE TABLE `pms_courses_international` (
  `course_id` bigint NOT NULL,
  `int_course_id` bigint NOT NULL
) ENGINE=InnoDB DEFAULT CHARSET=utf8mb3 COLLATE=utf8mb3_unicode_ci;

-- --------------------------------------------------------

--
-- Table structure for table `pms_course_specialisation`
--

CREATE TABLE `pms_course_specialisation` (
  `spcl_id` bigint NOT NULL,
  `spcl_name` varchar(200) NOT NULL,
  `course_id` bigint NOT NULL
) ENGINE=InnoDB DEFAULT CHARSET=latin1;

-- --------------------------------------------------------

--
-- Table structure for table `pms_course_sub`
--

CREATE TABLE `pms_course_sub` (
  `course_id` bigint NOT NULL,
  `subject_id` bigint NOT NULL
) ENGINE=InnoDB DEFAULT CHARSET=latin1;

-- --------------------------------------------------------

--
-- Table structure for table `pms_course_type`
--

CREATE TABLE `pms_course_type` (
  `course_type_id` bigint NOT NULL,
  `course_type` varchar(100) NOT NULL
) ENGINE=InnoDB DEFAULT CHARSET=latin1;

--
-- Dumping data for table `pms_course_type`
--

INSERT INTO `pms_course_type` (`course_type_id`, `course_type`) VALUES
(10, 'Distance'),
(11, 'Full Time'),
(12, 'Online'),
(13, 'Broadcast');

-- --------------------------------------------------------

--
-- Table structure for table `pms_course_uni`
--

CREATE TABLE `pms_course_uni` (
  `course_id` bigint NOT NULL,
  `univ_id` bigint NOT NULL
) ENGINE=InnoDB DEFAULT CHARSET=latin1;

-- --------------------------------------------------------

--
-- Table structure for table `pms_curernt_job_status`
--

CREATE TABLE `pms_curernt_job_status` (
  `cur_job_status` bigint NOT NULL,
  `cur_job_status_name` varchar(255) NOT NULL
) ENGINE=InnoDB DEFAULT CHARSET=latin1;

--
-- Dumping data for table `pms_curernt_job_status`
--

INSERT INTO `pms_curernt_job_status` (`cur_job_status`, `cur_job_status_name`) VALUES
(1, 'I am a Fresher, Need Job'),
(2, 'I Need Internship'),
(3, 'Experienced, I can Join Immediately'),
(4, 'Working, But need a change'),
(5, 'Recently Joined in a company '),
(6, 'After 3 Months '),
(7, 'After 6 Months'),
(8, 'After 1 Year');

-- --------------------------------------------------------

--
-- Table structure for table `pms_currency_master`
--

CREATE TABLE `pms_currency_master` (
  `cur_id` bigint NOT NULL,
  `cur_name` varchar(100) NOT NULL,
  `cur_default` int NOT NULL DEFAULT '0',
  `cur_short_name` varchar(4) NOT NULL,
  `conv_rate` float(4,3) NOT NULL DEFAULT '0.000'
) ENGINE=InnoDB DEFAULT CHARSET=latin1;

-- --------------------------------------------------------

--
-- Table structure for table `pms_cur_job_status`
--

CREATE TABLE `pms_cur_job_status` (
  `cur_job_status` bigint NOT NULL,
  `cur_job_status_name` varchar(255) NOT NULL,
  `status` int NOT NULL
) ENGINE=InnoDB DEFAULT CHARSET=latin1;

--
-- Dumping data for table `pms_cur_job_status`
--

INSERT INTO `pms_cur_job_status` (`cur_job_status`, `cur_job_status_name`, `status`) VALUES
(1, 'NOT looking for job currently ', 0),
(5, 'Interested if the opportunity is BETTER', 1),
(6, 'ACTIVELY looking for Job', 1),
(8, 'Status not updated ', 0);

-- --------------------------------------------------------

--
-- Table structure for table `pms_designation`
--

CREATE TABLE `pms_designation` (
  `desig_id` int NOT NULL,
  `desig_name` varchar(255) NOT NULL,
  `func_id` bigint NOT NULL
) ENGINE=InnoDB DEFAULT CHARSET=latin1;

--
-- Dumping data for table `pms_designation`
--

INSERT INTO `pms_designation` (`desig_id`, `desig_name`, `func_id`) VALUES
(1, 'Software Developer', 0),
(2, 'Assistant java Programmer', 0),
(3, 'Programmer', 0),
(4, 'PHP Developer', 0),
(5, 'PHP Programmer', 0),
(6, 'Senior Programmer', 0),
(7, 'Software Engineer', 0),
(8, 'Team Lead', 0),
(9, 'Senior Engineer', 0),
(10, 'Technology Head', 0),
(11, 'Architect', 0),
(12, 'Faculty', 0),
(13, 'Web Developer', 0),
(14, 'Animator', 0),
(15, 'ASP.NET Programmer', 0),
(16, 'Assistant-Programmer', 0),
(17, 'Principal Consultant', 0),
(19, 'Analyst', 0),
(20, 'Junior Analyst', 0),
(22, 'Android Developer', 0),
(23, 'Developer', 0),
(24, 'Accounts Manager', 2),
(27, 'Sales Executive', 34),
(29, 'Accountants Executive', 0),
(30, 'Nurse', 0),
(31, 'Membership/Retention Coordinator', 0),
(35, 'Technical Engineer', 0),
(36, 'Site Engineer', 0),
(37, 'Senior Sales Engineer and Account Manager', 0),
(38, 'Technical Support and Sales Engineer', 0),
(41, 'Assistant Accountant', 0),
(42, 'Auditor', 0),
(43, 'Senior Accountant', 0),
(44, 'Chief Accountant', 0),
(45, 'Accounting Assistant', 0),
(46, 'Junior Officer', 0),
(47, 'Accountant General', 0),
(48, 'Junior Accountant', 0),
(49, 'Operations Executive', 59),
(51, 'Functional Area - Others', 0),
(52, 'Airport Jobs - Others', 0),
(54, 'Logistics Executive', 0),
(55, 'Sales and Pricing Coordinator', 0),
(56, 'Senior Sales Executive', 0),
(58, 'Unskilled Labour', 0),
(60, 'Executive Secretary', 0),
(61, 'Business Development Manager', 0),
(62, 'Sales Manager', 0),
(63, 'Marketing manager', 0),
(64, 'Finance Manager', 0),
(65, 'Operations Manager', 0),
(66, 'IT Admin', 0),
(67, 'Channel Sales Manager', 0),
(68, 'Fresher', 0),
(71, 'National Sales Manager', 0),
(72, 'Other Sales', 0),
(73, 'Presales Consultant', 0),
(74, 'Regional Sales Manager', 0),
(75, 'Relationship /Account Manager', 0),
(76, 'Sales promotion Manager', 0),
(77, 'Sales Trainee', 0),
(78, 'Sales Coordinator', 0),
(79, 'Telesales/Telemarketing executive', 0),
(80, 'Vp/Gm/Head-sales', 0),
(81, 'Area Sales Manager', 0),
(83, 'Sales Director', 0),
(84, 'Account Service Executive', 0),
(100, 'Graduate trainee/Management trainee', 0),
(101, 'Accountant', 0),
(102, 'Cost Accountant/ICWA', 0),
(103, 'Chartered Accountant(CPA)', 0),
(104, 'Accounts Head/GM-Accounts', 0),
(105, 'Data entry operator', 0),
(106, 'Accounts Director', 0),
(107, 'Accounts Receivable Executive', 0),
(108, 'Accounts Payable Executive', 0),
(109, 'finance Assistant', 0),
(110, 'Financial Controller', 0),
(111, 'Manager-Financial Planning/Budgeting', 0),
(112, 'Head/GM-Finance', 0),
(113, 'Internal Auditor', 0),
(114, 'External Auditor', 0),
(115, 'Commercial Executive /Manager', 0),
(116, 'Credit Control&Collections', 0),
(117, 'Treasury Manager', 0),
(118, 'Taxation-Manager', 0),
(119, 'Shares Services Executive', 0),
(120, 'Business/Strategic Planing-Manager', 0),
(121, 'Foreign Exchange Officer', 0),
(122, 'Payroll/Compensation Executive', 0),
(123, 'Payroll/Compensation-Manager/Head', 0),
(124, 'GM/Head/VP Corporate Planning/Strategy', 0),
(125, 'VP Finance/CFO', 0),
(126, 'External Consultant', 0),
(127, 'Other Finance&Accounts', 0),
(128, 'Payroll Trainee/Management trainee', 0),
(129, 'HR  Executive', 0),
(130, 'HR Manager', 0),
(131, 'Training & Development Executive', 0),
(132, 'Payroll/Compensation -Head /Mgr', 0),
(133, 'Recruitment-Head/Mgr', 0),
(134, 'Training & development-Head/Mgr', 0),
(135, 'Appraisals-Head/Mgr', 0),
(136, 'Industrial Relations/Personnel Manager', 0),
(137, 'VP/GM/HR', 0),
(138, 'Other Human Resource', 0),
(139, 'HR Officer', 0),
(140, 'Recruiter', 0),
(141, 'Travel/ Immigration Coordinator', 0),
(142, 'Administration Executive', 0),
(143, 'Computer Operator/Data entry', 0),
(144, 'Typist', 0),
(145, 'Despatch Incharge', 0),
(146, 'Receptionist/Front Desk', 0),
(147, 'Secretarial', 0),
(148, 'Facilities Manager', 0),
(149, 'Document Controller', 0),
(150, 'Transportation/Shipping Supervisor', 0),
(151, 'Logistics-Co-ordinator', 0),
(152, 'Logistics-Head/Manager', 0),
(153, 'Operational Coordinator', 0),
(154, 'Operational Assistant', 0),
(155, 'Operations Director', 0),
(158, 'Purchase Executive', 0),
(159, 'Purchase Officer', 0),
(160, 'Purchase Manager', 0),
(161, 'Purchase Head', 0),
(163, 'Procurement Manager', 0),
(169, 'Purchase Coordinator', 0),
(173, 'Administration Manager', 0),
(174, 'VP/GM Administration', 0),
(175, 'Recruitment Assistant', 0),
(176, 'Account Manager', 0),
(178, 'Team Leader', 0),
(179, 'Business Development Executive', 0),
(180, 'Project Coordinator', 0),
(186, 'Senior Business Development Executive', 0),
(187, 'Logistics Officer', 0),
(189, 'Finance Executive', 0),
(190, 'Finance Specialist', 0),
(191, 'Finance Coordinator', 0),
(192, 'Finance Director', 0),
(193, 'Key Accounts Manager', 0),
(194, 'Shipping Manager', 0),
(195, 'Operations Specialist', 0),
(196, 'Head Of Operations', 0),
(197, 'Operations Supervisor', 0),
(199, 'Operations Agent', 0),
(200, 'Operations Administrator', 0),
(201, 'Logistics Director', 0),
(202, 'Logistics Specialist', 0),
(207, 'HR Coordinator', 0),
(209, 'Procurement Officer', 0),
(210, 'Procurement Specialist', 0),
(211, 'Procurement Analyst', 0),
(212, 'Administration Team Lead', 0),
(213, 'Administration Coordinator', 0),
(214, 'Front Desk Receptionis', 0),
(215, 'Logistics Analyst', 0),
(216, 'Head of Transport', 0),
(217, 'Transport Coordinator', 0),
(218, 'Transport Supervisor', 0),
(219, 'IT Infrastructure Manager', 0),
(220, 'Senior System Administrator', 0),
(221, 'Sea Logistics', 0),
(222, 'Trade Lane Manager', 0),
(224, 'Sales and Operations Executive', 0),
(225, 'Logistics Supervisor', 0),
(226, 'Freight Manager', 0),
(227, 'Customer Service Executive', 0),
(228, 'Customer Service Manager', 0),
(229, 'Customer Support Executive', 0),
(230, 'Relationship Officer', 0),
(231, 'Banking Sales Officer', 0),
(232, 'Civil Engineer', 0),
(233, 'Electric Engineer', 0),
(234, 'Mechanical Engineer', 0),
(235, 'EEC Engineer', 0),
(236, 'Architectural Engineering', 0),
(237, 'Materials Engineer', 0),
(238, 'Marine Engineer', 0),
(239, 'Chemical Engineer', 0),
(240, 'Automobile Engineer', 0),
(241, 'Petroleum Engineer', 0),
(242, 'Environmental Engineer', 0),
(243, 'Training Manager', 0),
(244, 'Training Coordinator', 0),
(245, 'Transprot Manager', 0),
(246, 'Visual Merchandising Manager', 0),
(247, 'Visual Merchandiser', 0),
(248, 'Senior Visual Merchandiser', 0),
(249, 'Reservation Manager', 0);

-- --------------------------------------------------------

--
-- Table structure for table `pms_designation_to_function`
--

CREATE TABLE `pms_designation_to_function` (
  `desig_func_id` bigint NOT NULL,
  `func_id` bigint NOT NULL,
  `desig_id` bigint NOT NULL
) ENGINE=InnoDB DEFAULT CHARSET=latin1;

--
-- Dumping data for table `pms_designation_to_function`
--

INSERT INTO `pms_designation_to_function` (`desig_func_id`, `func_id`, `desig_id`) VALUES
(3, 46, 53),
(11, 61, 58),
(14, 63, 60),
(21, 27, 66),
(28, 41, 73),
(184, 22, 97),
(216, 23, 129),
(217, 23, 130),
(218, 23, 131),
(219, 23, 132),
(221, 23, 134),
(222, 23, 135),
(223, 23, 136),
(224, 23, 137),
(225, 23, 138),
(227, 23, 140),
(228, 63, 141),
(231, 63, 144),
(233, 63, 146),
(234, 63, 147),
(251, 46, 164),
(252, 46, 165),
(253, 46, 166),
(254, 46, 167),
(255, 46, 168),
(256, 27, 7),
(257, 10, 7),
(258, 85, 7),
(264, 22, 32),
(265, 22, 59),
(268, 85, 19),
(269, 27, 22),
(270, 10, 22),
(271, 20, 14),
(272, 1, 11),
(273, 10, 15),
(274, 10, 2),
(275, 10, 16),
(280, 85, 12),
(283, 85, 20),
(284, 42, 46),
(285, 11, 30),
(286, 10, 4),
(287, 10, 3),
(288, 10, 5),
(292, 10, 9),
(293, 10, 1),
(295, 10, 13),
(296, 85, 35),
(336, 22, 162),
(337, 4, 162),
(344, 46, 170),
(412, 22, 171),
(415, 22, 172),
(416, 22, 90),
(417, 22, 91),
(418, 22, 92),
(420, 22, 94),
(421, 22, 95),
(422, 22, 96),
(423, 22, 98),
(424, 22, 99),
(425, 22, 57),
(435, 22, 87),
(439, 23, 133),
(440, 23, 139),
(441, 0, 51),
(448, 63, 173),
(450, 63, 174),
(457, 23, 175),
(459, 63, 142),
(462, 22, 85),
(463, 63, 145),
(464, 22, 86),
(465, 23, 86),
(470, 23, 128),
(473, 22, 93),
(589, 10, 23),
(596, 22, 181),
(597, 22, 182),
(598, 22, 183),
(599, 22, 184),
(603, 22, 188),
(613, 46, 198),
(620, 46, 203),
(621, 46, 204),
(622, 46, 205),
(624, 23, 207),
(628, 46, 208),
(629, 4, 209),
(630, 4, 210),
(631, 4, 211),
(632, 63, 212),
(633, 63, 213),
(634, 42, 214),
(636, 54, 216),
(637, 54, 217),
(638, 54, 218),
(639, 27, 219),
(640, 10, 219),
(645, 22, 223),
(646, 4, 223),
(656, 4, 163),
(657, 4, 169),
(658, 4, 159),
(659, 4, 158),
(660, 4, 161),
(661, 4, 160),
(676, 41, 108),
(677, 41, 107),
(678, 41, 101),
(679, 41, 84),
(680, 41, 47),
(681, 41, 29),
(682, 41, 45),
(683, 41, 106),
(684, 41, 104),
(685, 41, 24),
(686, 41, 48),
(687, 41, 103),
(688, 41, 43),
(689, 41, 193),
(690, 41, 44),
(691, 22, 42),
(692, 41, 102),
(693, 41, 41),
(694, 34, 74),
(695, 34, 62),
(696, 34, 79),
(697, 34, 56),
(698, 34, 78),
(699, 34, 77),
(700, 34, 224),
(701, 34, 27),
(702, 34, 76),
(703, 34, 55),
(704, 81, 227),
(705, 81, 228),
(706, 81, 229),
(707, 34, 75),
(708, 84, 54),
(709, 84, 215),
(710, 84, 201),
(711, 84, 187),
(712, 84, 202),
(713, 84, 225),
(714, 84, 151),
(715, 84, 152),
(716, 84, 221),
(723, 34, 176),
(821, 84, 196),
(822, 84, 194),
(823, 84, 180),
(824, 84, 197),
(825, 59, 109),
(826, 59, 192),
(827, 59, 64),
(828, 59, 125),
(829, 59, 127),
(830, 59, 189),
(831, 59, 112),
(832, 59, 111),
(833, 32, 117),
(834, 41, 68),
(835, 59, 68),
(836, 22, 68),
(837, 32, 68),
(838, 2, 68),
(839, 46, 68),
(840, 63, 68),
(841, 5, 68),
(842, 7, 68),
(843, 81, 68),
(844, 30, 68),
(845, 15, 68),
(846, 13, 68),
(847, 14, 68),
(848, 17, 68),
(849, 18, 68),
(850, 52, 68),
(851, 20, 68),
(852, 23, 68),
(853, 24, 68),
(854, 25, 68),
(855, 26, 68),
(856, 27, 68),
(857, 29, 68),
(858, 31, 68),
(859, 84, 68),
(860, 33, 68),
(861, 35, 68),
(862, 36, 68),
(863, 83, 68),
(864, 58, 68),
(865, 4, 68),
(866, 37, 68),
(867, 38, 68),
(868, 39, 68),
(869, 40, 68),
(870, 42, 68),
(871, 64, 68),
(872, 34, 68),
(873, 21, 68),
(874, 43, 68),
(875, 61, 68),
(876, 51, 68),
(877, 53, 68),
(878, 54, 68),
(879, 56, 68),
(880, 82, 68),
(881, 41, 100),
(882, 59, 100),
(883, 22, 100),
(884, 32, 100),
(885, 2, 100),
(886, 46, 100),
(887, 63, 100),
(888, 5, 100),
(889, 7, 100),
(890, 81, 100),
(891, 30, 100),
(892, 15, 100),
(893, 13, 100),
(894, 14, 100),
(895, 17, 100),
(896, 18, 100),
(897, 52, 100),
(898, 20, 100),
(899, 23, 100),
(900, 24, 100),
(901, 25, 100),
(902, 26, 100),
(903, 27, 100),
(904, 29, 100),
(905, 31, 100),
(906, 33, 100),
(907, 35, 100),
(908, 36, 100),
(909, 58, 100),
(910, 4, 100),
(911, 37, 100),
(912, 38, 100),
(913, 39, 100),
(914, 40, 100),
(915, 42, 100),
(916, 64, 100),
(917, 34, 100),
(918, 21, 100),
(919, 43, 100),
(920, 61, 100),
(921, 51, 100),
(922, 53, 100),
(923, 54, 100),
(924, 56, 100),
(926, 59, 110),
(927, 34, 120),
(928, 34, 115),
(929, 59, 116),
(930, 22, 114),
(931, 46, 126),
(932, 59, 191),
(933, 59, 190),
(934, 32, 121),
(935, 59, 124),
(936, 22, 113),
(937, 41, 122),
(938, 41, 123),
(939, 59, 119),
(940, 22, 118),
(952, 83, 195),
(953, 83, 65),
(954, 83, 199),
(955, 83, 153),
(956, 83, 200),
(957, 83, 155),
(958, 83, 49),
(959, 84, 226),
(960, 17, 52),
(961, 63, 143),
(962, 63, 149),
(963, 83, 154),
(964, 0, 178),
(965, 41, 178),
(966, 59, 178),
(967, 22, 178),
(968, 32, 178),
(969, 2, 178),
(970, 46, 178),
(971, 63, 178),
(972, 5, 178),
(973, 7, 178),
(974, 81, 178),
(975, 30, 178),
(976, 15, 178),
(977, 13, 178),
(978, 14, 178),
(979, 17, 178),
(980, 18, 178),
(981, 52, 178),
(982, 20, 178),
(983, 23, 178),
(984, 24, 178),
(985, 25, 178),
(986, 26, 178),
(987, 27, 178),
(988, 29, 178),
(989, 31, 178),
(990, 84, 178),
(991, 33, 178),
(992, 35, 178),
(993, 36, 178),
(994, 83, 178),
(995, 58, 178),
(996, 4, 178),
(997, 37, 178),
(998, 38, 178),
(999, 39, 178),
(1000, 40, 178),
(1001, 42, 178),
(1002, 64, 178),
(1003, 34, 178),
(1004, 21, 178),
(1005, 43, 178),
(1006, 61, 178),
(1007, 51, 178),
(1008, 53, 178),
(1009, 54, 178),
(1010, 56, 178),
(1011, 82, 178),
(1012, 54, 150),
(1013, 34, 81),
(1014, 34, 179),
(1015, 34, 61),
(1016, 34, 67),
(1017, 83, 105),
(1018, 34, 63),
(1019, 34, 71),
(1020, 34, 72),
(1021, 34, 83),
(1022, 34, 186),
(1023, 34, 222),
(1024, 34, 80),
(1025, 2, 230),
(1026, 2, 231),
(1027, 27, 220),
(1028, 63, 148),
(1029, 34, 38),
(1030, 34, 37),
(1031, 13, 232),
(1032, 13, 233),
(1033, 13, 234),
(1034, 13, 235),
(1035, 13, 236),
(1036, 13, 237),
(1037, 13, 238),
(1038, 13, 239),
(1039, 13, 240),
(1040, 13, 241),
(1041, 13, 242),
(1042, 53, 243),
(1043, 53, 244),
(1044, 54, 245),
(1045, 56, 246),
(1046, 56, 247),
(1047, 56, 248),
(1048, 51, 249);

-- --------------------------------------------------------

--
-- Table structure for table `pms_education_level`
--

CREATE TABLE `pms_education_level` (
  `level_id` bigint NOT NULL,
  `level_name` varchar(250) NOT NULL,
  `level_status` smallint NOT NULL DEFAULT '1',
  `disp_order` int NOT NULL
) ENGINE=InnoDB DEFAULT CHARSET=latin1;

--
-- Dumping data for table `pms_education_level`
--

INSERT INTO `pms_education_level` (`level_id`, `level_name`, `level_status`, `disp_order`) VALUES
(11, 'Intermediate School', 1, 1),
(13, 'SSLC / Secondary School / Plus Two', 1, 2),
(15, 'Others', 1, 7),
(16, 'Professional Certifications', 1, 5),
(20, 'Bachelors / Graduation / Diploma', 1, 3),
(21, 'Post Graduation/Masters', 1, 4),
(22, 'Doctorate / MPhil', 1, 6);

-- --------------------------------------------------------

--
-- Table structure for table `pms_email_sms_history`
--

CREATE TABLE `pms_email_sms_history` (
  `email_sms_id` bigint NOT NULL,
  `candidate_id` bigint NOT NULL,
  `date_sent` timestamp NOT NULL DEFAULT CURRENT_TIMESTAMP ON UPDATE CURRENT_TIMESTAMP,
  `time` varchar(50) NOT NULL,
  `subject` varchar(155) NOT NULL,
  `email_text` longtext NOT NULL,
  `sms_text` varchar(255) NOT NULL,
  `user_id` bigint NOT NULL,
  `send_type` int NOT NULL DEFAULT '0',
  `status` int NOT NULL
) ENGINE=InnoDB DEFAULT CHARSET=latin1;

-- --------------------------------------------------------

--
-- Table structure for table `pms_employer_ad_packages`
--

CREATE TABLE `pms_employer_ad_packages` (
  `package_id` bigint NOT NULL,
  `package_name` varchar(255) NOT NULL,
  `total_job_ads` int NOT NULL,
  `package_amount` float(10,2) NOT NULL,
  `amount_per_job` float(10,2) NOT NULL,
  `gst_percentage` float(10,2) NOT NULL,
  `total_gst_amount` float(10,2) NOT NULL,
  `package_status` int NOT NULL
) ENGINE=InnoDB DEFAULT CHARSET=latin1;

--
-- Dumping data for table `pms_employer_ad_packages`
--

INSERT INTO `pms_employer_ad_packages` (`package_id`, `package_name`, `total_job_ads`, `package_amount`, `amount_per_job`, `gst_percentage`, `total_gst_amount`, `package_status`) VALUES
(1, 'Package 1', 1, 250.00, 250.00, 18.00, 295.00, 1),
(2, 'Package 5', 5, 1050.00, 210.00, 18.00, 1239.00, 1),
(3, 'Package 10', 10, 2250.00, 190.00, 18.00, 2242.00, 1),
(4, 'Package 25', 25, 4000.00, 160.00, 18.00, 4720.00, 1),
(5, 'Package 50', 50, 6500.00, 130.00, 18.00, 7670.00, 1),
(6, 'Package 100', 100, 10000.00, 100.00, 18.00, 11800.00, 1),
(7, 'Package 200', 200, 14000.00, 70.00, 18.00, 16520.00, 1);

-- --------------------------------------------------------

--
-- Table structure for table `pms_employer_credits`
--

CREATE TABLE `pms_employer_credits` (
  `emp_credit_id` bigint NOT NULL,
  `user_id` bigint NOT NULL,
  `company_id` bigint NOT NULL,
  `package_id` bigint NOT NULL,
  `package_amount` float(10,2) NOT NULL,
  `total_gst_amount` float(10,2) NOT NULL,
  `package_start_date` date NOT NULL,
  `package_exp_date` date NOT NULL,
  `amount_per_job` float(10,2) NOT NULL,
  `emp_package_status` int NOT NULL
) ENGINE=InnoDB DEFAULT CHARSET=latin1;

--
-- Dumping data for table `pms_employer_credits`
--

INSERT INTO `pms_employer_credits` (`emp_credit_id`, `user_id`, `company_id`, `package_id`, `package_amount`, `total_gst_amount`, `package_start_date`, `package_exp_date`, `amount_per_job`, `emp_package_status`) VALUES
(1, 14, 14, 1, 300.00, 400.00, '2020-07-04', '2020-08-03', 300.00, 1),
(2, 14, 9734, 7, 5000.00, 6000.00, '2020-09-25', '2021-09-20', 200.00, 1),
(3, 13, 9733, 2, 1250.00, 0.00, '2020-10-09', '2021-01-07', 250.00, 1),
(4, 15, 4636, 1, 300.00, 0.00, '2020-10-17', '2020-11-16', 300.00, 0);

-- --------------------------------------------------------

--
-- Table structure for table `pms_intakes`
--

CREATE TABLE `pms_intakes` (
  `intake_id` bigint NOT NULL,
  `intake_month` varchar(255) NOT NULL,
  `intake_start` date NOT NULL,
  `intake_end` date NOT NULL,
  `join_date` date NOT NULL,
  `campus_id` bigint NOT NULL
) ENGINE=InnoDB DEFAULT CHARSET=latin1;

-- --------------------------------------------------------

--
-- Table structure for table `pms_intake_candidate`
--

CREATE TABLE `pms_intake_candidate` (
  `intake_id` bigint NOT NULL,
  `candidate_id` bigint NOT NULL
) ENGINE=InnoDB DEFAULT CHARSET=latin1;

-- --------------------------------------------------------

--
-- Table structure for table `pms_intake_programs`
--

CREATE TABLE `pms_intake_programs` (
  `program_id` bigint NOT NULL,
  `intake_id` bigint NOT NULL,
  `course_id` bigint NOT NULL,
  `candidate_id` bigint NOT NULL,
  `status_id` bigint NOT NULL
) ENGINE=InnoDB DEFAULT CHARSET=latin1;

-- --------------------------------------------------------

--
-- Table structure for table `pms_intake_programs_followup`
--

CREATE TABLE `pms_intake_programs_followup` (
  `intake_follow_id` bigint NOT NULL,
  `status_id` bigint NOT NULL,
  `program_id` bigint NOT NULL,
  `candidate_id` bigint NOT NULL,
  `admin_id` bigint NOT NULL,
  `title` varchar(100) NOT NULL,
  `description` text NOT NULL,
  `flp_date` date NOT NULL,
  `flp_date_reminder` date NOT NULL,
  `flp_time_reminder` varchar(100) NOT NULL
) ENGINE=InnoDB DEFAULT CHARSET=latin1;

-- --------------------------------------------------------

--
-- Table structure for table `pms_jobs`
--

CREATE TABLE `pms_jobs` (
  `job_id` bigint NOT NULL,
  `company_id` bigint NOT NULL,
  `vacancies` int NOT NULL,
  `job_title` varchar(200) NOT NULL,
  `job_desc` longtext NOT NULL,
  `desired_profile` longtext NOT NULL,
  `job_ind_id` bigint NOT NULL,
  `job_cat_id` bigint NOT NULL,
  `func_id` bigint NOT NULL,
  `desig_id` bigint NOT NULL,
  `job_type_id` bigint NOT NULL,
  `job_location` bigint NOT NULL,
  `job_post_date` date NOT NULL,
  `job_expiry_date` date NOT NULL,
  `job_update_date` date NOT NULL,
  `exp_join_date` date NOT NULL,
  `level_id` bigint NOT NULL,
  `total_exp_needed` bigint NOT NULL,
  `work_level_id` bigint NOT NULL,
  `salary_id` bigint NOT NULL,
  `brochure` varchar(200) NOT NULL,
  `res_location` varchar(200) NOT NULL,
  `country_id` bigint NOT NULL,
  `gender` int NOT NULL DEFAULT '1',
  `about_company` longtext NOT NULL,
  `job_contact` longtext NOT NULL,
  `job_keywords` varchar(200) NOT NULL,
  `job_skills` varchar(200) NOT NULL,
  `contact_name` varchar(200) NOT NULL,
  `contact_designation` varchar(200) NOT NULL,
  `contact_email` varchar(200) NOT NULL,
  `contact_phone` varchar(200) NOT NULL,
  `contact_website` varchar(200) NOT NULL,
  `facebook` varchar(200) NOT NULL,
  `twitter` varchar(200) NOT NULL,
  `googleplus` varchar(200) NOT NULL,
  `linkedin` varchar(200) NOT NULL,
  `social_title` longtext NOT NULL,
  `social_content` longtext NOT NULL,
  `social_link` longtext NOT NULL,
  `social_link_image` longtext NOT NULL,
  `social_comment` longtext NOT NULL,
  `job_status` int NOT NULL DEFAULT '0',
  `job_priority` int NOT NULL,
  `admin_id` bigint NOT NULL,
  `instructions` varchar(255) NOT NULL,
  `mode_of_application` int NOT NULL COMMENT '1=register and apply, 2=email, 3=external link',
  `show_company_details` int NOT NULL,
  `designation` varchar(255) NOT NULL,
  `contact_email_id` varchar(255) NOT NULL,
  `response_mode` int NOT NULL,
  `documents_required` varchar(255) NOT NULL,
  `hide_salary` int NOT NULL,
  `max_notice_period` int NOT NULL,
  `job_skill_name` varchar(255) NOT NULL,
  `min_age` varchar(50) NOT NULL,
  `max_age` varchar(50) NOT NULL,
  `course_name` varchar(255) NOT NULL,
  `job_loc` bigint NOT NULL,
  `min_salary` bigint NOT NULL,
  `max_salary` bigint NOT NULL,
  `short_content` text NOT NULL,
  `package_id` bigint NOT NULL,
  `business_type_id` bigint NOT NULL,
  `age_limit` int NOT NULL,
  `intl_locations` varchar(255) NOT NULL,
  `state_id` bigint NOT NULL,
  `product_id` bigint NOT NULL,
  `work_duration` int NOT NULL,
  `hourly_rate` float(10,2) NOT NULL,
  `fee_fixed_amt` varchar(255) NOT NULL,
  `fee_percentage` varchar(25) NOT NULL,
  `min_experience` bigint NOT NULL,
  `max_experience` bigint NOT NULL
) ENGINE=InnoDB DEFAULT CHARSET=latin1;

--
-- Dumping data for table `pms_jobs`
--

INSERT INTO `pms_jobs` (`job_id`, `company_id`, `vacancies`, `job_title`, `job_desc`, `desired_profile`, `job_ind_id`, `job_cat_id`, `func_id`, `desig_id`, `job_type_id`, `job_location`, `job_post_date`, `job_expiry_date`, `job_update_date`, `exp_join_date`, `level_id`, `total_exp_needed`, `work_level_id`, `salary_id`, `brochure`, `res_location`, `country_id`, `gender`, `about_company`, `job_contact`, `job_keywords`, `job_skills`, `contact_name`, `contact_designation`, `contact_email`, `contact_phone`, `contact_website`, `facebook`, `twitter`, `googleplus`, `linkedin`, `social_title`, `social_content`, `social_link`, `social_link_image`, `social_comment`, `job_status`, `job_priority`, `admin_id`, `instructions`, `mode_of_application`, `show_company_details`, `designation`, `contact_email_id`, `response_mode`, `documents_required`, `hide_salary`, `max_notice_period`, `job_skill_name`, `min_age`, `max_age`, `course_name`, `job_loc`, `min_salary`, `max_salary`, `short_content`, `package_id`, `business_type_id`, `age_limit`, `intl_locations`, `state_id`, `product_id`, `work_duration`, `hourly_rate`, `fee_fixed_amt`, `fee_percentage`, `min_experience`, `max_experience`) VALUES
(1, 1, 0, 'Accounts Manager ', '', '', 0, 0, 0, 0, 0, 0, '2023-05-06', '2023-06-05', '0000-00-00', '2023-07-05', 0, 0, 0, 0, '', '', 0, 1, '0', '0', '0', '0', '0', '0', '0', '0', '0', '0', '0', '0', '0', '0', '0', '', '', '', 1, 1, 0, '', 1, 1, '', '', 0, '', 0, 0, '', '', '', '', 0, 0, 0, '', 0, 0, 0, '', 0, 0, 0, 0.00, '', '', 0, 0),
(2, 1, 5, 'system admin', '', '', 0, 88, 41, 179, 1, 90, '2023-05-09', '2023-06-08', '0000-00-00', '2023-07-08', 15, 2, 18, 12, '', 'coimbatore', 162, 2, '0', '0', '0', '0', '0', '0', '0', '0', '0', '0', '0', '0', '0', '0', '0', '', '', '', 1, 1, 0, '', 1, 1, '', '', 0, '', 0, 0, '', '', '', '', 0, 0, 0, '', 0, 0, 0, '', 0, 0, 0, 0.00, '', '', 0, 0),
(3, 1, 10, 'Backend Developer', 'Proficiency in Development of Backend Databases\n', '', 0, 88, 41, 176, 1, 90, '2023-05-10', '2023-06-09', '0000-00-00', '2023-07-09', 20, 1, 16, 6, '', 'Chennai', 162, 2, '0', '0', '0', '0', '0', '0', '0', '0', '0', '0', '0', '0', '0', '0', '0', '', 'Santhoshswce@gmail.com ', '9965279141', 1, 1, 0, '', 1, 1, '', '', 0, '', 0, 0, '', '', '', '', 0, 0, 0, '', 0, 0, 0, '', 0, 0, 0, 0.00, '', '', 0, 0),
(4, 1, 5, 'IT Head', '<p>\n	Organaizing entire overall Software &amp; hardware Team</p>\n', 'Well knowledge for IT Software & all types of applications - Must (Java, Php, angular js, curl,)', 0, 88, 41, 179, 1, 90, '2023-05-10', '2023-06-09', '0000-00-00', '2023-07-09', 20, 2, 21, 27, '', 'coimbatore', 162, 2, '0', '0', '0', '0', '0', '0', '0', '0', '0', '0', '0', '0', '0', '0', '0', '', '', '', 1, 1, 0, '', 1, 1, '', '', 0, '', 0, 0, '', '', '', '', 0, 0, 0, '', 0, 0, 0, '', 0, 0, 0, 0.00, '', '', 0, 0),
(5, 4, 5, 'UI/UX developer', '', 'Well knowledge for IT Software & all types of applications - Must (Java, Php, angular js, curl,)', 0, 88, 10, 1, 1, 141, '2023-05-14', '2023-06-13', '0000-00-00', '2023-07-13', 20, 0, 19, 7, '', 'sharjah', 315, 2, '0', '0', '0', '0', '0', '0', '0', '0', '0', '0', '0', '0', '0', '0', '0', 'http://www.issofttech.in/', '', '9677846093', 1, 1, 0, '', 2, 1, '', '', 0, '', 0, 0, '', '', '', '', 0, 0, 0, '', 0, 0, 0, '', 0, 0, 0, 0.00, '', '', 0, 0),
(6, 4, 5, 'IT Head required in dubai', '', 'Well knowledge for IT Software & all types of applications - Must (Java, Php, angular js, curl,)', 0, 88, 0, 7, 1, 78, '2023-05-15', '2023-06-14', '0000-00-00', '2023-07-14', 20, 0, 19, 9, '', 'sharjah', 350, 2, '0', '0', '0', '0', '0', '0', '0', '0', '0', '0', '0', '0', '0', '0', '0', '', '', '9677846093', 1, 1, 0, '', 1, 0, '', '', 0, '', 0, 0, '', '', '', '', 0, 0, 0, '', 0, 0, 0, '', 0, 0, 0, 0.00, '', '', 0, 0),
(7, 6, 5, 'python developer', '', '', 0, 88, 27, 7, 1, 90, '2023-05-16', '2023-06-15', '0000-00-00', '2023-07-15', 0, 0, 0, 0, '', 'coimbatore', 162, 2, '0', '0', '0', '0', '0', '0', '0', '0', '0', '0', '0', '0', '0', '0', '0', '', '', '968564512', 0, 1, 0, '', 1, 1, '', '', 0, '', 0, 0, '', '', '', '', 0, 0, 0, '', 0, 0, 0, '', 0, 0, 0, 0.00, '', '', 0, 0),
(8, 8, 5, 'PHP dev', '<p>\n	test</p>\n', 'need 4 years exp', 0, 166, 64, 68, 1, 93, '2023-06-19', '2023-07-19', '0000-00-00', '2023-08-18', 20, 2, 17, 10, '', 'cyber park calicut', 177, 2, '0', '0', '0', '0', '0', '0', '0', '0', '0', '0', '0', '0', '0', '0', '0', 'https://www.naukri.com/mnjuser/homepage', '', '', 1, 1, 0, '', 2, 1, '', '', 0, '', 0, 0, '', '', '', '', 0, 0, 0, '', 0, 0, 0, '', 0, 0, 0, 0.00, '', '', 0, 0);

-- --------------------------------------------------------

--
-- Table structure for table `pms_jobs_to_recruiter`
--

CREATE TABLE `pms_jobs_to_recruiter` (
  `admin_id` bigint NOT NULL,
  `job_id` bigint NOT NULL
) ENGINE=InnoDB DEFAULT CHARSET=latin1;

--
-- Dumping data for table `pms_jobs_to_recruiter`
--

INSERT INTO `pms_jobs_to_recruiter` (`admin_id`, `job_id`) VALUES
(27, 4),
(58, 4),
(29, 4),
(27, 3),
(58, 3),
(29, 3),
(27, 2),
(58, 2),
(29, 2),
(29, 7),
(29, 6);

-- --------------------------------------------------------

--
-- Table structure for table `pms_jobs_to_vendors`
--

CREATE TABLE `pms_jobs_to_vendors` (
  `vendor_id` bigint NOT NULL,
  `job_id` bigint NOT NULL
) ENGINE=InnoDB DEFAULT CHARSET=latin1;

-- --------------------------------------------------------

--
-- Table structure for table `pms_job_apps`
--

CREATE TABLE `pms_job_apps` (
  `job_app_id` bigint NOT NULL,
  `job_id` bigint NOT NULL,
  `candidate_id` bigint NOT NULL,
  `applied_on` date NOT NULL,
  `current_ctc` float(10,2) NOT NULL,
  `expected_ctc` float(10,2) NOT NULL,
  `notice_period` int NOT NULL,
  `total_experience` int NOT NULL,
  `visa_status` varchar(255) NOT NULL,
  `release_noc` varchar(255) NOT NULL,
  `reason_to_leave` varchar(255) NOT NULL,
  `gcc_experience` int NOT NULL,
  `cur_job_status` int NOT NULL,
  `immediate_join` int NOT NULL,
  `preferred_location` varchar(255) NOT NULL,
  `present_location` varchar(255) NOT NULL,
  `cv_file` varchar(200) NOT NULL,
  `app_status_id` bigint NOT NULL DEFAULT '1',
  `cover_letter` longtext NOT NULL,
  `admin_id` bigint NOT NULL,
  `rejected_by` bigint NOT NULL,
  `reason_for_reject` int NOT NULL,
  `rejected_on` date NOT NULL,
  `referred_by` bigint NOT NULL
) ENGINE=InnoDB DEFAULT CHARSET=latin1;

--
-- Dumping data for table `pms_job_apps`
--

INSERT INTO `pms_job_apps` (`job_app_id`, `job_id`, `candidate_id`, `applied_on`, `current_ctc`, `expected_ctc`, `notice_period`, `total_experience`, `visa_status`, `release_noc`, `reason_to_leave`, `gcc_experience`, `cur_job_status`, `immediate_join`, `preferred_location`, `present_location`, `cv_file`, `app_status_id`, `cover_letter`, `admin_id`, `rejected_by`, `reason_for_reject`, `rejected_on`, `referred_by`) VALUES
(1, 1, 1, '2023-05-06', 0.00, 0.00, 0, 0, '', '', '', 0, 0, 0, '', '', '', 1, '', 58, 0, 0, '0000-00-00', 0),
(2, 1, 3, '2023-05-06', 0.00, 0.00, 0, 0, '', '', '', 0, 0, 0, '', '', '', 1, '', 58, 0, 0, '0000-00-00', 0),
(3, 4, 6, '2023-05-10', 0.00, 0.00, 0, 0, '', '', '', 0, 0, 0, '', '', '', 3, '', 58, 0, 0, '0000-00-00', 0),
(4, 3, 6, '2023-05-10', 0.00, 0.00, 0, 0, '', '', '', 0, 0, 0, '', '', '', 4, '', 58, 0, 0, '0000-00-00', 0),
(5, 3, 7, '2023-05-10', 0.00, 0.00, 0, 0, '', '', '', 0, 0, 0, '', '', '', 1, '', 58, 0, 0, '0000-00-00', 0),
(6, 4, 7, '2023-05-10', 0.00, 0.00, 0, 0, '', '', '', 0, 0, 0, '', '', '', 1, '', 58, 0, 0, '0000-00-00', 0),
(7, 2, 1, '2023-05-11', 0.00, 0.00, 0, 0, '', '', '', 0, 0, 0, '', '', '', 1, '', 0, 0, 0, '0000-00-00', 0),
(8, 3, 1, '2023-05-11', 0.00, 0.00, 0, 0, '', '', '', 0, 0, 0, '', '', '', 4, '', 0, 0, 0, '0000-00-00', 0),
(9, 4, 1, '2023-05-12', 0.00, 0.00, 0, 0, '', '', '', 0, 0, 0, '', '', '', 3, '', 0, 0, 0, '0000-00-00', 0),
(10, 4, 8, '2023-05-13', 0.00, 0.00, 0, 0, '', '', '', 0, 0, 0, '', '', '', 1, '', 0, 0, 0, '0000-00-00', 0),
(11, 2, 8, '2023-05-13', 0.00, 0.00, 0, 0, '', '', '', 0, 0, 0, '', '', '', 1, '', 0, 0, 0, '0000-00-00', 0),
(12, 3, 8, '2023-05-13', 0.00, 0.00, 0, 0, '', '', '', 0, 0, 0, '', '', '', 4, '', 1, 0, 0, '0000-00-00', 0),
(13, 4, 3, '2023-05-13', 0.00, 0.00, 0, 0, '', '', '', 0, 0, 0, '', '', '', 3, '', 1, 0, 0, '0000-00-00', 0),
(14, 4, 4, '2023-05-13', 0.00, 0.00, 0, 0, '', '', '', 0, 0, 0, '', '', '', 1, '', 1, 0, 0, '0000-00-00', 0),
(15, 4, 2, '2023-05-13', 0.00, 0.00, 0, 0, '', '', '', 0, 0, 0, '', '', '', 1, '', 1, 0, 0, '0000-00-00', 0),
(16, 5, 8, '2023-05-14', 0.00, 0.00, 0, 0, '', '', '', 0, 0, 0, '', '', '', 1, '', 58, 0, 0, '0000-00-00', 0),
(17, 6, 8, '2023-05-15', 0.00, 0.00, 0, 0, '', '', '', 0, 0, 0, '', '', '', 4, '', 0, 0, 0, '0000-00-00', 0),
(18, 7, 7, '2023-05-16', 0.00, 0.00, 0, 0, '', '', '', 0, 0, 0, '', '', '', 1, '', 58, 0, 0, '0000-00-00', 0),
(19, 7, 6, '2023-05-16', 0.00, 0.00, 0, 0, '', '', '', 0, 0, 0, '', '', '', 1, '', 58, 0, 0, '0000-00-00', 0),
(20, 7, 9, '2023-05-18', 0.00, 0.00, 0, 0, '', '', '', 0, 0, 0, '', '', '', 1, '', 58, 0, 0, '0000-00-00', 0),
(21, 1, 9, '2023-05-18', 0.00, 0.00, 0, 0, '', '', '', 0, 0, 0, '', '', '', 1, '', 58, 0, 0, '0000-00-00', 0),
(22, 3, 9, '2023-05-18', 0.00, 0.00, 0, 0, '', '', '', 0, 0, 0, '', '', '', 1, '', 58, 0, 0, '0000-00-00', 0),
(23, 6, 1, '2023-05-26', 0.00, 0.00, 0, 0, '', '', '', 0, 0, 0, '', '', '', 1, '', 58, 0, 0, '0000-00-00', 0),
(24, 6, 15, '2023-06-14', 0.00, 0.00, 0, 0, '', '', '', 0, 0, 0, '', '', '', 1, '', 0, 0, 0, '0000-00-00', 0);

-- --------------------------------------------------------

--
-- Table structure for table `pms_job_apps_calls`
--

CREATE TABLE `pms_job_apps_calls` (
  `app_call_id` bigint NOT NULL,
  `cur_job_status` int NOT NULL,
  `app_id` bigint NOT NULL,
  `candidate_id` bigint NOT NULL,
  `call_date` date NOT NULL,
  `call_time` varchar(200) CHARACTER SET utf8mb3 COLLATE utf8mb3_unicode_ci NOT NULL,
  `call_notes` varchar(255) CHARACTER SET utf8mb3 COLLATE utf8mb3_unicode_ci NOT NULL,
  `admin_id` bigint NOT NULL
) ENGINE=MyISAM DEFAULT CHARSET=utf8mb3 COLLATE=utf8mb3_unicode_ci;

--
-- Dumping data for table `pms_job_apps_calls`
--

INSERT INTO `pms_job_apps_calls` (`app_call_id`, `cur_job_status`, `app_id`, `candidate_id`, `call_date`, `call_time`, `call_notes`, `admin_id`) VALUES
(1, 1, 4, 6, '2023-10-05', '7:00 AM', 'he is a good candidate ', 58),
(2, 4, 13, 3, '0000-00-00', '7:00 AM', 'good candidate', 58),
(3, 4, 3, 6, '0000-00-00', '7:00 AM', '', 58),
(4, 5, 0, 9, '2023-05-18', '7:00 AM', 'good candidate', 58);

-- --------------------------------------------------------

--
-- Table structure for table `pms_job_apps_cert`
--

CREATE TABLE `pms_job_apps_cert` (
  `cert_id` int NOT NULL,
  `app_id` int NOT NULL,
  `candidate_id` int NOT NULL,
  `status` int NOT NULL COMMENT '1:Not Required,2:Required,3:Already Done,4:On Process,5:Completed',
  `title` varchar(250) NOT NULL
) ENGINE=InnoDB DEFAULT CHARSET=latin1;

-- --------------------------------------------------------

--
-- Table structure for table `pms_job_apps_document`
--

CREATE TABLE `pms_job_apps_document` (
  `doc_id` int NOT NULL,
  `app_id` int NOT NULL,
  `candidate_id` int NOT NULL,
  `send_mode` int NOT NULL,
  `send_by` int NOT NULL,
  `date_send` date NOT NULL
) ENGINE=InnoDB DEFAULT CHARSET=latin1;

-- --------------------------------------------------------

--
-- Table structure for table `pms_job_apps_emails`
--

CREATE TABLE `pms_job_apps_emails` (
  `email_id` bigint NOT NULL,
  `candidate_id` bigint NOT NULL,
  `candidate_name` varchar(255) NOT NULL,
  `job_id` bigint NOT NULL,
  `job_app_id` bigint NOT NULL,
  `email` varchar(255) NOT NULL,
  `subject` longtext NOT NULL,
  `email_content` longtext NOT NULL,
  `date_sent` date NOT NULL,
  `email_status` int NOT NULL,
  `email_opened` int NOT NULL,
  `date_opened` date NOT NULL,
  `date_filled` date NOT NULL,
  `email_md_hash` varchar(256) NOT NULL,
  `base_email_url` varchar(255) NOT NULL,
  `email_url` longtext NOT NULL
) ENGINE=InnoDB DEFAULT CHARSET=latin1;

--
-- Dumping data for table `pms_job_apps_emails`
--

INSERT INTO `pms_job_apps_emails` (`email_id`, `candidate_id`, `candidate_name`, `job_id`, `job_app_id`, `email`, `subject`, `email_content`, `date_sent`, `email_status`, `email_opened`, `date_opened`, `date_filled`, `email_md_hash`, `base_email_url`, `email_url`) VALUES
(1, 1, 'joy', 1, 0, 'mcjoy@gmail.com', ' Your Application Received for job - Accounts Manager ', '', '2023-05-06', 1, 0, '0000-00-00', '0000-00-00', '6512bd43d9caa6e02c990b0a82652dca', 'https://acountz.com/index.php/select_applicant/', 'https://acountz.com/index.php/select_applicant/index.php/job_application?job_id=6512bd43d9caa6e02c990b0a82652dca'),
(2, 3, 'joy', 1, 0, 'test12345@gmail.com', ' Your Application Received for job - Accounts Manager ', '', '2023-05-06', 1, 0, '0000-00-00', '0000-00-00', 'c16a5320fa475530d9583c34fd356ef5', 'https://acountz.com/index.php/select_applicant/', 'https://acountz.com/index.php/select_applicant/index.php/job_application?job_id=c16a5320fa475530d9583c34fd356ef5'),
(3, 6, 'Poobalan Balaji', 3, 0, 'boobalanbalaji@gmail.com', ' Your Application Received for job - Backend Developer', 'Proficiency in Development of Backend Databases\n', '2023-05-10', 1, 0, '0000-00-00', '0000-00-00', '03afdbd66e7929b125f8597834fa83a4', 'https://acountz.com/index.php/select_applicant/', 'https://acountz.com/index.php/select_applicant/index.php/job_application?job_id=03afdbd66e7929b125f8597834fa83a4'),
(4, 7, 'Santhosh K', 3, 0, 'santhoshswce@gmail.com', ' Your Application Received for job - Backend Developer', 'Proficiency in Development of Backend Databases\n', '2023-05-10', 1, 0, '0000-00-00', '0000-00-00', 'd2ddea18f00665ce8623e36bd4e3c7c5', 'https://acountz.com/index.php/select_applicant/', 'https://acountz.com/index.php/select_applicant/index.php/job_application?job_id=d2ddea18f00665ce8623e36bd4e3c7c5'),
(5, 8, 'poobalan@balaji', 3, 0, 'boobalanbalaji18@gmail.com', ' Your Application Received for job - Backend Developer', 'Proficiency in Development of Backend Databases\n', '2023-05-13', 1, 0, '0000-00-00', '0000-00-00', 'fe9fc289c3ff0af142b6d3bead98a923', 'https://acountz.com/index.php/select_applicant/', 'https://acountz.com/index.php/select_applicant/index.php/job_application?job_id=fe9fc289c3ff0af142b6d3bead98a923'),
(6, 3, 'joy', 4, 0, 'test12345@gmail.com', ' Your Application Received for job - IT Head', '<p>\n	Organaizing entire overall Software &amp; hardware Team</p>\n', '2023-05-13', 1, 0, '0000-00-00', '0000-00-00', 'e369853df766fa44e1ed0ff613f563bd', 'https://acountz.com/index.php/select_applicant/', 'https://acountz.com/index.php/select_applicant/index.php/job_application?job_id=e369853df766fa44e1ed0ff613f563bd'),
(7, 4, 'joy3', 4, 0, 'joy3456@gmail.com', ' Your Application Received for job - IT Head', '<p>\n	Organaizing entire overall Software &amp; hardware Team</p>\n', '2023-05-13', 1, 0, '0000-00-00', '0000-00-00', 'f7177163c833dff4b38fc8d2872f1ec6', 'https://acountz.com/index.php/select_applicant/', 'https://acountz.com/index.php/select_applicant/index.php/job_application?job_id=f7177163c833dff4b38fc8d2872f1ec6'),
(8, 2, 'joy', 4, 0, 'mcjoyonline@gmail.com', ' Your Application Received for job - IT Head', '<p>\n	Organaizing entire overall Software &amp; hardware Team</p>\n', '2023-05-13', 1, 0, '0000-00-00', '0000-00-00', '1ff1de774005f8da13f42943881c655f', 'https://acountz.com/index.php/select_applicant/', 'https://acountz.com/index.php/select_applicant/index.php/job_application?job_id=1ff1de774005f8da13f42943881c655f'),
(9, 8, 'poobalan@balaji', 5, 0, 'boobalanbalaji18@gmail.com', ' Your Application Received for job - UI/UX developer', '', '2023-05-14', 1, 0, '0000-00-00', '0000-00-00', '3ef815416f775098fe977004015c6193', 'https://acountz.com/index.php/select_applicant/', 'https://acountz.com/index.php/select_applicant/index.php/job_application?job_id=3ef815416f775098fe977004015c6193'),
(10, 7, 'Santhosh K', 7, 0, 'santhoshswce@gmail.com', ' Your Application Received for job - python developer', '', '2023-05-16', 1, 0, '0000-00-00', '0000-00-00', '28dd2c7955ce926456240b2ff0100bde', 'https://acountz.com/index.php/select_applicant/', 'https://acountz.com/index.php/select_applicant/index.php/job_application?job_id=28dd2c7955ce926456240b2ff0100bde'),
(11, 6, 'Poobalan Balaji', 7, 0, 'boobalanbalaji@gmail.com', ' Your Application Received for job - python developer', '', '2023-05-16', 1, 0, '0000-00-00', '0000-00-00', '735b90b4568125ed6c3f678819b6e058', 'https://acountz.com/index.php/select_applicant/', 'https://acountz.com/index.php/select_applicant/index.php/job_application?job_id=735b90b4568125ed6c3f678819b6e058'),
(12, 9, 'BeckhabekZY', 7, 0, 'Beckhabek', ' Your Application Received for job - python developer', '', '2023-05-18', 1, 0, '0000-00-00', '0000-00-00', 'e2ef524fbf3d9fe611d5a8e90fefdc9c', 'https://acountz.com/index.php/select_applicant/', 'https://acountz.com/index.php/select_applicant/index.php/job_application?job_id=e2ef524fbf3d9fe611d5a8e90fefdc9c'),
(13, 1, 'Joy M.C', 6, 0, 'mcjoy@gmail.com', ' Your Application Received for job - IT Head required in dubai', '', '2023-05-26', 1, 0, '0000-00-00', '0000-00-00', 'c74d97b01eae257e44aa9d5bade97baf', 'https://acountz.com/index.php/select_applicant/', 'https://acountz.com/index.php/select_applicant/index.php/job_application?job_id=c74d97b01eae257e44aa9d5bade97baf');

-- --------------------------------------------------------

--
-- Table structure for table `pms_job_apps_interviews`
--

CREATE TABLE `pms_job_apps_interviews` (
  `interview_id` bigint NOT NULL,
  `job_app_id` bigint NOT NULL,
  `admin_id` bigint NOT NULL,
  `candidate_id` bigint NOT NULL,
  `company_id` bigint NOT NULL,
  `interview_date` timestamp NOT NULL DEFAULT CURRENT_TIMESTAMP ON UPDATE CURRENT_TIMESTAMP,
  `title` varchar(200) NOT NULL,
  `description` longtext NOT NULL,
  `duration` varchar(20) NOT NULL,
  `interview_time` varchar(20) NOT NULL,
  `interview_type_id` bigint NOT NULL,
  `int_status_id` bigint NOT NULL,
  `rejected_by` bigint NOT NULL,
  `int_status` int NOT NULL,
  `location` longtext NOT NULL,
  `level_id` bigint NOT NULL,
  `course` bigint NOT NULL,
  `notice_period` varchar(255) NOT NULL,
  `salary_id` bigint NOT NULL
) ENGINE=InnoDB DEFAULT CHARSET=latin1;

--
-- Dumping data for table `pms_job_apps_interviews`
--

INSERT INTO `pms_job_apps_interviews` (`interview_id`, `job_app_id`, `admin_id`, `candidate_id`, `company_id`, `title`, `description`, `duration`, `interview_time`, `interview_type_id`, `int_status_id`, `rejected_by`, `int_status`, `location`, `level_id`, `course`, `notice_period`, `salary_id`) VALUES
(1, 4, 58, 6, 0, 'hr interview', 'adfgasdg', '0', '7:00 AM', 0, 0, 0, 1, 'head office ', 0, 0, '', 0),
(2, 12, 1, 8, 0, 'hr interview ', 'interview ', '0', '7:00 AM', 0, 0, 0, 0, 'asdfsadfg', 0, 0, '', 0),
(4, 17, 679, 8, 0, 'Interview scheduled by client', 'Interview scheduled by client', '0', '7:00 AM', 3, 6, 0, 0, 'Confirm with Client', 0, 0, '', 0),
(6, 8, 27, 1, 0, 'hr interview', '', '0', '12:30 PM', 0, 0, 0, 1, '', 0, 0, '', 0);

-- --------------------------------------------------------

--
-- Table structure for table `pms_job_apps_interviews_history`
--

CREATE TABLE `pms_job_apps_interviews_history` (
  `interview_id` bigint NOT NULL,
  `job_app_id` bigint NOT NULL,
  `candidate_id` bigint NOT NULL,
  `company_id` bigint NOT NULL,
  `interview_date` timestamp NOT NULL DEFAULT CURRENT_TIMESTAMP ON UPDATE CURRENT_TIMESTAMP,
  `title` varchar(200) NOT NULL,
  `description` longtext NOT NULL,
  `duration` varchar(20) NOT NULL,
  `interview_time` varchar(20) NOT NULL,
  `interview_type_id` bigint NOT NULL,
  `int_status_id` bigint NOT NULL,
  `int_status` int NOT NULL,
  `location` longtext NOT NULL,
  `level_id` bigint NOT NULL,
  `course` bigint NOT NULL,
  `notice_period` bigint NOT NULL,
  `salary_id` bigint NOT NULL
) ENGINE=InnoDB DEFAULT CHARSET=latin1;

--
-- Dumping data for table `pms_job_apps_interviews_history`
--

INSERT INTO `pms_job_apps_interviews_history` (`interview_id`, `job_app_id`, `candidate_id`, `company_id`, `title`, `description`, `duration`, `interview_time`, `interview_type_id`, `int_status_id`, `int_status`, `location`, `level_id`, `course`, `notice_period`, `salary_id`) VALUES
(1, 4, 6, 0, 'hr interview', 'adfgasdg', '0', '7:00 AM', 0, 0, 0, 'head office ', 0, 0, 0, 0),
(2, 12, 8, 0, 'hr interview ', 'interview ', '0', '7:00 AM', 0, 0, 0, 'asdfsadfg', 0, 0, 0, 0),
(3, 17, 8, 0, 'Interview scheduled by client', 'Interview scheduled by client', 'NA', 'NA', 3, 0, 0, 'Confirm with Client', 0, 0, 0, 0),
(4, 17, 8, 0, 'Interview scheduled by client', 'Interview scheduled by client', '0', '7:00 AM', 3, 6, 0, 'Confirm with Client', 0, 0, 0, 0),
(5, 8, 1, 0, 'hr interview', '', '0', '12:30 PM', 0, 0, 0, '', 0, 0, 0, 0),
(6, 8, 1, 0, 'hr interview', '', '0', '12:30 PM', 0, 0, 0, '', 0, 0, 0, 0);

-- --------------------------------------------------------

--
-- Table structure for table `pms_job_apps_interviews_rejection`
--

CREATE TABLE `pms_job_apps_interviews_rejection` (
  `int_reject_id` bigint NOT NULL,
  `reject_reason_id` int NOT NULL,
  `reject_notes` longtext NOT NULL,
  `rejected_on` date NOT NULL,
  `interview_id` bigint NOT NULL,
  `job_app_id` bigint NOT NULL,
  `candidate_id` bigint NOT NULL
) ENGINE=InnoDB DEFAULT CHARSET=latin1;

-- --------------------------------------------------------

--
-- Table structure for table `pms_job_apps_invoice`
--

CREATE TABLE `pms_job_apps_invoice` (
  `invoice_id` bigint NOT NULL,
  `placement_id` bigint NOT NULL,
  `admin_id` bigint NOT NULL,
  `invoice_date` date NOT NULL,
  `invoice_start_date` date NOT NULL,
  `invoice_due_date` date NOT NULL,
  `replacement_date` date NOT NULL,
  `invoice_amount` float(10,2) NOT NULL,
  `invoice_status` int NOT NULL,
  `client_candidate` int NOT NULL COMMENT '1:client,2:candidate'
) ENGINE=InnoDB DEFAULT CHARSET=latin1;

--
-- Dumping data for table `pms_job_apps_invoice`
--

INSERT INTO `pms_job_apps_invoice` (`invoice_id`, `placement_id`, `admin_id`, `invoice_date`, `invoice_start_date`, `invoice_due_date`, `replacement_date`, `invoice_amount`, `invoice_status`, `client_candidate`) VALUES
(1, 1, 58, '2023-05-11', '2023-05-11', '2023-05-31', '2023-05-11', 50000.00, 2, 2),
(2, 2, 27, '2023-06-21', '2023-06-13', '1970-01-01', '2023-06-21', 0.00, 2, 2);

-- --------------------------------------------------------

--
-- Table structure for table `pms_job_apps_medical`
--

CREATE TABLE `pms_job_apps_medical` (
  `medical_id` int NOT NULL,
  `app_id` int NOT NULL,
  `date` date NOT NULL,
  `title` varchar(250) NOT NULL,
  `description` text NOT NULL,
  `candidate_id` int NOT NULL
) ENGINE=InnoDB DEFAULT CHARSET=latin1;

-- --------------------------------------------------------

--
-- Table structure for table `pms_job_apps_offerletter`
--

CREATE TABLE `pms_job_apps_offerletter` (
  `offer_id` bigint NOT NULL,
  `app_id` bigint NOT NULL,
  `admin_id` bigint NOT NULL,
  `candidate_id` bigint NOT NULL,
  `offer_date` date NOT NULL,
  `offer_letter` longtext NOT NULL,
  `title` varchar(255) NOT NULL,
  `salary_offered` varchar(255) NOT NULL,
  `offer_status` int NOT NULL COMMENT '1:offered,2:accepted,3:rejected',
  `reason` text NOT NULL,
  `negotiation` int NOT NULL COMMENT '1:yes,2:No'
) ENGINE=InnoDB DEFAULT CHARSET=latin1;

--
-- Dumping data for table `pms_job_apps_offerletter`
--

INSERT INTO `pms_job_apps_offerletter` (`offer_id`, `app_id`, `admin_id`, `candidate_id`, `offer_date`, `offer_letter`, `title`, `salary_offered`, `offer_status`, `reason`, `negotiation`) VALUES
(1, 4, 58, 6, '2023-05-11', 'Offer letter issued.', 'offer for poobalan', '50000', 2, '', 0),
(2, 8, 27, 1, '2023-06-20', 'Offer letter issued.', 'administration manger', '8000', 2, '', 2);

-- --------------------------------------------------------

--
-- Table structure for table `pms_job_apps_placement`
--

CREATE TABLE `pms_job_apps_placement` (
  `placement_id` bigint NOT NULL,
  `app_id` bigint NOT NULL,
  `admin_id` bigint NOT NULL,
  `created_on` date NOT NULL,
  `offer_issued_date` date NOT NULL,
  `offer_accepted_date` date NOT NULL,
  `join_date` date NOT NULL,
  `monthly_salary_offered` float(10,2) NOT NULL,
  `total_ctc` float(10,2) NOT NULL,
  `min_contract_months` int NOT NULL
) ENGINE=InnoDB DEFAULT CHARSET=latin1;

--
-- Dumping data for table `pms_job_apps_placement`
--

INSERT INTO `pms_job_apps_placement` (`placement_id`, `app_id`, `admin_id`, `created_on`, `offer_issued_date`, `offer_accepted_date`, `join_date`, `monthly_salary_offered`, `total_ctc`, `min_contract_months`) VALUES
(1, 4, 58, '0000-00-00', '1970-01-01', '2023-05-11', '2023-06-01', 50000.00, 50000.00, 12),
(2, 8, 27, '0000-00-00', '1970-01-01', '2023-06-20', '2023-06-30', 0.00, 0.00, 0);

-- --------------------------------------------------------

--
-- Table structure for table `pms_job_apps_selected`
--

CREATE TABLE `pms_job_apps_selected` (
  `select_id` bigint NOT NULL,
  `app_id` bigint NOT NULL,
  `admin_id` bigint NOT NULL,
  `selected_date` date NOT NULL,
  `candidate_id` bigint NOT NULL,
  `feedback` varchar(100) NOT NULL,
  `select_date` date NOT NULL
) ENGINE=InnoDB DEFAULT CHARSET=latin1;

--
-- Dumping data for table `pms_job_apps_selected`
--

INSERT INTO `pms_job_apps_selected` (`select_id`, `app_id`, `admin_id`, `selected_date`, `candidate_id`, `feedback`, `select_date`) VALUES
(2, 4, 58, '0000-00-00', 6, 'selected ', '2023-05-10'),
(3, 8, 27, '0000-00-00', 1, 'selected salary offered aed 800', '2023-06-19');

-- --------------------------------------------------------

--
-- Table structure for table `pms_job_apps_shortlisted`
--

CREATE TABLE `pms_job_apps_shortlisted` (
  `short_id` bigint NOT NULL,
  `app_id` bigint NOT NULL,
  `candidate_id` bigint NOT NULL,
  `short_date` date NOT NULL,
  `admin_id` bigint NOT NULL,
  `client_feedback` int NOT NULL,
  `client_feedback_status` int NOT NULL,
  `total_submission` int NOT NULL,
  `feedback_date` date NOT NULL,
  `client_notes` varchar(255) NOT NULL,
  `feedback_general` longtext NOT NULL,
  `feedback_education` longtext NOT NULL,
  `feedback_salary` longtext NOT NULL,
  `feedback_skills` longtext NOT NULL,
  `feedback_domain` longtext NOT NULL,
  `feedback_industry` longtext NOT NULL,
  `recruiter_feedback_date` date NOT NULL
) ENGINE=InnoDB DEFAULT CHARSET=latin1;

--
-- Dumping data for table `pms_job_apps_shortlisted`
--

INSERT INTO `pms_job_apps_shortlisted` (`short_id`, `app_id`, `candidate_id`, `short_date`, `admin_id`, `client_feedback`, `client_feedback_status`, `total_submission`, `feedback_date`, `client_notes`, `feedback_general`, `feedback_education`, `feedback_salary`, `feedback_skills`, `feedback_domain`, `feedback_industry`, `recruiter_feedback_date`) VALUES
(1, 4, 6, '2023-05-10', 58, 0, 1, 1, '0000-00-00', '', '', '', '', '', '', '', '0000-00-00'),
(2, 12, 8, '2023-05-13', 1, 0, 0, 0, '0000-00-00', '', '', '', '', '', '', '', '0000-00-00'),
(3, 17, 8, '2023-05-15', 1, 1, 2, 46, '2023-05-15', 'This is poobalan', '', '', '', '', '', '', '0000-00-00'),
(4, 9, 1, '2023-05-15', 58, 0, 1, 1, '0000-00-00', '', '', '', '', '', '', '', '0000-00-00'),
(5, 3, 6, '2023-05-15', 58, 0, 1, 2, '0000-00-00', '', '', '', '', '', '', '', '0000-00-00'),
(6, 13, 3, '2023-05-16', 58, 0, 0, 0, '0000-00-00', '', '', '', '', '', '', '', '0000-00-00'),
(7, 8, 1, '2023-06-19', 27, 0, 0, 0, '0000-00-00', '', '', '', '', '', '', '', '0000-00-00');

-- --------------------------------------------------------

--
-- Table structure for table `pms_job_apps_ticket`
--

CREATE TABLE `pms_job_apps_ticket` (
  `ticket_id` int NOT NULL,
  `app_id` int NOT NULL,
  `date` date NOT NULL,
  `title` varchar(250) NOT NULL,
  `number` varchar(250) NOT NULL,
  `description` text NOT NULL,
  `candidate_id` int NOT NULL,
  `boarding_sector` varchar(250) NOT NULL,
  `travel_document` varchar(250) NOT NULL,
  `send_by` int NOT NULL COMMENT '1:company,2:candidate',
  `send_mode` int NOT NULL COMMENT '1:courier,2:email',
  `travel_followup` longtext NOT NULL,
  `pickup_followup` longtext NOT NULL,
  `travel_confirmation` int NOT NULL COMMENT '1:complete,2:uncomplete'
) ENGINE=InnoDB DEFAULT CHARSET=latin1;

-- --------------------------------------------------------

--
-- Table structure for table `pms_job_apps_visa`
--

CREATE TABLE `pms_job_apps_visa` (
  `visa_id` int NOT NULL,
  `app_id` int NOT NULL,
  `date` date NOT NULL,
  `number` varchar(250) NOT NULL,
  `description` text NOT NULL,
  `candidate_id` int NOT NULL,
  `date_issued` date NOT NULL,
  `date_expiry` date NOT NULL,
  `passport_verified` int NOT NULL
) ENGINE=InnoDB DEFAULT CHARSET=latin1;

-- --------------------------------------------------------

--
-- Table structure for table `pms_job_category`
--

CREATE TABLE `pms_job_category` (
  `job_cat_id` bigint NOT NULL,
  `job_cat_name` varchar(100) NOT NULL
) ENGINE=InnoDB DEFAULT CHARSET=latin1;

--
-- Dumping data for table `pms_job_category`
--

INSERT INTO `pms_job_category` (`job_cat_id`, `job_cat_name`) VALUES
(37, 'Cable/ Wire / Pipes / Tubes'),
(54, 'Construction / EPC / Infrastructure/ MEP / Interior / FEED'),
(59, 'HORECA / Hotels  / Hotel Apartments / Restaurants/ Catering / Hospitality '),
(60, 'Accounting / Taxation / Auditing '),
(64, 'Architecture / Engineering Consultancy / Project Management'),
(65, 'Automobile /  Accessories / Repair / Vehicle Manufacturing / Body Building '),
(68, 'Chemicals / Petrochemicals / Polymers / Industrial Gases'),
(69, 'Concrete / Readymix / Cement / Precast '),
(71, 'Electronics/ Home Appliances / Consumer Durables '),
(72, 'Switch-gear / Transformers/ Generators / Equipment'),
(73, 'Education / Training / Teaching / Academics'),
(76, 'Entertainment / Recreation / Theme Parks / Water Parks / Gym / Spa'),
(77, 'Facilities Management / Building Cleaning / Security & Safety'),
(78, 'Fertilizers / Pesticides'),
(80, 'Food & Beverages / Food Production / Dairy / Water'),
(81, 'Fresher / Not Employed / No Experience'),
(82, 'Furniture / Furnishings / Exhibition Stands / Fitout '),
(83, 'Glass / Aluminium / Steel / Metal / Fabrication '),
(84, 'Gold / Diamond / Gems & Jewellery'),
(85, 'Industrial Products & Equipment / Kitchen equipment / Machinery'),
(87, 'Internet / E-commerce / Dotcom'),
(88, 'IT Hardware / Networking / Infrastructure '),
(89, 'Landscaping / Gardening / Plants / Turf Care/ Flowers'),
(91, 'Logistics / Supply Chain / Freight Forwarding / Transport / Warehousing '),
(92, 'Media / Publishing / TV / Radio / Outdoor / Advertising / PR'),
(93, 'Steel / Aluminium / Metals / Iron / Fabrication'),
(95, 'Mining / Forestry / Quarry / Fishing'),
(96, 'NGO / Social Services / Community Services / Non-Profit'),
(97, 'Office Automation / Office Equipment / Office Supplies / Stationery'),
(99, 'Oil & Gas Exploration / Drilling / Production / Field Services / Equipment / EPC'),
(101, 'Paper / Paper Pulp / Paper Mill'),
(102, 'FMCG / Perfumery / Toiletries / Personal Care / Cosmetics'),
(104, 'Plastics / Rubber/ Batteries'),
(105, 'Power Generation / Power Distribution / Energy / Nuclear Energy'),
(106, 'Printing / Publishing / News Paper / Magazines '),
(107, 'Real Estate / Project Developers / Project Management'),
(108, 'Recruitment / Placement Firm / Executive Search'),
(110, 'Retail / Hypermarkets / Stores & Shops'),
(113, 'Rent a Car / Bus Rental / Transportation Vehicles '),
(114, 'Telecom / ISP / Telecom instruments/  Phones'),
(115, 'Testing / Inspection / Certification Services'),
(116, 'Fashion / Clothing / Apparels / Footware / Accessories'),
(117, 'Travel / Tourism / Leisure / Holidays'),
(119, 'Water Treatment / Plant/ Equipment / Waste Management / Bottling / Distribution '),
(120, 'Others'),
(121, 'Motors/ Pumps/ Pipes'),
(131, 'Any'),
(132, 'General Trading / Export / Import / Wholesale '),
(133, 'Agriculture / Dairy / Poultry / Livestock'),
(134, 'Airports / Airlines / Aviation / Crew  / Aeronautics'),
(135, 'Automation/ Calibration'),
(136, 'Building Materials  / Construction Material / Hardware'),
(137, 'Call Center / BPO / KPO / Outsourcing'),
(138, 'Group of Companies / Conglomerates / Multinational'),
(139, 'Heavy Equipment / Machinery / Plants / Cranes/ Drilling / scaffolding'),
(140, 'Government / Defence / Military / Law Enforcement'),
(141, 'Lifts / Elevators / Escalators & Lifting Equipment  '),
(145, 'Vessel Management / Ship Chandling / Underwater / Ship Building '),
(148, 'Healthcare / Hospitals / Clinics / Laboratoreis '),
(150, 'Manufacturing / Factory / Production Process'),
(153, 'Events and Exhibition / Kiosk & Display Solutions '),
(154, 'Packaging / Packing Machinery and Equipment / Packaging Material '),
(155, 'Personal Offices and Personal Services '),
(157, 'Marketing Research / Marketing Consultancy / Clinical Research'),
(164, 'Banking / Fintech / Financial Institutions / Forex / Investments / Broking'),
(165, 'Insurance '),
(166, 'IT Software / ERP / Devops / AI / Cyber Security'),
(167, 'Medical Equipments / Surgical Equipments / Medical Devices'),
(168, 'Law / Legal '),
(169, 'Air Conditioning / HVAC / Refrigeration'),
(170, 'Oil & Gas : / Refining / Storage / Marketing / Distribution '),
(171, 'Fitness / Wellness / Gym / Salon / Spa');

-- --------------------------------------------------------

--
-- Table structure for table `pms_job_experience`
--

CREATE TABLE `pms_job_experience` (
  `exp_id` bigint NOT NULL,
  `exp_from` int NOT NULL,
  `exp_to` int NOT NULL,
  `exp_range` longtext NOT NULL
) ENGINE=InnoDB DEFAULT CHARSET=latin1;

--
-- Dumping data for table `pms_job_experience`
--

INSERT INTO `pms_job_experience` (`exp_id`, `exp_from`, `exp_to`, `exp_range`) VALUES
(1, 0, 0, '1'),
(2, 0, 0, '2');

-- --------------------------------------------------------

--
-- Table structure for table `pms_job_exp_level`
--

CREATE TABLE `pms_job_exp_level` (
  `exp_level_id` bigint NOT NULL,
  `exp_level` varchar(50) NOT NULL,
  `exp_level_from` int NOT NULL,
  `exp_level_to` int NOT NULL
) ENGINE=InnoDB DEFAULT CHARSET=latin1;

-- --------------------------------------------------------

--
-- Table structure for table `pms_job_folder`
--

CREATE TABLE `pms_job_folder` (
  `job_folder_id` bigint NOT NULL,
  `job_folder_name` varchar(300) NOT NULL,
  `skill_id` bigint NOT NULL,
  `status` int NOT NULL
) ENGINE=InnoDB DEFAULT CHARSET=latin1;

-- --------------------------------------------------------

--
-- Table structure for table `pms_job_followup`
--

CREATE TABLE `pms_job_followup` (
  `followup_id` int NOT NULL,
  `candidate_id` bigint NOT NULL,
  `job_id` int NOT NULL,
  `admin_id` bigint NOT NULL,
  `title` varchar(100) NOT NULL,
  `app_id` bigint NOT NULL,
  `status_id` bigint NOT NULL,
  `description` text NOT NULL,
  `flp_date` date NOT NULL,
  `flp_date_reminder` date NOT NULL,
  `flp_time_reminder` varchar(100) NOT NULL,
  `assigned_to` bigint NOT NULL
) ENGINE=InnoDB DEFAULT CHARSET=latin1;

-- --------------------------------------------------------

--
-- Table structure for table `pms_job_functional_area`
--

CREATE TABLE `pms_job_functional_area` (
  `func_id` bigint NOT NULL,
  `func_area` varchar(100) NOT NULL,
  `job_cat_id` bigint NOT NULL,
  `show_in_menu` int NOT NULL
) ENGINE=InnoDB DEFAULT CHARSET=latin1;

--
-- Dumping data for table `pms_job_functional_area`
--

INSERT INTO `pms_job_functional_area` (`func_id`, `func_area`, `job_cat_id`, `show_in_menu`) VALUES
(2, '5. Banking / Financial Institutions', 91, 1),
(4, 'Procurement /  Buying / Purchase / Vendor Management', 0, 0),
(5, 'Cabin Crew / Flight Attendant / Steward / Air Hostess', 134, 0),
(7, 'Chefs / F&B / Housekeeping / Cook', 59, 0),
(13, 'Engineering', 54, 0),
(14, 'Equipment Operations - Machine / Crane / Forklift', 139, 0),
(15, 'Driving / Forklift / Manlift / Motorcycle  / Truck / Pick up Driving', 91, 0),
(17, 'Flight Operations (Pilots / Technical Staff / Ground Staff)', 134, 0),
(18, 'Fresh Graduates / Management Trainee / Intern / No Experience', 91, 0),
(20, 'Graphic Design / Web Design / Art / Visualiser', 92, 0),
(21, 'Security Services / Guards', 77, 0),
(22, '3. Tax / Audit / Compliance', 91, 1),
(23, 'HR / Recruitment / Training / OD / Consulting', 91, 0),
(24, 'HSE (Health / Safety / Environment)', 54, 0),
(25, 'Installation / Maintenance / Operations / Repair', 54, 0),
(26, 'Insurance / Underwriting / Surveying / Actuary', 60, 0),
(27, 'IT Hardware  / Software / Networking / Maintenance', 88, 0),
(29, 'Journalism / Content Writing / Editing / Correspondent', 0, 0),
(30, 'Documentation / Typing / Document Control / Documentation Consulting', 91, 0),
(31, 'Lawyers / Legal Advisers / Legal Translation / Legal Consulting / Company Secretary', 60, 0),
(32, '4. Treasuray / Cashier / Forex', 116, 1),
(33, 'Marine Services (Marine Officer / Marine Engineer / Ship Chandler / Diver)', 0, 0),
(34, 'Sales / Marketing / Business Development', 157, 0),
(35, 'MEP (Mechanical / Electrical / Plumbing)', 54, 0),
(36, 'Merchandising & Planning / Category Management', 0, 0),
(37, 'Product Development / Product Management', 0, 0),
(38, 'Production / Manufacturing / Production operations/process', 0, 0),
(39, 'Quality - QHSE / Testing / QA / QC / Inspector', 54, 0),
(40, 'R&D / Research & Development', 0, 0),
(41, '1. Accounts / Receivable / Payable', 91, 1),
(42, 'Receptionist / Secretary / Front Office / Personal Assistant (PA)', 91, 0),
(43, 'Shop Drawing / Drafting / Draughtsman', 54, 0),
(46, '6. Financial Consulting / System Implementation', 91, 1),
(51, 'Ticketing / Reservations', 117, 0),
(52, 'General Management /Top Management / CEO / MD', 91, 0),
(53, 'Training / Organisation Development / Learning', 73, 0),
(54, 'Transport / Transportation / Fleet Management', 91, 0),
(56, 'Visual Merchandizing', 116, 0),
(58, 'Others', 0, 0),
(59, '2. Finance / Credit Control / Financial Analysis', 91, 1),
(61, 'Skilled / Unskilled Labours / Helpers', 54, 0),
(63, 'Administration / Office Management', 91, 0),
(64, 'Research / Survey', 157, 0),
(81, 'Customer Service /Call center / Help Desk', 0, 0),
(82, 'Warehouse / Storage / Transporation', 0, 0),
(83, 'Operations / Work Process / Service Process', 0, 0),
(84, 'Logistics / Supply Chain / E Commerce', 0, 0);

-- --------------------------------------------------------

--
-- Table structure for table `pms_job_func_to_category`
--

CREATE TABLE `pms_job_func_to_category` (
  `func_cat_id` bigint NOT NULL,
  `func_id` bigint NOT NULL,
  `job_cat_id` bigint NOT NULL
) ENGINE=InnoDB DEFAULT CHARSET=latin1;

--
-- Dumping data for table `pms_job_func_to_category`
--

INSERT INTO `pms_job_func_to_category` (`func_cat_id`, `func_id`, `job_cat_id`) VALUES
(4323, 41, 0),
(4324, 41, 60),
(4325, 41, 133),
(4326, 41, 169),
(4327, 41, 134),
(4328, 41, 131),
(4329, 41, 64),
(4330, 41, 135),
(4331, 41, 65),
(4332, 41, 164),
(4333, 41, 136),
(4334, 41, 37),
(4335, 41, 137),
(4336, 41, 68),
(4337, 41, 69),
(4338, 41, 54),
(4339, 41, 73),
(4340, 41, 71),
(4341, 41, 76),
(4342, 41, 153),
(4343, 41, 77),
(4344, 41, 116),
(4345, 41, 78),
(4346, 41, 171),
(4347, 41, 102),
(4348, 41, 80),
(4349, 41, 81),
(4350, 41, 82),
(4351, 41, 132),
(4352, 41, 83),
(4353, 41, 84),
(4354, 41, 140),
(4355, 41, 138),
(4356, 41, 148),
(4357, 41, 139),
(4358, 41, 59),
(4359, 41, 85),
(4360, 41, 165),
(4361, 41, 87),
(4362, 41, 88),
(4363, 41, 166),
(4364, 41, 89),
(4365, 41, 168),
(4366, 41, 141),
(4367, 41, 91),
(4368, 41, 150),
(4369, 41, 157),
(4370, 41, 92),
(4371, 41, 167),
(4372, 41, 95),
(4373, 41, 121),
(4374, 41, 96),
(4375, 41, 97),
(4376, 41, 170),
(4377, 41, 99),
(4378, 41, 120),
(4379, 41, 154),
(4380, 41, 101),
(4381, 41, 155),
(4382, 41, 104),
(4383, 41, 105),
(4384, 41, 106),
(4385, 41, 107),
(4386, 41, 108),
(4387, 41, 113),
(4388, 41, 110),
(4389, 41, 93),
(4390, 41, 72),
(4391, 41, 114),
(4392, 41, 115),
(4393, 41, 117),
(4394, 41, 145),
(4395, 41, 119),
(4396, 59, 0),
(4397, 59, 60),
(4398, 59, 133),
(4399, 59, 169),
(4400, 59, 134),
(4401, 59, 131),
(4402, 59, 64),
(4403, 59, 135),
(4404, 59, 65),
(4405, 59, 164),
(4406, 59, 136),
(4407, 59, 37),
(4408, 59, 137),
(4409, 59, 68),
(4410, 59, 69),
(4411, 59, 54),
(4412, 59, 73),
(4413, 59, 71),
(4414, 59, 76),
(4415, 59, 153),
(4416, 59, 77),
(4417, 59, 116),
(4418, 59, 78),
(4419, 59, 171),
(4420, 59, 102),
(4421, 59, 80),
(4422, 59, 81),
(4423, 59, 82),
(4424, 59, 132),
(4425, 59, 83),
(4426, 59, 84),
(4427, 59, 140),
(4428, 59, 138),
(4429, 59, 148),
(4430, 59, 139),
(4431, 59, 59),
(4432, 59, 85),
(4433, 59, 165),
(4434, 59, 87),
(4435, 59, 88),
(4436, 59, 166),
(4437, 59, 89),
(4438, 59, 168),
(4439, 59, 141),
(4440, 59, 91),
(4441, 59, 150),
(4442, 59, 157),
(4443, 59, 92),
(4444, 59, 167),
(4445, 59, 95),
(4446, 59, 121),
(4447, 59, 96),
(4448, 59, 97),
(4449, 59, 170),
(4450, 59, 99),
(4451, 59, 120),
(4452, 59, 154),
(4453, 59, 101),
(4454, 59, 155),
(4455, 59, 104),
(4456, 59, 105),
(4457, 59, 106),
(4458, 59, 107),
(4459, 59, 108),
(4460, 59, 113),
(4461, 59, 110),
(4462, 59, 93),
(4463, 59, 72),
(4464, 59, 114),
(4465, 59, 115),
(4466, 59, 117),
(4467, 59, 145),
(4468, 59, 119),
(4469, 22, 0),
(4470, 22, 60),
(4471, 22, 133),
(4472, 22, 169),
(4473, 22, 134),
(4474, 22, 131),
(4475, 22, 64),
(4476, 22, 135),
(4477, 22, 65),
(4478, 22, 164),
(4479, 22, 136),
(4480, 22, 37),
(4481, 22, 137),
(4482, 22, 68),
(4483, 22, 69),
(4484, 22, 54),
(4485, 22, 73),
(4486, 22, 71),
(4487, 22, 76),
(4488, 22, 153),
(4489, 22, 77),
(4490, 22, 116),
(4491, 22, 78),
(4492, 22, 171),
(4493, 22, 102),
(4494, 22, 80),
(4495, 22, 81),
(4496, 22, 82),
(4497, 22, 132),
(4498, 22, 83),
(4499, 22, 84),
(4500, 22, 140),
(4501, 22, 138),
(4502, 22, 148),
(4503, 22, 139),
(4504, 22, 59),
(4505, 22, 85),
(4506, 22, 165),
(4507, 22, 87),
(4508, 22, 88),
(4509, 22, 166),
(4510, 22, 89),
(4511, 22, 168),
(4512, 22, 141),
(4513, 22, 91),
(4514, 22, 150),
(4515, 22, 157),
(4516, 22, 92),
(4517, 22, 167),
(4518, 22, 95),
(4519, 22, 121),
(4520, 22, 96),
(4521, 22, 97),
(4522, 22, 170),
(4523, 22, 99),
(4524, 22, 120),
(4525, 22, 154),
(4526, 22, 101),
(4527, 22, 155),
(4528, 22, 104),
(4529, 22, 105),
(4530, 22, 106),
(4531, 22, 107),
(4532, 22, 108),
(4533, 22, 113),
(4534, 22, 110),
(4535, 22, 93),
(4536, 22, 72),
(4537, 22, 114),
(4538, 22, 115),
(4539, 22, 117),
(4540, 22, 145),
(4541, 22, 119),
(4542, 32, 0),
(4543, 32, 60),
(4544, 32, 133),
(4545, 32, 169),
(4546, 32, 134),
(4547, 32, 131),
(4548, 32, 64),
(4549, 32, 135),
(4550, 32, 65),
(4551, 32, 164),
(4552, 32, 136),
(4553, 32, 37),
(4554, 32, 137),
(4555, 32, 68),
(4556, 32, 69),
(4557, 32, 54),
(4558, 32, 73),
(4559, 32, 71),
(4560, 32, 76),
(4561, 32, 153),
(4562, 32, 77),
(4563, 32, 116),
(4564, 32, 78),
(4565, 32, 171),
(4566, 32, 102),
(4567, 32, 80),
(4568, 32, 81),
(4569, 32, 82),
(4570, 32, 132),
(4571, 32, 83),
(4572, 32, 84),
(4573, 32, 140),
(4574, 32, 138),
(4575, 32, 148),
(4576, 32, 139),
(4577, 32, 59),
(4578, 32, 85),
(4579, 32, 165),
(4580, 32, 87),
(4581, 32, 88),
(4582, 32, 166),
(4583, 32, 89),
(4584, 32, 168),
(4585, 32, 141),
(4586, 32, 91),
(4587, 32, 150),
(4588, 32, 157),
(4589, 32, 92),
(4590, 32, 167),
(4591, 32, 95),
(4592, 32, 121),
(4593, 32, 96),
(4594, 32, 97),
(4595, 32, 170),
(4596, 32, 99),
(4597, 32, 120),
(4598, 32, 154),
(4599, 32, 101),
(4600, 32, 155),
(4601, 32, 104),
(4602, 32, 105),
(4603, 32, 106),
(4604, 32, 107),
(4605, 32, 108),
(4606, 32, 113),
(4607, 32, 110),
(4608, 32, 93),
(4609, 32, 72),
(4610, 32, 114),
(4611, 32, 115),
(4612, 32, 117),
(4613, 32, 145),
(4614, 32, 119),
(4615, 2, 0),
(4616, 2, 60),
(4617, 2, 133),
(4618, 2, 169),
(4619, 2, 134),
(4620, 2, 131),
(4621, 2, 64),
(4622, 2, 135),
(4623, 2, 65),
(4624, 2, 164),
(4625, 2, 136),
(4626, 2, 37),
(4627, 2, 137),
(4628, 2, 68),
(4629, 2, 69),
(4630, 2, 54),
(4631, 2, 73),
(4632, 2, 71),
(4633, 2, 76),
(4634, 2, 153),
(4635, 2, 77),
(4636, 2, 116),
(4637, 2, 78),
(4638, 2, 171),
(4639, 2, 102),
(4640, 2, 80),
(4641, 2, 81),
(4642, 2, 82),
(4643, 2, 132),
(4644, 2, 83),
(4645, 2, 84),
(4646, 2, 140),
(4647, 2, 138),
(4648, 2, 148),
(4649, 2, 139),
(4650, 2, 59),
(4651, 2, 85),
(4652, 2, 165),
(4653, 2, 87),
(4654, 2, 88),
(4655, 2, 166),
(4656, 2, 89),
(4657, 2, 168),
(4658, 2, 141),
(4659, 2, 91),
(4660, 2, 150),
(4661, 2, 157),
(4662, 2, 92),
(4663, 2, 167),
(4664, 2, 95),
(4665, 2, 121),
(4666, 2, 96),
(4667, 2, 97),
(4668, 2, 170),
(4669, 2, 99),
(4670, 2, 120),
(4671, 2, 154),
(4672, 2, 101),
(4673, 2, 155),
(4674, 2, 104),
(4675, 2, 105),
(4676, 2, 106),
(4677, 2, 107),
(4678, 2, 108),
(4679, 2, 113),
(4680, 2, 110),
(4681, 2, 93),
(4682, 2, 72),
(4683, 2, 114),
(4684, 2, 115),
(4685, 2, 117),
(4686, 2, 145),
(4687, 2, 119),
(4688, 46, 0),
(4689, 46, 60),
(4690, 46, 133),
(4691, 46, 169),
(4692, 46, 134),
(4693, 46, 131),
(4694, 46, 64),
(4695, 46, 135),
(4696, 46, 65),
(4697, 46, 164),
(4698, 46, 136),
(4699, 46, 37),
(4700, 46, 137),
(4701, 46, 68),
(4702, 46, 69),
(4703, 46, 54),
(4704, 46, 73),
(4705, 46, 71),
(4706, 46, 76),
(4707, 46, 153),
(4708, 46, 77),
(4709, 46, 116),
(4710, 46, 78),
(4711, 46, 171),
(4712, 46, 102),
(4713, 46, 80),
(4714, 46, 81),
(4715, 46, 82),
(4716, 46, 132),
(4717, 46, 83),
(4718, 46, 84),
(4719, 46, 140),
(4720, 46, 138),
(4721, 46, 148),
(4722, 46, 139),
(4723, 46, 59),
(4724, 46, 85),
(4725, 46, 165),
(4726, 46, 87),
(4727, 46, 88),
(4728, 46, 166),
(4729, 46, 89),
(4730, 46, 168),
(4731, 46, 141),
(4732, 46, 91),
(4733, 46, 150),
(4734, 46, 157),
(4735, 46, 92),
(4736, 46, 167),
(4737, 46, 95),
(4738, 46, 121),
(4739, 46, 96),
(4740, 46, 97),
(4741, 46, 170),
(4742, 46, 99),
(4743, 46, 120),
(4744, 46, 154),
(4745, 46, 101),
(4746, 46, 155),
(4747, 46, 104),
(4748, 46, 105),
(4749, 46, 106),
(4750, 46, 107),
(4751, 46, 108),
(4752, 46, 113),
(4753, 46, 110),
(4754, 46, 93),
(4755, 46, 72),
(4756, 46, 114),
(4757, 46, 115),
(4758, 46, 117),
(4759, 46, 145),
(4760, 46, 119),
(4761, 63, 0),
(4762, 63, 60),
(4763, 63, 133),
(4764, 63, 169),
(4765, 63, 134),
(4766, 63, 131),
(4767, 63, 64),
(4768, 63, 135),
(4769, 63, 65),
(4770, 63, 164),
(4771, 63, 136),
(4772, 63, 37),
(4773, 63, 137),
(4774, 63, 68),
(4775, 63, 69),
(4776, 63, 54),
(4777, 63, 73),
(4778, 63, 71),
(4779, 63, 76),
(4780, 63, 153),
(4781, 63, 77),
(4782, 63, 116),
(4783, 63, 78),
(4784, 63, 171),
(4785, 63, 102),
(4786, 63, 80),
(4787, 63, 81),
(4788, 63, 82),
(4789, 63, 132),
(4790, 63, 83),
(4791, 63, 84),
(4792, 63, 140),
(4793, 63, 138),
(4794, 63, 148),
(4795, 63, 139),
(4796, 63, 59),
(4797, 63, 85),
(4798, 63, 165),
(4799, 63, 87),
(4800, 63, 88),
(4801, 63, 166),
(4802, 63, 89),
(4803, 63, 168),
(4804, 63, 141),
(4805, 63, 91),
(4806, 63, 150),
(4807, 63, 157),
(4808, 63, 92),
(4809, 63, 167),
(4810, 63, 95),
(4811, 63, 121),
(4812, 63, 96),
(4813, 63, 97),
(4814, 63, 170),
(4815, 63, 99),
(4816, 63, 120),
(4817, 63, 154),
(4818, 63, 101),
(4819, 63, 155),
(4820, 63, 104),
(4821, 63, 105),
(4822, 63, 106),
(4823, 63, 107),
(4824, 63, 108),
(4825, 63, 113),
(4826, 63, 110),
(4827, 63, 93),
(4828, 63, 72),
(4829, 63, 114),
(4830, 63, 115),
(4831, 63, 117),
(4832, 63, 145),
(4833, 63, 119),
(4834, 5, 0),
(4835, 5, 60),
(4836, 5, 133),
(4837, 5, 169),
(4838, 5, 134),
(4839, 5, 131),
(4840, 5, 64),
(4841, 5, 135),
(4842, 5, 65),
(4843, 5, 164),
(4844, 5, 136),
(4845, 5, 37),
(4846, 5, 137),
(4847, 5, 68),
(4848, 5, 69),
(4849, 5, 54),
(4850, 5, 73),
(4851, 5, 71),
(4852, 5, 76),
(4853, 5, 153),
(4854, 5, 77),
(4855, 5, 116),
(4856, 5, 78),
(4857, 5, 171),
(4858, 5, 102),
(4859, 5, 80),
(4860, 5, 81),
(4861, 5, 82),
(4862, 5, 132),
(4863, 5, 83),
(4864, 5, 84),
(4865, 5, 140),
(4866, 5, 138),
(4867, 5, 148),
(4868, 5, 139),
(4869, 5, 59),
(4870, 5, 85),
(4871, 5, 165),
(4872, 5, 87),
(4873, 5, 88),
(4874, 5, 166),
(4875, 5, 89),
(4876, 5, 168),
(4877, 5, 141),
(4878, 5, 91),
(4879, 5, 150),
(4880, 5, 157),
(4881, 5, 92),
(4882, 5, 167),
(4883, 5, 95),
(4884, 5, 121),
(4885, 5, 96),
(4886, 5, 97),
(4887, 5, 170),
(4888, 5, 99),
(4889, 5, 120),
(4890, 5, 154),
(4891, 5, 101),
(4892, 5, 155),
(4893, 5, 104),
(4894, 5, 105),
(4895, 5, 106),
(4896, 5, 107),
(4897, 5, 108),
(4898, 5, 113),
(4899, 5, 110),
(4900, 5, 93),
(4901, 5, 72),
(4902, 5, 114),
(4903, 5, 115),
(4904, 5, 117),
(4905, 5, 145),
(4906, 5, 119),
(4907, 7, 0),
(4908, 7, 60),
(4909, 7, 133),
(4910, 7, 169),
(4911, 7, 134),
(4912, 7, 131),
(4913, 7, 64),
(4914, 7, 135),
(4915, 7, 65),
(4916, 7, 164),
(4917, 7, 136),
(4918, 7, 37),
(4919, 7, 137),
(4920, 7, 68),
(4921, 7, 69),
(4922, 7, 54),
(4923, 7, 73),
(4924, 7, 71),
(4925, 7, 76),
(4926, 7, 153),
(4927, 7, 77),
(4928, 7, 116),
(4929, 7, 78),
(4930, 7, 171),
(4931, 7, 102),
(4932, 7, 80),
(4933, 7, 81),
(4934, 7, 82),
(4935, 7, 132),
(4936, 7, 83),
(4937, 7, 84),
(4938, 7, 140),
(4939, 7, 138),
(4940, 7, 148),
(4941, 7, 139),
(4942, 7, 59),
(4943, 7, 85),
(4944, 7, 165),
(4945, 7, 87),
(4946, 7, 88),
(4947, 7, 166),
(4948, 7, 89),
(4949, 7, 168),
(4950, 7, 141),
(4951, 7, 91),
(4952, 7, 150),
(4953, 7, 157),
(4954, 7, 92),
(4955, 7, 167),
(4956, 7, 95),
(4957, 7, 121),
(4958, 7, 96),
(4959, 7, 97),
(4960, 7, 170),
(4961, 7, 99),
(4962, 7, 120),
(4963, 7, 154),
(4964, 7, 101),
(4965, 7, 155),
(4966, 7, 104),
(4967, 7, 105),
(4968, 7, 106),
(4969, 7, 107),
(4970, 7, 108),
(4971, 7, 113),
(4972, 7, 110),
(4973, 7, 93),
(4974, 7, 72),
(4975, 7, 114),
(4976, 7, 115),
(4977, 7, 117),
(4978, 7, 145),
(4979, 7, 119),
(4980, 81, 0),
(4981, 81, 60),
(4982, 81, 133),
(4983, 81, 169),
(4984, 81, 134),
(4985, 81, 131),
(4986, 81, 64),
(4987, 81, 135),
(4988, 81, 65),
(4989, 81, 164),
(4990, 81, 136),
(4991, 81, 37),
(4992, 81, 137),
(4993, 81, 68),
(4994, 81, 69),
(4995, 81, 54),
(4996, 81, 73),
(4997, 81, 71),
(4998, 81, 76),
(4999, 81, 153),
(5000, 81, 77),
(5001, 81, 116),
(5002, 81, 78),
(5003, 81, 171),
(5004, 81, 102),
(5005, 81, 80),
(5006, 81, 81),
(5007, 81, 82),
(5008, 81, 132),
(5009, 81, 83),
(5010, 81, 84),
(5011, 81, 140),
(5012, 81, 138),
(5013, 81, 148),
(5014, 81, 139),
(5015, 81, 59),
(5016, 81, 85),
(5017, 81, 165),
(5018, 81, 87),
(5019, 81, 88),
(5020, 81, 166),
(5021, 81, 89),
(5022, 81, 168),
(5023, 81, 141),
(5024, 81, 91),
(5025, 81, 150),
(5026, 81, 157),
(5027, 81, 92),
(5028, 81, 167),
(5029, 81, 95),
(5030, 81, 121),
(5031, 81, 96),
(5032, 81, 97),
(5033, 81, 170),
(5034, 81, 99),
(5035, 81, 120),
(5036, 81, 154),
(5037, 81, 101),
(5038, 81, 155),
(5039, 81, 104),
(5040, 81, 105),
(5041, 81, 106),
(5042, 81, 107),
(5043, 81, 108),
(5044, 81, 113),
(5045, 81, 110),
(5046, 81, 93),
(5047, 81, 72),
(5048, 81, 114),
(5049, 81, 115),
(5050, 81, 117),
(5051, 81, 145),
(5052, 81, 119),
(5053, 30, 0),
(5054, 30, 60),
(5055, 30, 133),
(5056, 30, 169),
(5057, 30, 134),
(5058, 30, 131),
(5059, 30, 64),
(5060, 30, 135),
(5061, 30, 65),
(5062, 30, 164),
(5063, 30, 136),
(5064, 30, 37),
(5065, 30, 137),
(5066, 30, 68),
(5067, 30, 69),
(5068, 30, 54),
(5069, 30, 73),
(5070, 30, 71),
(5071, 30, 76),
(5072, 30, 153),
(5073, 30, 77),
(5074, 30, 116),
(5075, 30, 78),
(5076, 30, 171),
(5077, 30, 102),
(5078, 30, 80),
(5079, 30, 81),
(5080, 30, 82),
(5081, 30, 132),
(5082, 30, 83),
(5083, 30, 84),
(5084, 30, 140),
(5085, 30, 138),
(5086, 30, 148),
(5087, 30, 139),
(5088, 30, 59),
(5089, 30, 85),
(5090, 30, 165),
(5091, 30, 87),
(5092, 30, 88),
(5093, 30, 166),
(5094, 30, 89),
(5095, 30, 168),
(5096, 30, 141),
(5097, 30, 91),
(5098, 30, 150),
(5099, 30, 157),
(5100, 30, 92),
(5101, 30, 167),
(5102, 30, 95),
(5103, 30, 121),
(5104, 30, 96),
(5105, 30, 97),
(5106, 30, 170),
(5107, 30, 99),
(5108, 30, 120),
(5109, 30, 154),
(5110, 30, 101),
(5111, 30, 155),
(5112, 30, 104),
(5113, 30, 105),
(5114, 30, 106),
(5115, 30, 107),
(5116, 30, 108),
(5117, 30, 113),
(5118, 30, 110),
(5119, 30, 93),
(5120, 30, 72),
(5121, 30, 114),
(5122, 30, 115),
(5123, 30, 117),
(5124, 30, 145),
(5125, 30, 119),
(5126, 15, 0),
(5127, 15, 60),
(5128, 15, 133),
(5129, 15, 169),
(5130, 15, 134),
(5131, 15, 131),
(5132, 15, 64),
(5133, 15, 135),
(5134, 15, 65),
(5135, 15, 164),
(5136, 15, 136),
(5137, 15, 37),
(5138, 15, 137),
(5139, 15, 68),
(5140, 15, 69),
(5141, 15, 54),
(5142, 15, 73),
(5143, 15, 71),
(5144, 15, 76),
(5145, 15, 153),
(5146, 15, 77),
(5147, 15, 116),
(5148, 15, 78),
(5149, 15, 171),
(5150, 15, 102),
(5151, 15, 80),
(5152, 15, 81),
(5153, 15, 82),
(5154, 15, 132),
(5155, 15, 83),
(5156, 15, 84),
(5157, 15, 140),
(5158, 15, 138),
(5159, 15, 148),
(5160, 15, 139),
(5161, 15, 59),
(5162, 15, 85),
(5163, 15, 165),
(5164, 15, 87),
(5165, 15, 88),
(5166, 15, 166),
(5167, 15, 89),
(5168, 15, 168),
(5169, 15, 141),
(5170, 15, 91),
(5171, 15, 150),
(5172, 15, 157),
(5173, 15, 92),
(5174, 15, 167),
(5175, 15, 95),
(5176, 15, 121),
(5177, 15, 96),
(5178, 15, 97),
(5179, 15, 170),
(5180, 15, 99),
(5181, 15, 120),
(5182, 15, 154),
(5183, 15, 101),
(5184, 15, 155),
(5185, 15, 104),
(5186, 15, 105),
(5187, 15, 106),
(5188, 15, 107),
(5189, 15, 108),
(5190, 15, 113),
(5191, 15, 110),
(5192, 15, 93),
(5193, 15, 72),
(5194, 15, 114),
(5195, 15, 115),
(5196, 15, 117),
(5197, 15, 145),
(5198, 15, 119),
(5199, 13, 0),
(5200, 13, 60),
(5201, 13, 133),
(5202, 13, 169),
(5203, 13, 134),
(5204, 13, 131),
(5205, 13, 64),
(5206, 13, 135),
(5207, 13, 65),
(5208, 13, 164),
(5209, 13, 136),
(5210, 13, 37),
(5211, 13, 137),
(5212, 13, 68),
(5213, 13, 69),
(5214, 13, 54),
(5215, 13, 73),
(5216, 13, 71),
(5217, 13, 76),
(5218, 13, 153),
(5219, 13, 77),
(5220, 13, 116),
(5221, 13, 78),
(5222, 13, 171),
(5223, 13, 102),
(5224, 13, 80),
(5225, 13, 81),
(5226, 13, 82),
(5227, 13, 132),
(5228, 13, 83),
(5229, 13, 84),
(5230, 13, 140),
(5231, 13, 138),
(5232, 13, 148),
(5233, 13, 139),
(5234, 13, 59),
(5235, 13, 85),
(5236, 13, 165),
(5237, 13, 87),
(5238, 13, 88),
(5239, 13, 166),
(5240, 13, 89),
(5241, 13, 168),
(5242, 13, 141),
(5243, 13, 91),
(5244, 13, 150),
(5245, 13, 157),
(5246, 13, 92),
(5247, 13, 167),
(5248, 13, 95),
(5249, 13, 121),
(5250, 13, 96),
(5251, 13, 97),
(5252, 13, 170),
(5253, 13, 99),
(5254, 13, 120),
(5255, 13, 154),
(5256, 13, 101),
(5257, 13, 155),
(5258, 13, 104),
(5259, 13, 105),
(5260, 13, 106),
(5261, 13, 107),
(5262, 13, 108),
(5263, 13, 113),
(5264, 13, 110),
(5265, 13, 93),
(5266, 13, 72),
(5267, 13, 114),
(5268, 13, 115),
(5269, 13, 117),
(5270, 13, 145),
(5271, 13, 119),
(5272, 14, 0),
(5273, 14, 60),
(5274, 14, 133),
(5275, 14, 169),
(5276, 14, 134),
(5277, 14, 131),
(5278, 14, 64),
(5279, 14, 135),
(5280, 14, 65),
(5281, 14, 164),
(5282, 14, 136),
(5283, 14, 37),
(5284, 14, 137),
(5285, 14, 68),
(5286, 14, 69),
(5287, 14, 54),
(5288, 14, 73),
(5289, 14, 71),
(5290, 14, 76),
(5291, 14, 153),
(5292, 14, 77),
(5293, 14, 116),
(5294, 14, 78),
(5295, 14, 171),
(5296, 14, 102),
(5297, 14, 80),
(5298, 14, 81),
(5299, 14, 82),
(5300, 14, 132),
(5301, 14, 83),
(5302, 14, 84),
(5303, 14, 140),
(5304, 14, 138),
(5305, 14, 148),
(5306, 14, 139),
(5307, 14, 59),
(5308, 14, 85),
(5309, 14, 165),
(5310, 14, 87),
(5311, 14, 88),
(5312, 14, 166),
(5313, 14, 89),
(5314, 14, 168),
(5315, 14, 141),
(5316, 14, 91),
(5317, 14, 150),
(5318, 14, 157),
(5319, 14, 92),
(5320, 14, 167),
(5321, 14, 95),
(5322, 14, 121),
(5323, 14, 96),
(5324, 14, 97),
(5325, 14, 170),
(5326, 14, 99),
(5327, 14, 120),
(5328, 14, 154),
(5329, 14, 101),
(5330, 14, 155),
(5331, 14, 104),
(5332, 14, 105),
(5333, 14, 106),
(5334, 14, 107),
(5335, 14, 108),
(5336, 14, 113),
(5337, 14, 110),
(5338, 14, 93),
(5339, 14, 72),
(5340, 14, 114),
(5341, 14, 115),
(5342, 14, 117),
(5343, 14, 145),
(5344, 14, 119),
(5418, 17, 0),
(5419, 17, 60),
(5420, 17, 133),
(5421, 17, 169),
(5422, 17, 134),
(5423, 17, 131),
(5424, 17, 64),
(5425, 17, 135),
(5426, 17, 65),
(5427, 17, 164),
(5428, 17, 136),
(5429, 17, 37),
(5430, 17, 137),
(5431, 17, 68),
(5432, 17, 69),
(5433, 17, 54),
(5434, 17, 73),
(5435, 17, 71),
(5436, 17, 76),
(5437, 17, 153),
(5438, 17, 77),
(5439, 17, 116),
(5440, 17, 78),
(5441, 17, 171),
(5442, 17, 102),
(5443, 17, 80),
(5444, 17, 81),
(5445, 17, 82),
(5446, 17, 132),
(5447, 17, 83),
(5448, 17, 84),
(5449, 17, 140),
(5450, 17, 138),
(5451, 17, 148),
(5452, 17, 139),
(5453, 17, 59),
(5454, 17, 85),
(5455, 17, 165),
(5456, 17, 87),
(5457, 17, 88),
(5458, 17, 166),
(5459, 17, 89),
(5460, 17, 168),
(5461, 17, 141),
(5462, 17, 91),
(5463, 17, 150),
(5464, 17, 157),
(5465, 17, 92),
(5466, 17, 167),
(5467, 17, 95),
(5468, 17, 121),
(5469, 17, 96),
(5470, 17, 97),
(5471, 17, 170),
(5472, 17, 99),
(5473, 17, 120),
(5474, 17, 154),
(5475, 17, 101),
(5476, 17, 155),
(5477, 17, 104),
(5478, 17, 105),
(5479, 17, 106),
(5480, 17, 107),
(5481, 17, 108),
(5482, 17, 113),
(5483, 17, 110),
(5484, 17, 93),
(5485, 17, 72),
(5486, 17, 114),
(5487, 17, 115),
(5488, 17, 117),
(5489, 17, 145),
(5490, 17, 119),
(5491, 18, 0),
(5492, 18, 60),
(5493, 18, 133),
(5494, 18, 169),
(5495, 18, 134),
(5496, 18, 131),
(5497, 18, 64),
(5498, 18, 135),
(5499, 18, 65),
(5500, 18, 164),
(5501, 18, 136),
(5502, 18, 37),
(5503, 18, 137),
(5504, 18, 68),
(5505, 18, 69),
(5506, 18, 54),
(5507, 18, 73),
(5508, 18, 71),
(5509, 18, 76),
(5510, 18, 153),
(5511, 18, 77),
(5512, 18, 116),
(5513, 18, 78),
(5514, 18, 171),
(5515, 18, 102),
(5516, 18, 80),
(5517, 18, 81),
(5518, 18, 82),
(5519, 18, 132),
(5520, 18, 83),
(5521, 18, 84),
(5522, 18, 140),
(5523, 18, 138),
(5524, 18, 148),
(5525, 18, 139),
(5526, 18, 59),
(5527, 18, 85),
(5528, 18, 165),
(5529, 18, 87),
(5530, 18, 88),
(5531, 18, 166),
(5532, 18, 89),
(5533, 18, 168),
(5534, 18, 141),
(5535, 18, 91),
(5536, 18, 150),
(5537, 18, 157),
(5538, 18, 92),
(5539, 18, 167),
(5540, 18, 95),
(5541, 18, 121),
(5542, 18, 96),
(5543, 18, 97),
(5544, 18, 170),
(5545, 18, 99),
(5546, 18, 120),
(5547, 18, 154),
(5548, 18, 101),
(5549, 18, 155),
(5550, 18, 104),
(5551, 18, 105),
(5552, 18, 106),
(5553, 18, 107),
(5554, 18, 108),
(5555, 18, 113),
(5556, 18, 110),
(5557, 18, 93),
(5558, 18, 72),
(5559, 18, 114),
(5560, 18, 115),
(5561, 18, 117),
(5562, 18, 145),
(5563, 18, 119),
(5564, 52, 0),
(5565, 52, 60),
(5566, 52, 133),
(5567, 52, 169),
(5568, 52, 134),
(5569, 52, 131),
(5570, 52, 64),
(5571, 52, 135),
(5572, 52, 65),
(5573, 52, 164),
(5574, 52, 136),
(5575, 52, 37),
(5576, 52, 137),
(5577, 52, 68),
(5578, 52, 69),
(5579, 52, 54),
(5580, 52, 73),
(5581, 52, 71),
(5582, 52, 76),
(5583, 52, 153),
(5584, 52, 77),
(5585, 52, 116),
(5586, 52, 78),
(5587, 52, 171),
(5588, 52, 102),
(5589, 52, 80),
(5590, 52, 81),
(5591, 52, 82),
(5592, 52, 132),
(5593, 52, 83),
(5594, 52, 84),
(5595, 52, 140),
(5596, 52, 138),
(5597, 52, 148),
(5598, 52, 139),
(5599, 52, 59),
(5600, 52, 85),
(5601, 52, 165),
(5602, 52, 87),
(5603, 52, 88),
(5604, 52, 166),
(5605, 52, 89),
(5606, 52, 168),
(5607, 52, 141),
(5608, 52, 91),
(5609, 52, 150),
(5610, 52, 157),
(5611, 52, 92),
(5612, 52, 167),
(5613, 52, 95),
(5614, 52, 121),
(5615, 52, 96),
(5616, 52, 97),
(5617, 52, 170),
(5618, 52, 99),
(5619, 52, 120),
(5620, 52, 154),
(5621, 52, 101),
(5622, 52, 155),
(5623, 52, 104),
(5624, 52, 105),
(5625, 52, 106),
(5626, 52, 107),
(5627, 52, 108),
(5628, 52, 113),
(5629, 52, 110),
(5630, 52, 93),
(5631, 52, 72),
(5632, 52, 114),
(5633, 52, 115),
(5634, 52, 117),
(5635, 52, 145),
(5636, 52, 119),
(5637, 20, 0),
(5638, 20, 60),
(5639, 20, 133),
(5640, 20, 169),
(5641, 20, 134),
(5642, 20, 131),
(5643, 20, 64),
(5644, 20, 135),
(5645, 20, 65),
(5646, 20, 164),
(5647, 20, 136),
(5648, 20, 37),
(5649, 20, 137),
(5650, 20, 68),
(5651, 20, 69),
(5652, 20, 54),
(5653, 20, 73),
(5654, 20, 71),
(5655, 20, 76),
(5656, 20, 153),
(5657, 20, 77),
(5658, 20, 116),
(5659, 20, 78),
(5660, 20, 171),
(5661, 20, 102),
(5662, 20, 80),
(5663, 20, 81),
(5664, 20, 82),
(5665, 20, 132),
(5666, 20, 83),
(5667, 20, 84),
(5668, 20, 140),
(5669, 20, 138),
(5670, 20, 148),
(5671, 20, 139),
(5672, 20, 59),
(5673, 20, 85),
(5674, 20, 165),
(5675, 20, 87),
(5676, 20, 88),
(5677, 20, 166),
(5678, 20, 89),
(5679, 20, 168),
(5680, 20, 141),
(5681, 20, 91),
(5682, 20, 150),
(5683, 20, 157),
(5684, 20, 92),
(5685, 20, 167),
(5686, 20, 95),
(5687, 20, 121),
(5688, 20, 96),
(5689, 20, 97),
(5690, 20, 170),
(5691, 20, 99),
(5692, 20, 120),
(5693, 20, 154),
(5694, 20, 101),
(5695, 20, 155),
(5696, 20, 104),
(5697, 20, 105),
(5698, 20, 106),
(5699, 20, 107),
(5700, 20, 108),
(5701, 20, 113),
(5702, 20, 110),
(5703, 20, 93),
(5704, 20, 72),
(5705, 20, 114),
(5706, 20, 115),
(5707, 20, 117),
(5708, 20, 145),
(5709, 20, 119),
(5710, 23, 0),
(5711, 23, 60),
(5712, 23, 133),
(5713, 23, 169),
(5714, 23, 134),
(5715, 23, 131),
(5716, 23, 64),
(5717, 23, 135),
(5718, 23, 65),
(5719, 23, 164),
(5720, 23, 136),
(5721, 23, 37),
(5722, 23, 137),
(5723, 23, 68),
(5724, 23, 69),
(5725, 23, 54),
(5726, 23, 73),
(5727, 23, 71),
(5728, 23, 76),
(5729, 23, 153),
(5730, 23, 77),
(5731, 23, 116),
(5732, 23, 78),
(5733, 23, 171),
(5734, 23, 102),
(5735, 23, 80),
(5736, 23, 81),
(5737, 23, 82),
(5738, 23, 132),
(5739, 23, 83),
(5740, 23, 84),
(5741, 23, 140),
(5742, 23, 138),
(5743, 23, 148),
(5744, 23, 139),
(5745, 23, 59),
(5746, 23, 85),
(5747, 23, 165),
(5748, 23, 87),
(5749, 23, 88),
(5750, 23, 166),
(5751, 23, 89),
(5752, 23, 168),
(5753, 23, 141),
(5754, 23, 91),
(5755, 23, 150),
(5756, 23, 157),
(5757, 23, 92),
(5758, 23, 167),
(5759, 23, 95),
(5760, 23, 121),
(5761, 23, 96),
(5762, 23, 97),
(5763, 23, 170),
(5764, 23, 99),
(5765, 23, 120),
(5766, 23, 154),
(5767, 23, 101),
(5768, 23, 155),
(5769, 23, 104),
(5770, 23, 105),
(5771, 23, 106),
(5772, 23, 107),
(5773, 23, 108),
(5774, 23, 113),
(5775, 23, 110),
(5776, 23, 93),
(5777, 23, 72),
(5778, 23, 114),
(5779, 23, 115),
(5780, 23, 117),
(5781, 23, 145),
(5782, 23, 119),
(5783, 24, 0),
(5784, 24, 60),
(5785, 24, 133),
(5786, 24, 169),
(5787, 24, 134),
(5788, 24, 131),
(5789, 24, 64),
(5790, 24, 135),
(5791, 24, 65),
(5792, 24, 164),
(5793, 24, 136),
(5794, 24, 37),
(5795, 24, 137),
(5796, 24, 68),
(5797, 24, 69),
(5798, 24, 54),
(5799, 24, 73),
(5800, 24, 71),
(5801, 24, 76),
(5802, 24, 153),
(5803, 24, 77),
(5804, 24, 116),
(5805, 24, 78),
(5806, 24, 171),
(5807, 24, 102),
(5808, 24, 80),
(5809, 24, 81),
(5810, 24, 82),
(5811, 24, 132),
(5812, 24, 83),
(5813, 24, 84),
(5814, 24, 140),
(5815, 24, 138),
(5816, 24, 148),
(5817, 24, 139),
(5818, 24, 59),
(5819, 24, 85),
(5820, 24, 165),
(5821, 24, 87),
(5822, 24, 88),
(5823, 24, 166),
(5824, 24, 89),
(5825, 24, 168),
(5826, 24, 141),
(5827, 24, 91),
(5828, 24, 150),
(5829, 24, 157),
(5830, 24, 92),
(5831, 24, 167),
(5832, 24, 95),
(5833, 24, 121),
(5834, 24, 96),
(5835, 24, 97),
(5836, 24, 170),
(5837, 24, 99),
(5838, 24, 120),
(5839, 24, 154),
(5840, 24, 101),
(5841, 24, 155),
(5842, 24, 104),
(5843, 24, 105),
(5844, 24, 106),
(5845, 24, 107),
(5846, 24, 108),
(5847, 24, 113),
(5848, 24, 110),
(5849, 24, 93),
(5850, 24, 72),
(5851, 24, 114),
(5852, 24, 115),
(5853, 24, 117),
(5854, 24, 145),
(5855, 24, 119),
(5856, 25, 0),
(5857, 25, 60),
(5858, 25, 133),
(5859, 25, 169),
(5860, 25, 134),
(5861, 25, 131),
(5862, 25, 64),
(5863, 25, 135),
(5864, 25, 65),
(5865, 25, 164),
(5866, 25, 136),
(5867, 25, 37),
(5868, 25, 137),
(5869, 25, 68),
(5870, 25, 69),
(5871, 25, 54),
(5872, 25, 73),
(5873, 25, 71),
(5874, 25, 76),
(5875, 25, 153),
(5876, 25, 77),
(5877, 25, 116),
(5878, 25, 78),
(5879, 25, 171),
(5880, 25, 102),
(5881, 25, 80),
(5882, 25, 81),
(5883, 25, 82),
(5884, 25, 132),
(5885, 25, 83),
(5886, 25, 84),
(5887, 25, 140),
(5888, 25, 138),
(5889, 25, 148),
(5890, 25, 139),
(5891, 25, 59),
(5892, 25, 85),
(5893, 25, 165),
(5894, 25, 87),
(5895, 25, 88),
(5896, 25, 166),
(5897, 25, 89),
(5898, 25, 168),
(5899, 25, 141),
(5900, 25, 91),
(5901, 25, 150),
(5902, 25, 157),
(5903, 25, 92),
(5904, 25, 167),
(5905, 25, 95),
(5906, 25, 121),
(5907, 25, 96),
(5908, 25, 97),
(5909, 25, 170),
(5910, 25, 99),
(5911, 25, 120),
(5912, 25, 154),
(5913, 25, 101),
(5914, 25, 155),
(5915, 25, 104),
(5916, 25, 105),
(5917, 25, 106),
(5918, 25, 107),
(5919, 25, 108),
(5920, 25, 113),
(5921, 25, 110),
(5922, 25, 93),
(5923, 25, 72),
(5924, 25, 114),
(5925, 25, 115),
(5926, 25, 117),
(5927, 25, 145),
(5928, 25, 119),
(5929, 26, 0),
(5930, 26, 60),
(5931, 26, 133),
(5932, 26, 169),
(5933, 26, 134),
(5934, 26, 131),
(5935, 26, 64),
(5936, 26, 135),
(5937, 26, 65),
(5938, 26, 164),
(5939, 26, 136),
(5940, 26, 37),
(5941, 26, 137),
(5942, 26, 68),
(5943, 26, 69),
(5944, 26, 54),
(5945, 26, 73),
(5946, 26, 71),
(5947, 26, 76),
(5948, 26, 153),
(5949, 26, 77),
(5950, 26, 116),
(5951, 26, 78),
(5952, 26, 171),
(5953, 26, 102),
(5954, 26, 80),
(5955, 26, 81),
(5956, 26, 82),
(5957, 26, 132),
(5958, 26, 83),
(5959, 26, 84),
(5960, 26, 140),
(5961, 26, 138),
(5962, 26, 148),
(5963, 26, 139),
(5964, 26, 59),
(5965, 26, 85),
(5966, 26, 165),
(5967, 26, 87),
(5968, 26, 88),
(5969, 26, 166),
(5970, 26, 89),
(5971, 26, 168),
(5972, 26, 141),
(5973, 26, 91),
(5974, 26, 150),
(5975, 26, 157),
(5976, 26, 92),
(5977, 26, 167),
(5978, 26, 95),
(5979, 26, 121),
(5980, 26, 96),
(5981, 26, 97),
(5982, 26, 170),
(5983, 26, 99),
(5984, 26, 120),
(5985, 26, 154),
(5986, 26, 101),
(5987, 26, 155),
(5988, 26, 104),
(5989, 26, 105),
(5990, 26, 106),
(5991, 26, 107),
(5992, 26, 108),
(5993, 26, 113),
(5994, 26, 110),
(5995, 26, 93),
(5996, 26, 72),
(5997, 26, 114),
(5998, 26, 115),
(5999, 26, 117),
(6000, 26, 145),
(6001, 26, 119),
(6002, 27, 0),
(6003, 27, 60),
(6004, 27, 133),
(6005, 27, 169),
(6006, 27, 134),
(6007, 27, 131),
(6008, 27, 64),
(6009, 27, 135),
(6010, 27, 65),
(6011, 27, 164),
(6012, 27, 136),
(6013, 27, 37),
(6014, 27, 137),
(6015, 27, 68),
(6016, 27, 69),
(6017, 27, 54),
(6018, 27, 73),
(6019, 27, 71),
(6020, 27, 76),
(6021, 27, 153),
(6022, 27, 77),
(6023, 27, 116),
(6024, 27, 78),
(6025, 27, 171),
(6026, 27, 102),
(6027, 27, 80),
(6028, 27, 81),
(6029, 27, 82),
(6030, 27, 132),
(6031, 27, 83),
(6032, 27, 84),
(6033, 27, 140),
(6034, 27, 138),
(6035, 27, 148),
(6036, 27, 139),
(6037, 27, 59),
(6038, 27, 85),
(6039, 27, 165),
(6040, 27, 87),
(6041, 27, 88),
(6042, 27, 166),
(6043, 27, 89),
(6044, 27, 168),
(6045, 27, 141),
(6046, 27, 91),
(6047, 27, 150),
(6048, 27, 157),
(6049, 27, 92),
(6050, 27, 167),
(6051, 27, 95),
(6052, 27, 121),
(6053, 27, 96),
(6054, 27, 97),
(6055, 27, 170),
(6056, 27, 99),
(6057, 27, 120),
(6058, 27, 154),
(6059, 27, 101),
(6060, 27, 155),
(6061, 27, 104),
(6062, 27, 105),
(6063, 27, 106),
(6064, 27, 107),
(6065, 27, 108),
(6066, 27, 113),
(6067, 27, 110),
(6068, 27, 93),
(6069, 27, 72),
(6070, 27, 114),
(6071, 27, 115),
(6072, 27, 117),
(6073, 27, 145),
(6074, 27, 119),
(6075, 29, 0),
(6076, 29, 60),
(6077, 29, 133),
(6078, 29, 169),
(6079, 29, 134),
(6080, 29, 131),
(6081, 29, 64),
(6082, 29, 135),
(6083, 29, 65),
(6084, 29, 164),
(6085, 29, 136),
(6086, 29, 37),
(6087, 29, 137),
(6088, 29, 68),
(6089, 29, 69),
(6090, 29, 54),
(6091, 29, 73),
(6092, 29, 71),
(6093, 29, 76),
(6094, 29, 153),
(6095, 29, 77),
(6096, 29, 116),
(6097, 29, 78),
(6098, 29, 171),
(6099, 29, 102),
(6100, 29, 80),
(6101, 29, 81),
(6102, 29, 82),
(6103, 29, 132),
(6104, 29, 83),
(6105, 29, 84),
(6106, 29, 140),
(6107, 29, 138),
(6108, 29, 148),
(6109, 29, 139),
(6110, 29, 59),
(6111, 29, 85),
(6112, 29, 165),
(6113, 29, 87),
(6114, 29, 88),
(6115, 29, 166),
(6116, 29, 89),
(6117, 29, 168),
(6118, 29, 141),
(6119, 29, 91),
(6120, 29, 150),
(6121, 29, 157),
(6122, 29, 92),
(6123, 29, 167),
(6124, 29, 95),
(6125, 29, 121),
(6126, 29, 96),
(6127, 29, 97),
(6128, 29, 170),
(6129, 29, 99),
(6130, 29, 120),
(6131, 29, 154),
(6132, 29, 101),
(6133, 29, 155),
(6134, 29, 104),
(6135, 29, 105),
(6136, 29, 106),
(6137, 29, 107),
(6138, 29, 108),
(6139, 29, 113),
(6140, 29, 110),
(6141, 29, 93),
(6142, 29, 72),
(6143, 29, 114),
(6144, 29, 115),
(6145, 29, 117),
(6146, 29, 145),
(6147, 29, 119),
(6148, 82, 0),
(6149, 82, 60),
(6150, 82, 133),
(6151, 82, 169),
(6152, 82, 134),
(6153, 82, 131),
(6154, 82, 64),
(6155, 82, 135),
(6156, 82, 65),
(6157, 82, 164),
(6158, 82, 136),
(6159, 82, 37),
(6160, 82, 137),
(6161, 82, 68),
(6162, 82, 69),
(6163, 82, 54),
(6164, 82, 73),
(6165, 82, 71),
(6166, 82, 76),
(6167, 82, 153),
(6168, 82, 77),
(6169, 82, 116),
(6170, 82, 78),
(6171, 82, 171),
(6172, 82, 102),
(6173, 82, 80),
(6174, 82, 81),
(6175, 82, 82),
(6176, 82, 132),
(6177, 82, 83),
(6178, 82, 84),
(6179, 82, 140),
(6180, 82, 138),
(6181, 82, 148),
(6182, 82, 139),
(6183, 82, 59),
(6184, 82, 85),
(6185, 82, 165),
(6186, 82, 87),
(6187, 82, 88),
(6188, 82, 166),
(6189, 82, 89),
(6190, 82, 168),
(6191, 82, 141),
(6192, 82, 91),
(6193, 82, 150),
(6194, 82, 157),
(6195, 82, 92),
(6196, 82, 167),
(6197, 82, 95),
(6198, 82, 121),
(6199, 82, 96),
(6200, 82, 97),
(6201, 82, 170),
(6202, 82, 99),
(6203, 82, 120),
(6204, 82, 154),
(6205, 82, 101),
(6206, 82, 155),
(6207, 82, 104),
(6208, 82, 105),
(6209, 82, 106),
(6210, 82, 107),
(6211, 82, 108),
(6212, 82, 113),
(6213, 82, 110),
(6214, 82, 93),
(6215, 82, 72),
(6216, 82, 114),
(6217, 82, 115),
(6218, 82, 117),
(6219, 82, 145),
(6220, 82, 119),
(6221, 31, 0),
(6222, 31, 60),
(6223, 31, 133),
(6224, 31, 169),
(6225, 31, 134),
(6226, 31, 131),
(6227, 31, 64),
(6228, 31, 135),
(6229, 31, 65),
(6230, 31, 164),
(6231, 31, 136),
(6232, 31, 37),
(6233, 31, 137),
(6234, 31, 68),
(6235, 31, 69),
(6236, 31, 54),
(6237, 31, 73),
(6238, 31, 71),
(6239, 31, 76),
(6240, 31, 153),
(6241, 31, 77),
(6242, 31, 116),
(6243, 31, 78),
(6244, 31, 171),
(6245, 31, 102),
(6246, 31, 80),
(6247, 31, 81),
(6248, 31, 82),
(6249, 31, 132),
(6250, 31, 83),
(6251, 31, 84),
(6252, 31, 140),
(6253, 31, 138),
(6254, 31, 148),
(6255, 31, 139),
(6256, 31, 59),
(6257, 31, 85),
(6258, 31, 165),
(6259, 31, 87),
(6260, 31, 88),
(6261, 31, 166),
(6262, 31, 89),
(6263, 31, 168),
(6264, 31, 141),
(6265, 31, 91),
(6266, 31, 150),
(6267, 31, 157),
(6268, 31, 92),
(6269, 31, 167),
(6270, 31, 95),
(6271, 31, 121),
(6272, 31, 96),
(6273, 31, 97),
(6274, 31, 170),
(6275, 31, 99),
(6276, 31, 120),
(6277, 31, 154),
(6278, 31, 101),
(6279, 31, 155),
(6280, 31, 104),
(6281, 31, 105),
(6282, 31, 106),
(6283, 31, 107),
(6284, 31, 108),
(6285, 31, 113),
(6286, 31, 110),
(6287, 31, 93),
(6288, 31, 72),
(6289, 31, 114),
(6290, 31, 115),
(6291, 31, 117),
(6292, 31, 145),
(6293, 31, 119),
(6294, 84, 0),
(6295, 84, 60),
(6296, 84, 133),
(6297, 84, 169),
(6298, 84, 134),
(6299, 84, 131),
(6300, 84, 64),
(6301, 84, 135),
(6302, 84, 65),
(6303, 84, 164),
(6304, 84, 136),
(6305, 84, 37),
(6306, 84, 137),
(6307, 84, 68),
(6308, 84, 69),
(6309, 84, 54),
(6310, 84, 73),
(6311, 84, 71),
(6312, 84, 76),
(6313, 84, 153),
(6314, 84, 77),
(6315, 84, 116),
(6316, 84, 78),
(6317, 84, 171),
(6318, 84, 102),
(6319, 84, 80),
(6320, 84, 81),
(6321, 84, 82),
(6322, 84, 132),
(6323, 84, 83),
(6324, 84, 84),
(6325, 84, 140),
(6326, 84, 138),
(6327, 84, 148),
(6328, 84, 139),
(6329, 84, 59),
(6330, 84, 85),
(6331, 84, 165),
(6332, 84, 87),
(6333, 84, 88),
(6334, 84, 166),
(6335, 84, 89),
(6336, 84, 168),
(6337, 84, 141),
(6338, 84, 91),
(6339, 84, 150),
(6340, 84, 157),
(6341, 84, 92),
(6342, 84, 167),
(6343, 84, 95),
(6344, 84, 121),
(6345, 84, 96),
(6346, 84, 97),
(6347, 84, 170),
(6348, 84, 99),
(6349, 84, 120),
(6350, 84, 154),
(6351, 84, 101),
(6352, 84, 155),
(6353, 84, 104),
(6354, 84, 105),
(6355, 84, 106),
(6356, 84, 107),
(6357, 84, 108),
(6358, 84, 113),
(6359, 84, 110),
(6360, 84, 93),
(6361, 84, 72),
(6362, 84, 114),
(6363, 84, 115),
(6364, 84, 117),
(6365, 84, 145),
(6366, 84, 119),
(6367, 33, 0),
(6368, 33, 60),
(6369, 33, 133),
(6370, 33, 169),
(6371, 33, 134),
(6372, 33, 131),
(6373, 33, 64),
(6374, 33, 135),
(6375, 33, 65),
(6376, 33, 164),
(6377, 33, 136),
(6378, 33, 37),
(6379, 33, 137),
(6380, 33, 68),
(6381, 33, 69),
(6382, 33, 54),
(6383, 33, 73),
(6384, 33, 71),
(6385, 33, 76),
(6386, 33, 153),
(6387, 33, 77),
(6388, 33, 116),
(6389, 33, 78),
(6390, 33, 171),
(6391, 33, 102),
(6392, 33, 80),
(6393, 33, 81),
(6394, 33, 82),
(6395, 33, 132),
(6396, 33, 83),
(6397, 33, 84),
(6398, 33, 140),
(6399, 33, 138),
(6400, 33, 148),
(6401, 33, 139),
(6402, 33, 59),
(6403, 33, 85),
(6404, 33, 165),
(6405, 33, 87),
(6406, 33, 88),
(6407, 33, 166),
(6408, 33, 89),
(6409, 33, 168),
(6410, 33, 141),
(6411, 33, 91),
(6412, 33, 150),
(6413, 33, 157),
(6414, 33, 92),
(6415, 33, 167),
(6416, 33, 95),
(6417, 33, 121),
(6418, 33, 96),
(6419, 33, 97),
(6420, 33, 170),
(6421, 33, 99),
(6422, 33, 120),
(6423, 33, 154),
(6424, 33, 101),
(6425, 33, 155),
(6426, 33, 104),
(6427, 33, 105),
(6428, 33, 106),
(6429, 33, 107),
(6430, 33, 108),
(6431, 33, 113),
(6432, 33, 110),
(6433, 33, 93),
(6434, 33, 72),
(6435, 33, 114),
(6436, 33, 115),
(6437, 33, 117),
(6438, 33, 145),
(6439, 33, 119),
(6440, 35, 0),
(6441, 35, 60),
(6442, 35, 133),
(6443, 35, 169),
(6444, 35, 134),
(6445, 35, 131),
(6446, 35, 64),
(6447, 35, 135),
(6448, 35, 65),
(6449, 35, 164),
(6450, 35, 136),
(6451, 35, 37),
(6452, 35, 137),
(6453, 35, 68),
(6454, 35, 69),
(6455, 35, 54),
(6456, 35, 73),
(6457, 35, 71),
(6458, 35, 76),
(6459, 35, 153),
(6460, 35, 77),
(6461, 35, 116),
(6462, 35, 78),
(6463, 35, 171),
(6464, 35, 102),
(6465, 35, 80),
(6466, 35, 81),
(6467, 35, 82),
(6468, 35, 132),
(6469, 35, 83),
(6470, 35, 84),
(6471, 35, 140),
(6472, 35, 138),
(6473, 35, 148),
(6474, 35, 139),
(6475, 35, 59),
(6476, 35, 85),
(6477, 35, 165),
(6478, 35, 87),
(6479, 35, 88),
(6480, 35, 166),
(6481, 35, 89),
(6482, 35, 168),
(6483, 35, 141),
(6484, 35, 91),
(6485, 35, 150),
(6486, 35, 157),
(6487, 35, 92),
(6488, 35, 167),
(6489, 35, 95),
(6490, 35, 121),
(6491, 35, 96),
(6492, 35, 97),
(6493, 35, 170),
(6494, 35, 99),
(6495, 35, 120),
(6496, 35, 154),
(6497, 35, 101),
(6498, 35, 155),
(6499, 35, 104),
(6500, 35, 105),
(6501, 35, 106),
(6502, 35, 107),
(6503, 35, 108),
(6504, 35, 113),
(6505, 35, 110),
(6506, 35, 93),
(6507, 35, 72),
(6508, 35, 114),
(6509, 35, 115),
(6510, 35, 117),
(6511, 35, 145),
(6512, 35, 119),
(6513, 36, 0),
(6514, 36, 60),
(6515, 36, 133),
(6516, 36, 169),
(6517, 36, 134),
(6518, 36, 131),
(6519, 36, 64),
(6520, 36, 135),
(6521, 36, 65),
(6522, 36, 164),
(6523, 36, 136),
(6524, 36, 37),
(6525, 36, 137),
(6526, 36, 68),
(6527, 36, 69),
(6528, 36, 54),
(6529, 36, 73),
(6530, 36, 71),
(6531, 36, 76),
(6532, 36, 153),
(6533, 36, 77),
(6534, 36, 116),
(6535, 36, 78),
(6536, 36, 171),
(6537, 36, 102),
(6538, 36, 80),
(6539, 36, 81),
(6540, 36, 82),
(6541, 36, 132),
(6542, 36, 83),
(6543, 36, 84),
(6544, 36, 140),
(6545, 36, 138),
(6546, 36, 148),
(6547, 36, 139),
(6548, 36, 59),
(6549, 36, 85),
(6550, 36, 165),
(6551, 36, 87),
(6552, 36, 88),
(6553, 36, 166),
(6554, 36, 89),
(6555, 36, 168),
(6556, 36, 141),
(6557, 36, 91),
(6558, 36, 150),
(6559, 36, 157),
(6560, 36, 92),
(6561, 36, 167),
(6562, 36, 95),
(6563, 36, 121),
(6564, 36, 96),
(6565, 36, 97),
(6566, 36, 170),
(6567, 36, 99),
(6568, 36, 120),
(6569, 36, 154),
(6570, 36, 101),
(6571, 36, 155),
(6572, 36, 104),
(6573, 36, 105),
(6574, 36, 106),
(6575, 36, 107),
(6576, 36, 108),
(6577, 36, 113),
(6578, 36, 110),
(6579, 36, 93),
(6580, 36, 72),
(6581, 36, 114),
(6582, 36, 115),
(6583, 36, 117),
(6584, 36, 145),
(6585, 36, 119),
(6586, 83, 0),
(6587, 83, 60),
(6588, 83, 133),
(6589, 83, 169),
(6590, 83, 134),
(6591, 83, 131),
(6592, 83, 64),
(6593, 83, 135),
(6594, 83, 65),
(6595, 83, 164),
(6596, 83, 136),
(6597, 83, 37),
(6598, 83, 137),
(6599, 83, 68),
(6600, 83, 69),
(6601, 83, 54),
(6602, 83, 73),
(6603, 83, 71),
(6604, 83, 76),
(6605, 83, 153),
(6606, 83, 77),
(6607, 83, 116),
(6608, 83, 78),
(6609, 83, 171),
(6610, 83, 102),
(6611, 83, 80),
(6612, 83, 81),
(6613, 83, 82),
(6614, 83, 132),
(6615, 83, 83),
(6616, 83, 84),
(6617, 83, 140),
(6618, 83, 138),
(6619, 83, 148),
(6620, 83, 139),
(6621, 83, 59),
(6622, 83, 85),
(6623, 83, 165),
(6624, 83, 87),
(6625, 83, 88),
(6626, 83, 166),
(6627, 83, 89),
(6628, 83, 168),
(6629, 83, 141),
(6630, 83, 91),
(6631, 83, 150),
(6632, 83, 157),
(6633, 83, 92),
(6634, 83, 167),
(6635, 83, 95),
(6636, 83, 121),
(6637, 83, 96),
(6638, 83, 97),
(6639, 83, 170),
(6640, 83, 99),
(6641, 83, 120),
(6642, 83, 154),
(6643, 83, 101),
(6644, 83, 155),
(6645, 83, 104),
(6646, 83, 105),
(6647, 83, 106),
(6648, 83, 107),
(6649, 83, 108),
(6650, 83, 113),
(6651, 83, 110),
(6652, 83, 93),
(6653, 83, 72),
(6654, 83, 114),
(6655, 83, 115),
(6656, 83, 117),
(6657, 83, 145),
(6658, 83, 119),
(6659, 58, 0),
(6660, 58, 60),
(6661, 58, 133),
(6662, 58, 169),
(6663, 58, 134),
(6664, 58, 131),
(6665, 58, 64),
(6666, 58, 135),
(6667, 58, 65),
(6668, 58, 164),
(6669, 58, 136),
(6670, 58, 37),
(6671, 58, 137),
(6672, 58, 68),
(6673, 58, 69),
(6674, 58, 54),
(6675, 58, 73),
(6676, 58, 71),
(6677, 58, 76),
(6678, 58, 153),
(6679, 58, 77),
(6680, 58, 116),
(6681, 58, 78),
(6682, 58, 171),
(6683, 58, 102),
(6684, 58, 80),
(6685, 58, 81),
(6686, 58, 82),
(6687, 58, 132),
(6688, 58, 83),
(6689, 58, 84),
(6690, 58, 140),
(6691, 58, 138),
(6692, 58, 148),
(6693, 58, 139),
(6694, 58, 59),
(6695, 58, 85),
(6696, 58, 165),
(6697, 58, 87),
(6698, 58, 88),
(6699, 58, 166),
(6700, 58, 89),
(6701, 58, 168),
(6702, 58, 141),
(6703, 58, 91),
(6704, 58, 150),
(6705, 58, 157),
(6706, 58, 92),
(6707, 58, 167),
(6708, 58, 95),
(6709, 58, 121),
(6710, 58, 96),
(6711, 58, 97),
(6712, 58, 170),
(6713, 58, 99),
(6714, 58, 120),
(6715, 58, 154),
(6716, 58, 101),
(6717, 58, 155),
(6718, 58, 104),
(6719, 58, 105),
(6720, 58, 106),
(6721, 58, 107),
(6722, 58, 108),
(6723, 58, 113),
(6724, 58, 110),
(6725, 58, 93),
(6726, 58, 72),
(6727, 58, 114),
(6728, 58, 115),
(6729, 58, 117),
(6730, 58, 145),
(6731, 58, 119),
(6732, 4, 0),
(6733, 4, 60),
(6734, 4, 133),
(6735, 4, 169),
(6736, 4, 134),
(6737, 4, 131),
(6738, 4, 64),
(6739, 4, 135),
(6740, 4, 65),
(6741, 4, 164),
(6742, 4, 136),
(6743, 4, 37),
(6744, 4, 137),
(6745, 4, 68),
(6746, 4, 69),
(6747, 4, 54),
(6748, 4, 73),
(6749, 4, 71),
(6750, 4, 76),
(6751, 4, 153),
(6752, 4, 77),
(6753, 4, 116),
(6754, 4, 78),
(6755, 4, 171),
(6756, 4, 102),
(6757, 4, 80),
(6758, 4, 81),
(6759, 4, 82),
(6760, 4, 132),
(6761, 4, 83),
(6762, 4, 84),
(6763, 4, 140),
(6764, 4, 138),
(6765, 4, 148),
(6766, 4, 139),
(6767, 4, 59),
(6768, 4, 85),
(6769, 4, 165),
(6770, 4, 87),
(6771, 4, 88),
(6772, 4, 166),
(6773, 4, 89),
(6774, 4, 168),
(6775, 4, 141),
(6776, 4, 91),
(6777, 4, 150),
(6778, 4, 157),
(6779, 4, 92),
(6780, 4, 167),
(6781, 4, 95),
(6782, 4, 121),
(6783, 4, 96),
(6784, 4, 97),
(6785, 4, 170),
(6786, 4, 99),
(6787, 4, 120),
(6788, 4, 154),
(6789, 4, 101),
(6790, 4, 155),
(6791, 4, 104),
(6792, 4, 105),
(6793, 4, 106),
(6794, 4, 107),
(6795, 4, 108),
(6796, 4, 113),
(6797, 4, 110),
(6798, 4, 93),
(6799, 4, 72),
(6800, 4, 114),
(6801, 4, 115),
(6802, 4, 117),
(6803, 4, 145),
(6804, 4, 119),
(6805, 37, 0),
(6806, 37, 60),
(6807, 37, 133),
(6808, 37, 169),
(6809, 37, 134),
(6810, 37, 131),
(6811, 37, 64),
(6812, 37, 135),
(6813, 37, 65),
(6814, 37, 164),
(6815, 37, 136),
(6816, 37, 37),
(6817, 37, 137),
(6818, 37, 68),
(6819, 37, 69),
(6820, 37, 54),
(6821, 37, 73),
(6822, 37, 71),
(6823, 37, 76),
(6824, 37, 153),
(6825, 37, 77),
(6826, 37, 116),
(6827, 37, 78),
(6828, 37, 171),
(6829, 37, 102),
(6830, 37, 80),
(6831, 37, 81),
(6832, 37, 82),
(6833, 37, 132),
(6834, 37, 83),
(6835, 37, 84),
(6836, 37, 140),
(6837, 37, 138),
(6838, 37, 148),
(6839, 37, 139),
(6840, 37, 59),
(6841, 37, 85),
(6842, 37, 165),
(6843, 37, 87),
(6844, 37, 88),
(6845, 37, 166),
(6846, 37, 89),
(6847, 37, 168),
(6848, 37, 141),
(6849, 37, 91),
(6850, 37, 150),
(6851, 37, 157),
(6852, 37, 92),
(6853, 37, 167),
(6854, 37, 95),
(6855, 37, 121),
(6856, 37, 96),
(6857, 37, 97),
(6858, 37, 170),
(6859, 37, 99),
(6860, 37, 120),
(6861, 37, 154),
(6862, 37, 101),
(6863, 37, 155),
(6864, 37, 104),
(6865, 37, 105),
(6866, 37, 106),
(6867, 37, 107),
(6868, 37, 108),
(6869, 37, 113),
(6870, 37, 110),
(6871, 37, 93),
(6872, 37, 72),
(6873, 37, 114),
(6874, 37, 115),
(6875, 37, 117),
(6876, 37, 145),
(6877, 37, 119),
(6878, 38, 0),
(6879, 38, 60),
(6880, 38, 133),
(6881, 38, 169),
(6882, 38, 134),
(6883, 38, 131),
(6884, 38, 64),
(6885, 38, 135),
(6886, 38, 65),
(6887, 38, 164),
(6888, 38, 136),
(6889, 38, 37),
(6890, 38, 137),
(6891, 38, 68),
(6892, 38, 69),
(6893, 38, 54),
(6894, 38, 73),
(6895, 38, 71),
(6896, 38, 76),
(6897, 38, 153),
(6898, 38, 77),
(6899, 38, 116),
(6900, 38, 78),
(6901, 38, 171),
(6902, 38, 102),
(6903, 38, 80),
(6904, 38, 81),
(6905, 38, 82),
(6906, 38, 132),
(6907, 38, 83),
(6908, 38, 84),
(6909, 38, 140),
(6910, 38, 138),
(6911, 38, 148),
(6912, 38, 139),
(6913, 38, 59),
(6914, 38, 85),
(6915, 38, 165),
(6916, 38, 87),
(6917, 38, 88),
(6918, 38, 166),
(6919, 38, 89),
(6920, 38, 168),
(6921, 38, 141),
(6922, 38, 91),
(6923, 38, 150),
(6924, 38, 157),
(6925, 38, 92),
(6926, 38, 167),
(6927, 38, 95),
(6928, 38, 121),
(6929, 38, 96),
(6930, 38, 97),
(6931, 38, 170),
(6932, 38, 99),
(6933, 38, 120),
(6934, 38, 154),
(6935, 38, 101),
(6936, 38, 155),
(6937, 38, 104),
(6938, 38, 105),
(6939, 38, 106),
(6940, 38, 107),
(6941, 38, 108),
(6942, 38, 113),
(6943, 38, 110),
(6944, 38, 93),
(6945, 38, 72),
(6946, 38, 114),
(6947, 38, 115),
(6948, 38, 117),
(6949, 38, 145),
(6950, 38, 119),
(6951, 39, 0),
(6952, 39, 60),
(6953, 39, 133),
(6954, 39, 169),
(6955, 39, 134),
(6956, 39, 131),
(6957, 39, 64),
(6958, 39, 135),
(6959, 39, 65),
(6960, 39, 164),
(6961, 39, 136),
(6962, 39, 37),
(6963, 39, 137),
(6964, 39, 68),
(6965, 39, 69),
(6966, 39, 54),
(6967, 39, 73),
(6968, 39, 71),
(6969, 39, 76),
(6970, 39, 153),
(6971, 39, 77),
(6972, 39, 116),
(6973, 39, 78),
(6974, 39, 171),
(6975, 39, 102),
(6976, 39, 80),
(6977, 39, 81),
(6978, 39, 82),
(6979, 39, 132),
(6980, 39, 83),
(6981, 39, 84),
(6982, 39, 140),
(6983, 39, 138),
(6984, 39, 148),
(6985, 39, 139),
(6986, 39, 59),
(6987, 39, 85),
(6988, 39, 165),
(6989, 39, 87),
(6990, 39, 88),
(6991, 39, 166),
(6992, 39, 89),
(6993, 39, 168),
(6994, 39, 141),
(6995, 39, 91),
(6996, 39, 150),
(6997, 39, 157),
(6998, 39, 92),
(6999, 39, 167),
(7000, 39, 95),
(7001, 39, 121),
(7002, 39, 96),
(7003, 39, 97),
(7004, 39, 170),
(7005, 39, 99),
(7006, 39, 120),
(7007, 39, 154),
(7008, 39, 101),
(7009, 39, 155),
(7010, 39, 104),
(7011, 39, 105),
(7012, 39, 106),
(7013, 39, 107),
(7014, 39, 108),
(7015, 39, 113),
(7016, 39, 110),
(7017, 39, 93),
(7018, 39, 72),
(7019, 39, 114),
(7020, 39, 115),
(7021, 39, 117),
(7022, 39, 145),
(7023, 39, 119),
(7024, 40, 0),
(7025, 40, 60),
(7026, 40, 133),
(7027, 40, 169),
(7028, 40, 134),
(7029, 40, 131),
(7030, 40, 64),
(7031, 40, 135),
(7032, 40, 65),
(7033, 40, 164),
(7034, 40, 136),
(7035, 40, 37),
(7036, 40, 137),
(7037, 40, 68),
(7038, 40, 69),
(7039, 40, 54),
(7040, 40, 73),
(7041, 40, 71),
(7042, 40, 76),
(7043, 40, 153),
(7044, 40, 77),
(7045, 40, 116),
(7046, 40, 78),
(7047, 40, 171),
(7048, 40, 102),
(7049, 40, 80),
(7050, 40, 81),
(7051, 40, 82),
(7052, 40, 132),
(7053, 40, 83),
(7054, 40, 84),
(7055, 40, 140),
(7056, 40, 138),
(7057, 40, 148),
(7058, 40, 139),
(7059, 40, 59),
(7060, 40, 85),
(7061, 40, 165),
(7062, 40, 87),
(7063, 40, 88),
(7064, 40, 166),
(7065, 40, 89),
(7066, 40, 168),
(7067, 40, 141),
(7068, 40, 91),
(7069, 40, 150),
(7070, 40, 157),
(7071, 40, 92),
(7072, 40, 167),
(7073, 40, 95),
(7074, 40, 121),
(7075, 40, 96),
(7076, 40, 97),
(7077, 40, 170),
(7078, 40, 99),
(7079, 40, 120),
(7080, 40, 154),
(7081, 40, 101),
(7082, 40, 155),
(7083, 40, 104),
(7084, 40, 105),
(7085, 40, 106),
(7086, 40, 107),
(7087, 40, 108),
(7088, 40, 113),
(7089, 40, 110),
(7090, 40, 93),
(7091, 40, 72),
(7092, 40, 114),
(7093, 40, 115),
(7094, 40, 117),
(7095, 40, 145),
(7096, 40, 119),
(7097, 42, 0),
(7098, 42, 60),
(7099, 42, 133),
(7100, 42, 169),
(7101, 42, 134),
(7102, 42, 131),
(7103, 42, 64),
(7104, 42, 135),
(7105, 42, 65),
(7106, 42, 164),
(7107, 42, 136),
(7108, 42, 37),
(7109, 42, 137),
(7110, 42, 68),
(7111, 42, 69),
(7112, 42, 54),
(7113, 42, 73),
(7114, 42, 71),
(7115, 42, 76),
(7116, 42, 153),
(7117, 42, 77),
(7118, 42, 116),
(7119, 42, 78),
(7120, 42, 171),
(7121, 42, 102),
(7122, 42, 80),
(7123, 42, 81),
(7124, 42, 82),
(7125, 42, 132),
(7126, 42, 83),
(7127, 42, 84),
(7128, 42, 140),
(7129, 42, 138),
(7130, 42, 148),
(7131, 42, 139),
(7132, 42, 59),
(7133, 42, 85),
(7134, 42, 165),
(7135, 42, 87),
(7136, 42, 88),
(7137, 42, 166),
(7138, 42, 89),
(7139, 42, 168),
(7140, 42, 141),
(7141, 42, 91),
(7142, 42, 150),
(7143, 42, 157),
(7144, 42, 92),
(7145, 42, 167),
(7146, 42, 95),
(7147, 42, 121),
(7148, 42, 96),
(7149, 42, 97),
(7150, 42, 170),
(7151, 42, 99),
(7152, 42, 120),
(7153, 42, 154),
(7154, 42, 101),
(7155, 42, 155),
(7156, 42, 104),
(7157, 42, 105),
(7158, 42, 106),
(7159, 42, 107),
(7160, 42, 108),
(7161, 42, 113),
(7162, 42, 110),
(7163, 42, 93),
(7164, 42, 72),
(7165, 42, 114),
(7166, 42, 115),
(7167, 42, 117),
(7168, 42, 145),
(7169, 42, 119),
(7170, 64, 0),
(7171, 64, 60),
(7172, 64, 133),
(7173, 64, 169),
(7174, 64, 134),
(7175, 64, 131),
(7176, 64, 64),
(7177, 64, 135),
(7178, 64, 65),
(7179, 64, 164),
(7180, 64, 136),
(7181, 64, 37),
(7182, 64, 137),
(7183, 64, 68),
(7184, 64, 69),
(7185, 64, 54),
(7186, 64, 73),
(7187, 64, 71),
(7188, 64, 76),
(7189, 64, 153),
(7190, 64, 77),
(7191, 64, 116),
(7192, 64, 78),
(7193, 64, 171),
(7194, 64, 102),
(7195, 64, 80),
(7196, 64, 81),
(7197, 64, 82),
(7198, 64, 132),
(7199, 64, 83),
(7200, 64, 84),
(7201, 64, 140),
(7202, 64, 138),
(7203, 64, 148),
(7204, 64, 139),
(7205, 64, 59),
(7206, 64, 85),
(7207, 64, 165),
(7208, 64, 87),
(7209, 64, 88),
(7210, 64, 166),
(7211, 64, 89),
(7212, 64, 168),
(7213, 64, 141),
(7214, 64, 91),
(7215, 64, 150),
(7216, 64, 157),
(7217, 64, 92),
(7218, 64, 167),
(7219, 64, 95),
(7220, 64, 121),
(7221, 64, 96),
(7222, 64, 97),
(7223, 64, 170),
(7224, 64, 99),
(7225, 64, 120),
(7226, 64, 154),
(7227, 64, 101),
(7228, 64, 155),
(7229, 64, 104),
(7230, 64, 105),
(7231, 64, 106),
(7232, 64, 107),
(7233, 64, 108),
(7234, 64, 113),
(7235, 64, 110),
(7236, 64, 93),
(7237, 64, 72),
(7238, 64, 114),
(7239, 64, 115),
(7240, 64, 117),
(7241, 64, 145),
(7242, 64, 119),
(7243, 34, 0),
(7244, 34, 60),
(7245, 34, 133),
(7246, 34, 169),
(7247, 34, 134),
(7248, 34, 131),
(7249, 34, 64),
(7250, 34, 135),
(7251, 34, 65),
(7252, 34, 164),
(7253, 34, 136),
(7254, 34, 37),
(7255, 34, 137),
(7256, 34, 68),
(7257, 34, 69),
(7258, 34, 54),
(7259, 34, 73),
(7260, 34, 71),
(7261, 34, 76),
(7262, 34, 153),
(7263, 34, 77),
(7264, 34, 116),
(7265, 34, 78),
(7266, 34, 171),
(7267, 34, 102),
(7268, 34, 80),
(7269, 34, 81),
(7270, 34, 82),
(7271, 34, 132),
(7272, 34, 83),
(7273, 34, 84),
(7274, 34, 140),
(7275, 34, 138),
(7276, 34, 148),
(7277, 34, 139),
(7278, 34, 59),
(7279, 34, 85),
(7280, 34, 165),
(7281, 34, 87),
(7282, 34, 88),
(7283, 34, 166),
(7284, 34, 89),
(7285, 34, 168),
(7286, 34, 141),
(7287, 34, 91),
(7288, 34, 150),
(7289, 34, 157),
(7290, 34, 92),
(7291, 34, 167),
(7292, 34, 95),
(7293, 34, 121),
(7294, 34, 96),
(7295, 34, 97),
(7296, 34, 170),
(7297, 34, 99),
(7298, 34, 120),
(7299, 34, 154),
(7300, 34, 101),
(7301, 34, 155),
(7302, 34, 104),
(7303, 34, 105),
(7304, 34, 106),
(7305, 34, 107),
(7306, 34, 108),
(7307, 34, 113),
(7308, 34, 110),
(7309, 34, 93),
(7310, 34, 72),
(7311, 34, 114),
(7312, 34, 115),
(7313, 34, 117),
(7314, 34, 145),
(7315, 34, 119),
(7316, 21, 0),
(7317, 21, 60),
(7318, 21, 133),
(7319, 21, 169),
(7320, 21, 134),
(7321, 21, 131),
(7322, 21, 64),
(7323, 21, 135),
(7324, 21, 65),
(7325, 21, 164),
(7326, 21, 136),
(7327, 21, 37),
(7328, 21, 137),
(7329, 21, 68),
(7330, 21, 69),
(7331, 21, 54),
(7332, 21, 73),
(7333, 21, 71),
(7334, 21, 76),
(7335, 21, 153),
(7336, 21, 77),
(7337, 21, 116),
(7338, 21, 78),
(7339, 21, 171),
(7340, 21, 102),
(7341, 21, 80),
(7342, 21, 81),
(7343, 21, 82),
(7344, 21, 132),
(7345, 21, 83),
(7346, 21, 84),
(7347, 21, 140),
(7348, 21, 138),
(7349, 21, 148),
(7350, 21, 139),
(7351, 21, 59),
(7352, 21, 85),
(7353, 21, 165),
(7354, 21, 87),
(7355, 21, 88),
(7356, 21, 166),
(7357, 21, 89),
(7358, 21, 168),
(7359, 21, 141),
(7360, 21, 91),
(7361, 21, 150),
(7362, 21, 157),
(7363, 21, 92),
(7364, 21, 167),
(7365, 21, 95),
(7366, 21, 121),
(7367, 21, 96),
(7368, 21, 97),
(7369, 21, 170),
(7370, 21, 99),
(7371, 21, 120),
(7372, 21, 154),
(7373, 21, 101),
(7374, 21, 155),
(7375, 21, 104),
(7376, 21, 105),
(7377, 21, 106),
(7378, 21, 107),
(7379, 21, 108),
(7380, 21, 113),
(7381, 21, 110),
(7382, 21, 93),
(7383, 21, 72),
(7384, 21, 114),
(7385, 21, 115),
(7386, 21, 117),
(7387, 21, 145),
(7388, 21, 119),
(7389, 43, 0),
(7390, 43, 60),
(7391, 43, 133),
(7392, 43, 169),
(7393, 43, 134),
(7394, 43, 131),
(7395, 43, 64),
(7396, 43, 135),
(7397, 43, 65),
(7398, 43, 164),
(7399, 43, 136),
(7400, 43, 37),
(7401, 43, 137),
(7402, 43, 68),
(7403, 43, 69),
(7404, 43, 54),
(7405, 43, 73),
(7406, 43, 71),
(7407, 43, 76),
(7408, 43, 153),
(7409, 43, 77),
(7410, 43, 116),
(7411, 43, 78),
(7412, 43, 171),
(7413, 43, 102),
(7414, 43, 80),
(7415, 43, 81),
(7416, 43, 82),
(7417, 43, 132),
(7418, 43, 83),
(7419, 43, 84),
(7420, 43, 140),
(7421, 43, 138),
(7422, 43, 148),
(7423, 43, 139),
(7424, 43, 59),
(7425, 43, 85),
(7426, 43, 165),
(7427, 43, 87),
(7428, 43, 88),
(7429, 43, 166),
(7430, 43, 89),
(7431, 43, 168),
(7432, 43, 141),
(7433, 43, 91),
(7434, 43, 150),
(7435, 43, 157),
(7436, 43, 92),
(7437, 43, 167),
(7438, 43, 95),
(7439, 43, 121),
(7440, 43, 96),
(7441, 43, 97),
(7442, 43, 170),
(7443, 43, 99),
(7444, 43, 120),
(7445, 43, 154),
(7446, 43, 101),
(7447, 43, 155),
(7448, 43, 104),
(7449, 43, 105),
(7450, 43, 106),
(7451, 43, 107),
(7452, 43, 108),
(7453, 43, 113),
(7454, 43, 110),
(7455, 43, 93),
(7456, 43, 72),
(7457, 43, 114),
(7458, 43, 115),
(7459, 43, 117),
(7460, 43, 145),
(7461, 43, 119),
(7462, 61, 0),
(7463, 61, 60),
(7464, 61, 133),
(7465, 61, 169),
(7466, 61, 134),
(7467, 61, 131),
(7468, 61, 64),
(7469, 61, 135),
(7470, 61, 65),
(7471, 61, 164),
(7472, 61, 136),
(7473, 61, 37),
(7474, 61, 137),
(7475, 61, 68),
(7476, 61, 69),
(7477, 61, 54),
(7478, 61, 73),
(7479, 61, 71),
(7480, 61, 76),
(7481, 61, 153),
(7482, 61, 77),
(7483, 61, 116),
(7484, 61, 78),
(7485, 61, 171),
(7486, 61, 102),
(7487, 61, 80),
(7488, 61, 81),
(7489, 61, 82),
(7490, 61, 132),
(7491, 61, 83),
(7492, 61, 84),
(7493, 61, 140),
(7494, 61, 138),
(7495, 61, 148),
(7496, 61, 139),
(7497, 61, 59),
(7498, 61, 85),
(7499, 61, 165),
(7500, 61, 87),
(7501, 61, 88),
(7502, 61, 166),
(7503, 61, 89),
(7504, 61, 168),
(7505, 61, 141),
(7506, 61, 91),
(7507, 61, 150),
(7508, 61, 157),
(7509, 61, 92),
(7510, 61, 167),
(7511, 61, 95),
(7512, 61, 121),
(7513, 61, 96),
(7514, 61, 97),
(7515, 61, 170),
(7516, 61, 99),
(7517, 61, 120),
(7518, 61, 154),
(7519, 61, 101),
(7520, 61, 155),
(7521, 61, 104),
(7522, 61, 105),
(7523, 61, 106),
(7524, 61, 107),
(7525, 61, 108),
(7526, 61, 113),
(7527, 61, 110),
(7528, 61, 93),
(7529, 61, 72),
(7530, 61, 114),
(7531, 61, 115),
(7532, 61, 117),
(7533, 61, 145),
(7534, 61, 119),
(7535, 51, 0),
(7536, 51, 60),
(7537, 51, 133),
(7538, 51, 169),
(7539, 51, 134),
(7540, 51, 131),
(7541, 51, 64),
(7542, 51, 135),
(7543, 51, 65),
(7544, 51, 164),
(7545, 51, 136),
(7546, 51, 37),
(7547, 51, 137),
(7548, 51, 68),
(7549, 51, 69),
(7550, 51, 54),
(7551, 51, 73),
(7552, 51, 71),
(7553, 51, 76),
(7554, 51, 153),
(7555, 51, 77),
(7556, 51, 116),
(7557, 51, 78),
(7558, 51, 171),
(7559, 51, 102),
(7560, 51, 80),
(7561, 51, 81),
(7562, 51, 82),
(7563, 51, 132),
(7564, 51, 83),
(7565, 51, 84),
(7566, 51, 140),
(7567, 51, 138),
(7568, 51, 148),
(7569, 51, 139),
(7570, 51, 59),
(7571, 51, 85),
(7572, 51, 165),
(7573, 51, 87),
(7574, 51, 88),
(7575, 51, 166),
(7576, 51, 89),
(7577, 51, 168),
(7578, 51, 141),
(7579, 51, 91),
(7580, 51, 150),
(7581, 51, 157),
(7582, 51, 92),
(7583, 51, 167),
(7584, 51, 95),
(7585, 51, 121),
(7586, 51, 96),
(7587, 51, 97),
(7588, 51, 170),
(7589, 51, 99),
(7590, 51, 120),
(7591, 51, 154),
(7592, 51, 101),
(7593, 51, 155),
(7594, 51, 104),
(7595, 51, 105),
(7596, 51, 106),
(7597, 51, 107),
(7598, 51, 108),
(7599, 51, 113),
(7600, 51, 110),
(7601, 51, 93),
(7602, 51, 72),
(7603, 51, 114),
(7604, 51, 115),
(7605, 51, 117),
(7606, 51, 145),
(7607, 51, 119),
(7608, 53, 0),
(7609, 53, 60),
(7610, 53, 133),
(7611, 53, 169),
(7612, 53, 134),
(7613, 53, 131),
(7614, 53, 64),
(7615, 53, 135),
(7616, 53, 65),
(7617, 53, 164),
(7618, 53, 136),
(7619, 53, 37),
(7620, 53, 137),
(7621, 53, 68),
(7622, 53, 69),
(7623, 53, 54),
(7624, 53, 73),
(7625, 53, 71),
(7626, 53, 76),
(7627, 53, 153),
(7628, 53, 77),
(7629, 53, 116),
(7630, 53, 78),
(7631, 53, 171),
(7632, 53, 102),
(7633, 53, 80),
(7634, 53, 81),
(7635, 53, 82),
(7636, 53, 132),
(7637, 53, 83),
(7638, 53, 84),
(7639, 53, 140),
(7640, 53, 138),
(7641, 53, 148),
(7642, 53, 139),
(7643, 53, 59),
(7644, 53, 85),
(7645, 53, 165),
(7646, 53, 87),
(7647, 53, 88),
(7648, 53, 166),
(7649, 53, 89),
(7650, 53, 168),
(7651, 53, 141),
(7652, 53, 91),
(7653, 53, 150),
(7654, 53, 157),
(7655, 53, 92),
(7656, 53, 167),
(7657, 53, 95),
(7658, 53, 121),
(7659, 53, 96),
(7660, 53, 97),
(7661, 53, 170),
(7662, 53, 99),
(7663, 53, 120),
(7664, 53, 154),
(7665, 53, 101),
(7666, 53, 155),
(7667, 53, 104),
(7668, 53, 105),
(7669, 53, 106),
(7670, 53, 107),
(7671, 53, 108),
(7672, 53, 113),
(7673, 53, 110),
(7674, 53, 93),
(7675, 53, 72),
(7676, 53, 114),
(7677, 53, 115),
(7678, 53, 117),
(7679, 53, 145),
(7680, 53, 119),
(7681, 54, 0),
(7682, 54, 60),
(7683, 54, 133),
(7684, 54, 169),
(7685, 54, 134),
(7686, 54, 131),
(7687, 54, 64),
(7688, 54, 135),
(7689, 54, 65),
(7690, 54, 164),
(7691, 54, 136),
(7692, 54, 37),
(7693, 54, 137),
(7694, 54, 68),
(7695, 54, 69),
(7696, 54, 54),
(7697, 54, 73),
(7698, 54, 71),
(7699, 54, 76),
(7700, 54, 153),
(7701, 54, 77),
(7702, 54, 116),
(7703, 54, 78),
(7704, 54, 171),
(7705, 54, 102),
(7706, 54, 80),
(7707, 54, 81),
(7708, 54, 82),
(7709, 54, 132),
(7710, 54, 83),
(7711, 54, 84),
(7712, 54, 140),
(7713, 54, 138),
(7714, 54, 148),
(7715, 54, 139),
(7716, 54, 59),
(7717, 54, 85),
(7718, 54, 165),
(7719, 54, 87),
(7720, 54, 88),
(7721, 54, 166),
(7722, 54, 89),
(7723, 54, 168),
(7724, 54, 141),
(7725, 54, 91),
(7726, 54, 150),
(7727, 54, 157),
(7728, 54, 92),
(7729, 54, 167),
(7730, 54, 95),
(7731, 54, 121),
(7732, 54, 96),
(7733, 54, 97),
(7734, 54, 170),
(7735, 54, 99),
(7736, 54, 120),
(7737, 54, 154),
(7738, 54, 101),
(7739, 54, 155),
(7740, 54, 104),
(7741, 54, 105),
(7742, 54, 106),
(7743, 54, 107),
(7744, 54, 108),
(7745, 54, 113),
(7746, 54, 110),
(7747, 54, 93),
(7748, 54, 72),
(7749, 54, 114),
(7750, 54, 115),
(7751, 54, 117),
(7752, 54, 145),
(7753, 54, 119),
(7754, 56, 0),
(7755, 56, 60),
(7756, 56, 133),
(7757, 56, 169),
(7758, 56, 134),
(7759, 56, 131),
(7760, 56, 64),
(7761, 56, 135),
(7762, 56, 65),
(7763, 56, 164),
(7764, 56, 136),
(7765, 56, 37),
(7766, 56, 137),
(7767, 56, 68),
(7768, 56, 69),
(7769, 56, 54),
(7770, 56, 73),
(7771, 56, 71),
(7772, 56, 76),
(7773, 56, 153),
(7774, 56, 77),
(7775, 56, 116),
(7776, 56, 78),
(7777, 56, 171),
(7778, 56, 102),
(7779, 56, 80),
(7780, 56, 81),
(7781, 56, 82),
(7782, 56, 132),
(7783, 56, 83),
(7784, 56, 84),
(7785, 56, 140),
(7786, 56, 138),
(7787, 56, 148),
(7788, 56, 139),
(7789, 56, 59),
(7790, 56, 85),
(7791, 56, 165),
(7792, 56, 87),
(7793, 56, 88),
(7794, 56, 166),
(7795, 56, 89),
(7796, 56, 168),
(7797, 56, 141),
(7798, 56, 91),
(7799, 56, 150),
(7800, 56, 157),
(7801, 56, 92),
(7802, 56, 167),
(7803, 56, 95),
(7804, 56, 121),
(7805, 56, 96),
(7806, 56, 97),
(7807, 56, 170),
(7808, 56, 99),
(7809, 56, 120),
(7810, 56, 154),
(7811, 56, 101),
(7812, 56, 155),
(7813, 56, 104),
(7814, 56, 105),
(7815, 56, 106),
(7816, 56, 107),
(7817, 56, 108),
(7818, 56, 113),
(7819, 56, 110),
(7820, 56, 93),
(7821, 56, 72),
(7822, 56, 114),
(7823, 56, 115),
(7824, 56, 117),
(7825, 56, 145),
(7826, 56, 119);

-- --------------------------------------------------------

--
-- Table structure for table `pms_job_industries`
--

CREATE TABLE `pms_job_industries` (
  `job_ind_id` bigint NOT NULL,
  `job_ind_name` varchar(100) NOT NULL
) ENGINE=InnoDB DEFAULT CHARSET=latin1;

--
-- Dumping data for table `pms_job_industries`
--

INSERT INTO `pms_job_industries` (`job_ind_id`, `job_ind_name`) VALUES
(37, 'Cable/ Wire / Pipes / Tubes'),
(54, 'Construction - Civil  / General Contracting '),
(55, 'Banking  /  Finacial Services /  Broking'),
(56, 'Oil & Gas / Petroleum - Other Services'),
(57, 'IT - Software Services'),
(58, 'Healthcare - Medical Devices / Equipment'),
(59, 'Hotels  / Hotel Apartments / Restaurants/ Catering / Hospitality'),
(60, 'Accounting & Auditing/ Taxation'),
(61, 'Advertising / PR / Event Management'),
(62, 'Air Conditioning / Refrigeration / HVAC'),
(64, 'Architecture / Interior Designing'),
(65, 'Automotive / Automobile / Auto Accessories'),
(68, 'Chemicals / Petrochemicals / Polymers / Industrial Gases'),
(69, 'Concrete / Readymix / Cement / Precast '),
(70, 'Consultancy / Business Set up / Migration / Advisory Services'),
(71, 'Electronics/ Appliances '),
(72, 'Switch-gear / Transformers/ Generators / Equipment'),
(73, 'Education / Training / Teaching / Academics'),
(74, 'Construction - MEP Contracting / Mechanical / Electrical & Plumbing'),
(75, 'Construction - Engineering Design & Consulting/ Project Management'),
(76, 'Entertainment / Recreation / Theme Parks / Water Parks'),
(77, 'Facilities Management / Building Cleaning, Security & Safety'),
(78, 'Fertilizers / Pesticides'),
(79, 'Fitness / Wellness / Gym / Salon / Spa'),
(80, 'FMCG / Foods / Beverages / water'),
(81, 'Fresher - No Industry Experience / Not Employed'),
(82, 'Furniture / Furnishings / Home Decor'),
(83, 'Glass / Aluminium / Frames / Doors'),
(84, 'Gold / Diamond/ Gems & Jewellery'),
(85, 'Industrial Products / Plants/ Heavy Machinery'),
(86, 'Insurance'),
(87, 'Internet / E-commerce / Dotcom'),
(88, 'IT - Hardware & Networking'),
(89, 'Landscaping / Gardening / Plants / Turf Care/ Flowers'),
(90, 'Legal / Law Firm / Advocates / Court Services'),
(91, 'Logistics - Shipping / Freight Forwarding / Warehousing '),
(92, 'Media / Publishing / TV / Radio / Outdoor '),
(93, 'Steel / Metals / Iron / Fabrication'),
(94, 'Construction - Road / Railway / Bridges / Infrastructure  '),
(95, 'Mining / Forestry / Quarry / Fishing'),
(96, 'NGO / Social Services / Community Services / Non-Profit'),
(97, 'Office Automation / Office Equipment / Office Supplies / Stationery'),
(98, 'Construction - Oil & Gas EPC ( Consultancy, FEED, Procurement & Construction)'),
(99, 'Oil & Gas - Exploration / Drilling / Production / Field Services'),
(100, 'Oil & Gas - Refining / Storage / Marketing / Distribution'),
(101, 'Paper / Paper Pulp / Paper Mill'),
(102, 'Perfumery / Toiletries / Personal Care / Cosmetics'),
(103, 'Healthcare - Pharma / Biotech / Clinical Research'),
(104, 'Plastics / Rubber/ Batteries'),
(105, 'Power Generation / Power Distribution / Energy / Nuclear Energy'),
(106, 'Printing / Packaging'),
(107, 'Real Estate / Project Developers / Project Management'),
(108, 'Recruitment / Placement Firm / Executive Search'),
(109, 'Food Trading / Food Services/ Bakery'),
(110, 'Retail / Hypermarkets / Stores & Shops'),
(112, 'Marine - Shipbuilding / Repair / Drydocks '),
(113, 'Rental : Car / Bus / Transportation Vehicles '),
(114, 'Telecommunication / ISP / Telecom instruments/ Mobile Phones'),
(115, 'Testing / Inspection / Certification Services'),
(116, 'Textiles  Clothing / Apparels / Fashion / Accessories'),
(117, 'Travel / Tourism / Leisure / Holidays'),
(118, 'Tyres/ Tyre Reinforcements'),
(119, 'Water Treatment / Plant/ Equipment / Waste Management'),
(120, 'Others'),
(121, 'Motors/ Pumps/ Pipes'),
(122, 'Paints/ Coating / Painting accessories & Chemicals'),
(125, 'Electrical /Lighting Equipment / Fixtures'),
(129, 'Dewater / Piling / Foundation Contractors'),
(131, ' Any'),
(132, 'General Trading / Export / Import'),
(133, 'Agriculture / Dairy / Poultry / Livestock'),
(134, 'Airlines / Aviation / Crew  / Aeronautics'),
(135, 'Automation/ Calibration'),
(136, 'Building Materials / Ceramics / Sanitary wares / Wood'),
(137, 'Call Center / BPO / KPO / Outsourcing'),
(138, 'Conglomerates / Group of Companies/ Multinational'),
(139, 'Heavy Equipment / Cranes/ Drilling / scaffolding'),
(140, 'Government/ Defence / Military / Law Enforcement'),
(141, 'Lifts, Elevators, Escalators & Lifting Equipment  '),
(142, 'Logistics - Ship Liners / Vessel Operators / Ship owners'),
(143, 'Logistics - Courier / Cargo / Speed Post '),
(144, 'Logistics - Transportation /  Road / Rail '),
(145, 'Marine -  Vessel Management / Ship Chandling'),
(146, 'Logistics - Air Liners / Air Cargo'),
(147, 'Marine - Marine & underwater Services'),
(148, 'Healthcare - Hopsitals and Clinics '),
(149, 'Healthcare - Laboratories / Diagnostic Centers');

-- --------------------------------------------------------

--
-- Table structure for table `pms_job_interviews`
--

CREATE TABLE `pms_job_interviews` (
  `interview_id` bigint NOT NULL,
  `job_app_id` bigint NOT NULL,
  `candidate_id` bigint NOT NULL,
  `company_id` bigint NOT NULL,
  `interview_date` timestamp NOT NULL DEFAULT CURRENT_TIMESTAMP ON UPDATE CURRENT_TIMESTAMP,
  `title` varchar(200) NOT NULL,
  `description` longtext NOT NULL,
  `duration` varchar(20) NOT NULL,
  `interview_time` varchar(20) NOT NULL,
  `interview_type_id` bigint NOT NULL,
  `int_status_id` bigint NOT NULL,
  `location` longtext NOT NULL
) ENGINE=InnoDB DEFAULT CHARSET=latin1;

-- --------------------------------------------------------

--
-- Table structure for table `pms_job_notes`
--

CREATE TABLE `pms_job_notes` (
  `job_note_id` int NOT NULL,
  `candidate_id` bigint NOT NULL,
  `job_id` bigint NOT NULL,
  `job_app_id` bigint NOT NULL,
  `title` varchar(100) NOT NULL,
  `notes` text NOT NULL,
  `note_date` date NOT NULL
) ENGINE=InnoDB DEFAULT CHARSET=latin1;

-- --------------------------------------------------------

--
-- Table structure for table `pms_job_prof_certificates`
--

CREATE TABLE `pms_job_prof_certificates` (
  `cert_id` bigint NOT NULL,
  `cert_name` varchar(100) NOT NULL,
  `cert_desc` longtext NOT NULL
) ENGINE=InnoDB DEFAULT CHARSET=latin1;

-- --------------------------------------------------------

--
-- Table structure for table `pms_job_req_certification`
--

CREATE TABLE `pms_job_req_certification` (
  `req_cert_id` int NOT NULL,
  `job_id` int NOT NULL,
  `cert_id` int NOT NULL
) ENGINE=MyISAM DEFAULT CHARSET=latin1;

-- --------------------------------------------------------

--
-- Table structure for table `pms_job_role`
--

CREATE TABLE `pms_job_role` (
  `role_id` bigint NOT NULL,
  `role_name` varchar(200) NOT NULL,
  `role_desc` longtext NOT NULL
) ENGINE=InnoDB DEFAULT CHARSET=latin1;

-- --------------------------------------------------------

--
-- Table structure for table `pms_job_salary`
--

CREATE TABLE `pms_job_salary` (
  `salary_id` bigint NOT NULL,
  `salary_amount` double(10,2) NOT NULL,
  `salary_desc` longtext NOT NULL
) ENGINE=InnoDB DEFAULT CHARSET=latin1;

--
-- Dumping data for table `pms_job_salary`
--

INSERT INTO `pms_job_salary` (`salary_id`, `salary_amount`, `salary_desc`) VALUES
(1, 500.00, 'Upto 1,000'),
(2, 2000.00, '1,001 to 3,000'),
(3, 1001.00, '3,001 to 5,000'),
(4, 3000.00, '5,001 to 7,000'),
(5, 8500.00, '7,001 to 10,000'),
(6, 12500.00, '10,001 to 15,000'),
(7, 17500.00, '15,001 to 20,000'),
(8, 25000.00, '20,001 to 30,000'),
(9, 35000.00, '30,001 to 40,000'),
(10, 45000.00, '40,001 to 50,000'),
(11, 60000.00, '50,001 to 70,000'),
(12, 80000.00, '70,001 to 100,000'),
(27, 100000.00, '100,001 and Above '),
(28, 0.00, 'Negotiable  ');

-- --------------------------------------------------------

--
-- Table structure for table `pms_job_skills`
--

CREATE TABLE `pms_job_skills` (
  `skill_id` bigint NOT NULL,
  `skill_name` varchar(100) NOT NULL,
  `skill_desc` longblob NOT NULL
) ENGINE=InnoDB DEFAULT CHARSET=latin1;

-- --------------------------------------------------------

--
-- Table structure for table `pms_job_to_certification`
--

CREATE TABLE `pms_job_to_certification` (
  `job_id` int NOT NULL,
  `cert_id` int NOT NULL
) ENGINE=MyISAM DEFAULT CHARSET=latin1;

-- --------------------------------------------------------

--
-- Table structure for table `pms_job_to_domain`
--

CREATE TABLE `pms_job_to_domain` (
  `domain_id` int NOT NULL,
  `job_id` int NOT NULL
) ENGINE=InnoDB DEFAULT CHARSET=latin1;

-- --------------------------------------------------------

--
-- Table structure for table `pms_job_to_edu_level`
--

CREATE TABLE `pms_job_to_edu_level` (
  `level_id` bigint NOT NULL,
  `job_id` bigint NOT NULL
) ENGINE=InnoDB DEFAULT CHARSET=latin1;

-- --------------------------------------------------------

--
-- Table structure for table `pms_job_to_package`
--

CREATE TABLE `pms_job_to_package` (
  `job_to_package_id` bigint NOT NULL,
  `emp_credit_id` bigint NOT NULL,
  `job_id` bigint NOT NULL,
  `create_date` date NOT NULL,
  `amount_per_job` float(10,2) NOT NULL
) ENGINE=InnoDB DEFAULT CHARSET=latin1;

--
-- Dumping data for table `pms_job_to_package`
--

INSERT INTO `pms_job_to_package` (`job_to_package_id`, `emp_credit_id`, `job_id`, `create_date`, `amount_per_job`) VALUES
(1, 12, 21, '2019-12-30', 250.00),
(2, 13, 23, '2019-12-31', 200.00),
(3, 13, 109, '2020-06-02', 200.00),
(4, 13, 110, '2020-06-02', 200.00),
(5, 13, 111, '2020-06-08', 200.00);

-- --------------------------------------------------------

--
-- Table structure for table `pms_job_to_skill`
--

CREATE TABLE `pms_job_to_skill` (
  `job_id` int NOT NULL,
  `parent_id` int NOT NULL,
  `skill_id` int NOT NULL
) ENGINE=MyISAM DEFAULT CHARSET=latin1;

--
-- Dumping data for table `pms_job_to_skill`
--

INSERT INTO `pms_job_to_skill` (`job_id`, `parent_id`, `skill_id`) VALUES
(1, 0, 0),
(2, 0, 0),
(3, 0, 0),
(4, 0, 0),
(5, 0, 0),
(6, 0, 14),
(8, 0, 14);

-- --------------------------------------------------------

--
-- Table structure for table `pms_job_type`
--

CREATE TABLE `pms_job_type` (
  `job_type_id` bigint NOT NULL,
  `job_type_name` varchar(100) NOT NULL,
  `job_type_desc` longtext NOT NULL
) ENGINE=InnoDB DEFAULT CHARSET=latin1;

--
-- Dumping data for table `pms_job_type`
--

INSERT INTO `pms_job_type` (`job_type_id`, `job_type_name`, `job_type_desc`) VALUES
(1, 'Full Time', ''),
(2, 'Part Time', ''),
(3, 'Hourly Basis', ''),
(5, 'Contract Job', ''),
(6, 'Weekly Basis', ''),
(7, 'Monthly Basis', '');

-- --------------------------------------------------------

--
-- Table structure for table `pms_job_visa_type`
--

CREATE TABLE `pms_job_visa_type` (
  `visa_type_id` bigint NOT NULL,
  `visa_type` varchar(50) NOT NULL,
  `visa_desc` longtext NOT NULL
) ENGINE=InnoDB DEFAULT CHARSET=latin1;

--
-- Dumping data for table `pms_job_visa_type`
--

INSERT INTO `pms_job_visa_type` (`visa_type_id`, `visa_type`, `visa_desc`) VALUES
(12, 'Visit Visa', ''),
(13, 'Permanent Visa', ''),
(14, 'Student Visa', ''),
(15, 'Dependant Visa', ''),
(16, 'Tourist Visa', ''),
(17, 'Work Visa', ''),
(18, 'Transferable Iqama', '');

-- --------------------------------------------------------

--
-- Table structure for table `pms_job_work_level`
--

CREATE TABLE `pms_job_work_level` (
  `work_level_id` bigint NOT NULL,
  `work_level` varchar(100) NOT NULL
) ENGINE=InnoDB DEFAULT CHARSET=latin1;

--
-- Dumping data for table `pms_job_work_level`
--

INSERT INTO `pms_job_work_level` (`work_level_id`, `work_level`) VALUES
(15, 'Apprentice'),
(16, 'Trainee'),
(17, 'Beginner'),
(18, 'Experienced'),
(19, 'Top Executive'),
(20, 'Middle Level'),
(21, 'Top Level '),
(22, 'CEO'),
(23, 'Director'),
(24, 'Owner'),
(25, 'Co  Founder');

-- --------------------------------------------------------

--
-- Table structure for table `pms_languages`
--

CREATE TABLE `pms_languages` (
  `lang_id` int NOT NULL,
  `lang_name` varchar(150) NOT NULL
) ENGINE=InnoDB DEFAULT CHARSET=latin1;

--
-- Dumping data for table `pms_languages`
--

INSERT INTO `pms_languages` (`lang_id`, `lang_name`) VALUES
(1, 'English'),
(2, 'Hindi'),
(3, 'Malayalam'),
(4, 'Arabic'),
(5, 'French'),
(6, 'Spanish'),
(7, 'Tamil'),
(8, 'Telugu'),
(9, 'Chinese '),
(10, 'Mandarin');

-- --------------------------------------------------------

--
-- Table structure for table `pms_leads`
--

CREATE TABLE `pms_leads` (
  `lead_id` bigint UNSIGNED NOT NULL,
  `firstname` varchar(255) DEFAULT NULL,
  `lead_title` varchar(200) NOT NULL,
  `lead_address` longtext NOT NULL,
  `company_name` varchar(255) NOT NULL,
  `email` varchar(250) DEFAULT NULL,
  `telephone` varchar(20) DEFAULT NULL,
  `mobile` int NOT NULL,
  `fax` varchar(20) NOT NULL,
  `website` varchar(200) NOT NULL,
  `comments` longtext NOT NULL,
  `ref_link` varchar(250) DEFAULT NULL,
  `user_id` bigint NOT NULL,
  `prop_id` bigint NOT NULL,
  `opp_id` bigint NOT NULL,
  `company_id` bigint NOT NULL,
  `contact_id` bigint NOT NULL,
  `lead_src_id` bigint NOT NULL,
  `folder_id` bigint DEFAULT NULL,
  `tech_id` bigint NOT NULL,
  `ind_id` bigint NOT NULL,
  `city_id` int NOT NULL,
  `location_id` bigint NOT NULL,
  `lead_date` timestamp NULL DEFAULT NULL,
  `lead_time` timestamp NULL DEFAULT NULL,
  `active` int NOT NULL DEFAULT '0',
  `product_id` bigint NOT NULL
) ENGINE=InnoDB DEFAULT CHARSET=latin1;

-- --------------------------------------------------------

--
-- Table structure for table `pms_locations`
--

CREATE TABLE `pms_locations` (
  `location_id` bigint NOT NULL,
  `location` varchar(255) DEFAULT NULL,
  `state_id` bigint NOT NULL,
  `city_id` int DEFAULT NULL,
  `zipcode` varchar(25) DEFAULT NULL,
  `status` int DEFAULT NULL
) ENGINE=InnoDB DEFAULT CHARSET=latin1;

--
-- Dumping data for table `pms_locations`
--

INSERT INTO `pms_locations` (`location_id`, `location`, `state_id`, `city_id`, `zipcode`, `status`) VALUES
(1, NULL, 0, 60, NULL, 1),
(2, NULL, 0, 61, NULL, 1),
(3, NULL, 0, 62, NULL, 1),
(4, NULL, 0, 63, NULL, 1),
(5, NULL, 0, 64, NULL, 1),
(6, NULL, 0, 65, NULL, 1),
(7, NULL, 0, 66, NULL, 1),
(8, NULL, 0, 0, NULL, 1),
(9, NULL, 0, 44, NULL, 1),
(10, NULL, 0, 71, NULL, 1),
(11, NULL, 0, 74, NULL, 1),
(12, NULL, 0, 76, NULL, 1);

-- --------------------------------------------------------

--
-- Table structure for table `pms_locations_description`
--

CREATE TABLE `pms_locations_description` (
  `location_id` bigint NOT NULL,
  `location_name` varchar(255) NOT NULL,
  `language_id` bigint NOT NULL,
  `description` longtext NOT NULL
) ENGINE=MyISAM DEFAULT CHARSET=latin1;

--
-- Dumping data for table `pms_locations_description`
--

INSERT INTO `pms_locations_description` (`location_id`, `location_name`, `language_id`, `description`) VALUES
(1, 'Dubai, UAE', 1, ''),
(2, 'Dubai, UAE', 1, ''),
(3, 'Dubai, UAE', 1, ''),
(4, 'Dubai, UAE', 1, ''),
(5, 'Dubai, UAE', 1, ''),
(6, 'Dubai, UAE', 1, ''),
(7, 'Dubai, UAE', 1, ''),
(8, 'Dubai, UAE', 1, ''),
(9, 'Dubai', 1, ''),
(10, 'Dubai', 1, ''),
(11, 'Dubai, UAE', 1, ''),
(12, 'Dubai, UAE', 1, '');

-- --------------------------------------------------------

--
-- Table structure for table `pms_milestone`
--

CREATE TABLE `pms_milestone` (
  `milestone_id` bigint NOT NULL,
  `milestone_title` varchar(30) NOT NULL,
  `milestone_desc` longtext NOT NULL,
  `start_date` timestamp NOT NULL DEFAULT CURRENT_TIMESTAMP ON UPDATE CURRENT_TIMESTAMP,
  `end_date` timestamp NOT NULL DEFAULT '0000-00-00 00:00:00',
  `assigned_to` int NOT NULL,
  `project_id` bigint NOT NULL
) ENGINE=InnoDB DEFAULT CHARSET=latin1;

-- --------------------------------------------------------

--
-- Table structure for table `pms_mobile_apps`
--

CREATE TABLE `pms_mobile_apps` (
  `mobile_app_id` bigint NOT NULL,
  `mobile_app_name` varchar(255) NOT NULL,
  `app_status` int NOT NULL
) ENGINE=InnoDB DEFAULT CHARSET=latin1;

--
-- Dumping data for table `pms_mobile_apps`
--

INSERT INTO `pms_mobile_apps` (`mobile_app_id`, `mobile_app_name`, `app_status`) VALUES
(1, 'Job Openings', 1),
(2, 'Training Programs', 1),
(3, 'IT Skill Training', 1),
(4, 'Study Abroad', 1),
(5, 'Professional Certification', 1),
(6, 'Tech. Certifications', 1),
(7, 'Language Skills', 1),
(8, 'IT Projects', 1),
(9, 'Start Own Business', 1),
(10, 'Training Videos', 1),
(11, 'Accommodation', 1),
(12, 'Health', 1),
(13, 'Recreation', 1),
(14, 'Good Thoughts', 1),
(15, 'Crash Courses', 1),
(16, 'Workshops', 1);

-- --------------------------------------------------------

--
-- Table structure for table `pms_notifications`
--

CREATE TABLE `pms_notifications` (
  `not_id` bigint NOT NULL,
  `not_title` varchar(100) NOT NULL,
  `not_text` longtext,
  `user_id` bigint NOT NULL,
  `start_date` date NOT NULL,
  `due_date` date NOT NULL,
  `status` tinyint(1) NOT NULL DEFAULT '1'
) ENGINE=InnoDB DEFAULT CHARSET=latin1;

-- --------------------------------------------------------

--
-- Table structure for table `pms_notifications_users`
--

CREATE TABLE `pms_notifications_users` (
  `not_user_id` bigint NOT NULL,
  `not_id` bigint NOT NULL,
  `user_id` bigint NOT NULL,
  `start_date` date NOT NULL,
  `due_date` date NOT NULL,
  `status` tinyint(1) NOT NULL DEFAULT '1'
) ENGINE=InnoDB DEFAULT CHARSET=latin1;

-- --------------------------------------------------------

--
-- Table structure for table `pms_objects`
--

CREATE TABLE `pms_objects` (
  `obj_id` bigint NOT NULL,
  `youtube_link` longtext NOT NULL,
  `obj_title` varchar(255) NOT NULL,
  `obj_date_start` date NOT NULL,
  `obj_date_end` date NOT NULL,
  `obj_content` longtext NOT NULL,
  `obj_type` bigint NOT NULL,
  `obj_contact_name` varchar(255) NOT NULL,
  `obj_contact_phone` varchar(50) NOT NULL,
  `obj_contact_email` varchar(255) NOT NULL,
  `obj_office_loc` varchar(255) NOT NULL,
  `obj_nearest_bus` varchar(255) NOT NULL,
  `obj_latitude` varchar(255) NOT NULL,
  `obj_longitude` varchar(255) NOT NULL,
  `obj_attachment_link` varchar(255) NOT NULL,
  `obj_image_url` varchar(255) NOT NULL,
  `obj_video_link` varchar(255) NOT NULL,
  `obj_content_type` varchar(255) NOT NULL,
  `obj_status` int NOT NULL
) ENGINE=InnoDB DEFAULT CHARSET=latin1;

-- --------------------------------------------------------

--
-- Table structure for table `pms_opportunity`
--

CREATE TABLE `pms_opportunity` (
  `opp_id` bigint NOT NULL,
  `opp_name` varchar(100) NOT NULL,
  `status` int NOT NULL
) ENGINE=InnoDB DEFAULT CHARSET=latin1;

-- --------------------------------------------------------

--
-- Table structure for table `pms_packages`
--

CREATE TABLE `pms_packages` (
  `package_id` int NOT NULL,
  `package_name` varchar(255) NOT NULL
) ENGINE=InnoDB DEFAULT CHARSET=latin1;

--
-- Dumping data for table `pms_packages`
--

INSERT INTO `pms_packages` (`package_id`, `package_name`) VALUES
(3, '4.2% of annual salary - Complete process'),
(4, '8.33% of annual salary - complete recruitment process with guarantee'),
(5, '3000 - interview training, project samples, interviews etc'),
(6, '2% of annual salary - Complete process');

-- --------------------------------------------------------

--
-- Table structure for table `pms_partners`
--

CREATE TABLE `pms_partners` (
  `customer_id` bigint NOT NULL,
  `firstname` varchar(200) NOT NULL,
  `lastname` varchar(100) NOT NULL,
  `partner_group_id` bigint NOT NULL,
  `package_id` bigint NOT NULL DEFAULT '0',
  `email` varchar(200) NOT NULL,
  `username` varchar(200) DEFAULT NULL,
  `password` varchar(200) NOT NULL,
  `reg_start_date` date DEFAULT NULL,
  `reg_end_date` date DEFAULT NULL,
  `address` longtext NOT NULL,
  `telephone` varchar(20) NOT NULL,
  `fax` varchar(50) NOT NULL,
  `city_id` bigint NOT NULL,
  `block` varchar(200) NOT NULL,
  `street` varchar(200) NOT NULL,
  `house_no` varchar(50) NOT NULL,
  `newsletter` int NOT NULL,
  `ip` varchar(20) NOT NULL,
  `date_added` datetime NOT NULL,
  `approved` int NOT NULL,
  `status` int NOT NULL,
  `partner_image` varchar(100) NOT NULL,
  `type` int NOT NULL,
  `billing_address` longtext NOT NULL,
  `shipping_address` longtext NOT NULL,
  `smtp_outgoing_server` varchar(100) NOT NULL,
  `smtp_incoming_server` varchar(100) NOT NULL,
  `smtp_username` varchar(100) NOT NULL,
  `smtp_password` varchar(100) NOT NULL,
  `smtp_port` varchar(100) NOT NULL
) ENGINE=MyISAM DEFAULT CHARSET=latin1;

-- --------------------------------------------------------

--
-- Table structure for table `pms_payment_summary`
--

CREATE TABLE `pms_payment_summary` (
  `payment_id` int NOT NULL,
  `company_id` bigint NOT NULL,
  `fname` varchar(255) NOT NULL,
  `username` varchar(100) NOT NULL,
  `email` varchar(255) NOT NULL,
  `mobile` varchar(15) NOT NULL,
  `txnid` varchar(25) NOT NULL,
  `amount` varchar(100) NOT NULL,
  `date` datetime NOT NULL,
  `status` int NOT NULL
) ENGINE=InnoDB DEFAULT CHARSET=latin1;

-- --------------------------------------------------------

--
-- Table structure for table `pms_pdf_search`
--

CREATE TABLE `pms_pdf_search` (
  `rps_id` bigint NOT NULL,
  `full_name` varchar(255) NOT NULL,
  `name_suggestions` longtext NOT NULL,
  `email` varchar(255) NOT NULL,
  `phone` varchar(255) NOT NULL,
  `user_name` varchar(255) NOT NULL,
  `pdf_link` varchar(255) NOT NULL,
  `file_type` varchar(255) NOT NULL,
  `file_size` bigint NOT NULL,
  `file_name` varchar(255) NOT NULL,
  `search_keywords` longtext NOT NULL,
  `pdf_text` longtext NOT NULL,
  `text_by_array` longtext NOT NULL,
  `text_by_line` longtext NOT NULL,
  `rps_status` int NOT NULL DEFAULT '0'
) ENGINE=InnoDB DEFAULT CHARSET=latin1;

-- --------------------------------------------------------

--
-- Table structure for table `pms_process_status`
--

CREATE TABLE `pms_process_status` (
  `status_id` int NOT NULL,
  `status_name` varchar(50) CHARACTER SET utf8mb3 COLLATE utf8mb3_unicode_ci NOT NULL,
  `status` varchar(10) CHARACTER SET utf8mb3 COLLATE utf8mb3_unicode_ci NOT NULL,
  `icon_file_name` varchar(200) CHARACTER SET utf8mb3 COLLATE utf8mb3_unicode_ci NOT NULL,
  `status_order` bigint NOT NULL,
  `icon_inactive` varchar(200) CHARACTER SET utf8mb3 COLLATE utf8mb3_unicode_ci NOT NULL
) ENGINE=MyISAM DEFAULT CHARSET=utf8mb3 COLLATE=utf8mb3_unicode_ci;

-- --------------------------------------------------------

--
-- Table structure for table `pms_process_status_jobs`
--

CREATE TABLE `pms_process_status_jobs` (
  `status_id` int NOT NULL,
  `status_name` varchar(50) CHARACTER SET utf8mb3 COLLATE utf8mb3_unicode_ci NOT NULL,
  `status` varchar(10) CHARACTER SET utf8mb3 COLLATE utf8mb3_unicode_ci NOT NULL,
  `icon_file_name` varchar(200) CHARACTER SET utf8mb3 COLLATE utf8mb3_unicode_ci NOT NULL,
  `status_order` bigint NOT NULL,
  `icon_inactive` varchar(200) CHARACTER SET utf8mb3 COLLATE utf8mb3_unicode_ci NOT NULL
) ENGINE=MyISAM DEFAULT CHARSET=utf8mb3 COLLATE=utf8mb3_unicode_ci;

-- --------------------------------------------------------

--
-- Table structure for table `pms_products`
--

CREATE TABLE `pms_products` (
  `product_id` int NOT NULL,
  `company_id` bigint NOT NULL,
  `product_name` varchar(255) NOT NULL,
  `product_details` longtext NOT NULL,
  `product_url` varchar(255) NOT NULL,
  `product_image` varchar(255) NOT NULL
) ENGINE=InnoDB DEFAULT CHARSET=latin1;

--
-- Dumping data for table `pms_products`
--

INSERT INTO `pms_products` (`product_id`, `company_id`, `product_name`, `product_details`, `product_url`, `product_image`) VALUES
(1, 1, 'Overseas Education CRM', '', 'http://educrm.xyz/', ''),
(2, 1, 'Recruitment CRM', '', 'http://hrdirect.xyz/', '');

-- --------------------------------------------------------

--
-- Table structure for table `pms_projects`
--

CREATE TABLE `pms_projects` (
  `project_id` bigint NOT NULL,
  `project_name` varchar(200) NOT NULL,
  `client_id` bigint NOT NULL,
  `project_owner` bigint NOT NULL,
  `project_pm` bigint NOT NULL,
  `project_folder_name` bigint NOT NULL,
  `project_type` bigint NOT NULL,
  `dev_status_id` bigint NOT NULL,
  `project_code` varchar(15) NOT NULL,
  `is_billable` int NOT NULL DEFAULT '0',
  `start_date` date NOT NULL,
  `end_date` date NOT NULL,
  `project_est_cost` int NOT NULL,
  `project_actual_cost` int NOT NULL,
  `client_budget` int NOT NULL,
  `estimated_hours` int NOT NULL,
  `actual_hours` int NOT NULL,
  `alert_when` float NOT NULL,
  `project_desc` longtext NOT NULL,
  `status` int NOT NULL DEFAULT '0'
) ENGINE=InnoDB DEFAULT CHARSET=latin1;

-- --------------------------------------------------------

--
-- Table structure for table `pms_project_team`
--

CREATE TABLE `pms_project_team` (
  `user_id` bigint NOT NULL,
  `project_id` bigint NOT NULL
) ENGINE=InnoDB DEFAULT CHARSET=latin1;

-- --------------------------------------------------------

--
-- Table structure for table `pms_property_unit_description`
--

CREATE TABLE `pms_property_unit_description` (
  `prop_unit_id` bigint NOT NULL,
  `prop_title` varchar(255) NOT NULL,
  `language_id` bigint NOT NULL,
  `description` longtext NOT NULL,
  `meta_description` longtext NOT NULL,
  `meta_title` longtext NOT NULL,
  `meta_keyword` longtext NOT NULL,
  `tag` longtext NOT NULL
) ENGINE=InnoDB DEFAULT CHARSET=latin1;

-- --------------------------------------------------------

--
-- Table structure for table `pms_reference`
--

CREATE TABLE `pms_reference` (
  `ref_id` bigint NOT NULL,
  `ref_name` varchar(100) NOT NULL
) ENGINE=InnoDB DEFAULT CHARSET=latin1;

--
-- Dumping data for table `pms_reference`
--

INSERT INTO `pms_reference` (`ref_id`, `ref_name`) VALUES
(15, 'reference1'),
(16, 'reference2'),
(17, 'testref1'),
(18, 'testref2'),
(19, 'lorem ipsem1'),
(20, 'dolar sit amet ref');

-- --------------------------------------------------------

--
-- Table structure for table `pms_religion`
--

CREATE TABLE `pms_religion` (
  `rel_id` bigint NOT NULL,
  `rel_name` varchar(100) NOT NULL
) ENGINE=InnoDB DEFAULT CHARSET=latin1;

--
-- Dumping data for table `pms_religion`
--

INSERT INTO `pms_religion` (`rel_id`, `rel_name`) VALUES
(12, 'hindhu'),
(13, 'nadar'),
(14, 'islam'),
(15, 'christian'),
(16, 'sikh'),
(17, 'jain');

-- --------------------------------------------------------

--
-- Table structure for table `pms_scratchpad`
--

CREATE TABLE `pms_scratchpad` (
  `scratch_id` bigint NOT NULL,
  `user_id` bigint NOT NULL,
  `scratch_content` longtext NOT NULL,
  `datetime` timestamp NOT NULL DEFAULT CURRENT_TIMESTAMP ON UPDATE CURRENT_TIMESTAMP,
  `status` int NOT NULL
) ENGINE=InnoDB DEFAULT CHARSET=latin1;

-- --------------------------------------------------------

--
-- Table structure for table `pms_skills_to_designation`
--

CREATE TABLE `pms_skills_to_designation` (
  `skill_desig_id` bigint NOT NULL,
  `skill_id` bigint NOT NULL,
  `desig_id` bigint NOT NULL
) ENGINE=InnoDB DEFAULT CHARSET=latin1;

--
-- Dumping data for table `pms_skills_to_designation`
--

INSERT INTO `pms_skills_to_designation` (`skill_desig_id`, `skill_id`, `desig_id`) VALUES
(11, 15, 22),
(12, 13, 220),
(13, 13, 36),
(14, 13, 1),
(15, 13, 7),
(16, 13, 35),
(17, 13, 13),
(18, 14, 0),
(19, 14, 176),
(20, 14, 108),
(21, 14, 107),
(22, 14, 84),
(23, 14, 101),
(24, 14, 47),
(25, 14, 29),
(26, 14, 45),
(27, 14, 106),
(28, 14, 104),
(29, 14, 24),
(30, 14, 213),
(31, 14, 142),
(32, 14, 173),
(33, 14, 212),
(34, 14, 52),
(35, 14, 19),
(36, 14, 22),
(37, 14, 14),
(38, 14, 135),
(39, 14, 11),
(40, 14, 81),
(41, 14, 15),
(42, 14, 41),
(43, 14, 2),
(44, 14, 16),
(45, 14, 42),
(46, 14, 179),
(47, 14, 61),
(48, 14, 120),
(49, 14, 67),
(50, 14, 103),
(51, 14, 44),
(52, 14, 115),
(53, 14, 143),
(54, 14, 102),
(55, 14, 116),
(56, 14, 185),
(57, 14, 182),
(58, 14, 32),
(59, 14, 59),
(60, 14, 181),
(61, 14, 183),
(62, 14, 184),
(63, 14, 105),
(64, 14, 85),
(65, 14, 145),
(66, 14, 23),
(67, 14, 98),
(68, 14, 149),
(69, 14, 60),
(70, 14, 114),
(71, 14, 126),
(72, 14, 86),
(73, 14, 148),
(74, 14, 12),
(75, 14, 109),
(76, 14, 191),
(77, 14, 192),
(78, 14, 189),
(79, 14, 64),
(80, 14, 190),
(81, 14, 110),
(82, 14, 121),
(83, 14, 226),
(84, 14, 68),
(85, 14, 214),
(86, 14, 51),
(87, 14, 124),
(88, 14, 100),
(89, 14, 196),
(90, 14, 216),
(91, 14, 112),
(92, 14, 129),
(93, 14, 207),
(94, 14, 130),
(95, 14, 139),
(96, 14, 136),
(97, 14, 113),
(98, 14, 66),
(99, 14, 219),
(100, 14, 48),
(101, 14, 20),
(102, 14, 46),
(103, 14, 193),
(104, 14, 215),
(105, 14, 201),
(106, 14, 54),
(107, 14, 187),
(108, 14, 202),
(109, 14, 225),
(110, 14, 151),
(111, 14, 152),
(112, 14, 99),
(113, 14, 87),
(114, 14, 171),
(115, 14, 111),
(116, 14, 63),
(117, 14, 31),
(118, 14, 71),
(119, 14, 30),
(120, 14, 154),
(121, 14, 153),
(122, 14, 200),
(123, 14, 199),
(124, 14, 155),
(125, 14, 49),
(126, 14, 65),
(127, 14, 40),
(128, 14, 195),
(129, 14, 197),
(130, 14, 172),
(131, 14, 127),
(132, 14, 138),
(133, 14, 72),
(134, 14, 128),
(135, 14, 132),
(136, 14, 122),
(137, 14, 123),
(138, 14, 4),
(139, 14, 5),
(140, 14, 73),
(141, 14, 223),
(142, 14, 17),
(143, 14, 211),
(144, 14, 162),
(145, 14, 163),
(146, 14, 209),
(147, 14, 210),
(148, 14, 3),
(149, 14, 180),
(150, 14, 169),
(151, 14, 158),
(152, 14, 161),
(153, 14, 160),
(154, 14, 159),
(155, 14, 91),
(156, 14, 90),
(157, 14, 146),
(158, 14, 140),
(159, 14, 175),
(160, 14, 133),
(161, 14, 74),
(162, 14, 75),
(163, 14, 224),
(164, 14, 55),
(165, 14, 78),
(166, 14, 83),
(167, 14, 27),
(168, 14, 62),
(169, 14, 76),
(170, 14, 77),
(171, 14, 221),
(172, 14, 147),
(173, 14, 170),
(174, 14, 43),
(175, 14, 186),
(176, 14, 57),
(177, 14, 9),
(178, 14, 198),
(179, 14, 6),
(180, 14, 188),
(181, 14, 37),
(182, 14, 56),
(183, 14, 220),
(184, 14, 119),
(185, 14, 92),
(186, 14, 194),
(187, 14, 36),
(188, 14, 1),
(189, 14, 7),
(190, 14, 168),
(191, 14, 164),
(192, 14, 165),
(193, 14, 166),
(194, 14, 118),
(195, 14, 8),
(196, 14, 178),
(197, 14, 35),
(198, 14, 38),
(199, 14, 93),
(200, 14, 94),
(201, 14, 10),
(202, 14, 79),
(203, 14, 222),
(204, 14, 95),
(205, 14, 131),
(206, 14, 134),
(207, 14, 96),
(208, 14, 217),
(209, 14, 218),
(210, 14, 150),
(211, 14, 141),
(212, 14, 117),
(213, 14, 144),
(214, 14, 58),
(215, 14, 125),
(216, 14, 174),
(217, 14, 80),
(218, 14, 137),
(219, 14, 97),
(220, 14, 167),
(221, 14, 205),
(222, 14, 204),
(223, 14, 53),
(224, 14, 203),
(225, 14, 208),
(226, 14, 13);

-- --------------------------------------------------------

--
-- Table structure for table `pms_social_media`
--

CREATE TABLE `pms_social_media` (
  `media_id` bigint NOT NULL,
  `media_name` varchar(250) NOT NULL,
  `media_link` longtext NOT NULL
) ENGINE=InnoDB DEFAULT CHARSET=latin1;

-- --------------------------------------------------------

--
-- Table structure for table `pms_specialisation`
--

CREATE TABLE `pms_specialisation` (
  `spcl_id` bigint NOT NULL,
  `spcl_name` varchar(200) NOT NULL,
  `course_id` bigint NOT NULL
) ENGINE=InnoDB DEFAULT CHARSET=latin1;

--
-- Dumping data for table `pms_specialisation`
--

INSERT INTO `pms_specialisation` (`spcl_id`, `spcl_name`, `course_id`) VALUES
(42, 'Any', 0),
(43, 'Academic / General', 0),
(44, 'Accountancy', 0),
(45, 'Advertising/Mass Communication', 0),
(46, 'Aircraft Maintenance', 0),
(47, 'Anaesthesiology', 0),
(48, 'Anatomy', 0),
(49, 'Anthropology', 0),
(50, 'Arabic', 0),
(51, 'Architecture', 0),
(52, 'Arts&Humanities', 0),
(53, 'Autoclave Operation', 0),
(54, 'Automobile', 0),
(55, 'Aviation/ Aviation Medicine', 0),
(56, 'Bio - Chemistry', 0),
(57, 'Bio - Technology', 0),
(58, 'Biology', 0),
(59, 'Biomedial', 0),
(60, 'Biophysics', 0),
(61, 'Blood Banking & Immuno. Haem', 0),
(62, 'Botany', 0),
(63, 'Cardiology', 0),
(64, 'Cement Technology', 0),
(65, 'Ceramics', 0),
(66, 'Chartered Accountant', 0),
(67, 'Chemical', 0),
(68, 'Chemistry', 0),
(69, 'Civil', 0),
(70, 'Commerce', 0),
(71, 'Commercial', 0),
(72, 'Communication', 0),
(73, 'Community Health Administration/ Community Medicine', 0),
(74, 'Company Secretary', 0),
(75, 'Computers', 0),
(76, 'Construction Technology', 0),
(77, 'Cost&Works Department', 0),
(78, 'Critical Care Medicine', 0),
(79, 'Dairy', 0),
(80, 'Dentistry', 0),
(81, 'Dermatology', 0),
(82, 'Drilling & Exploration Technology', 0),
(83, 'Economics', 0),
(84, 'Education', 0),
(85, 'Electrical', 0),
(86, 'Electronics', 0),
(87, 'Electronics/Telecommunication', 0),
(88, 'Energy', 0),
(90, 'English', 0),
(91, 'ENT', 0),
(92, 'Environmental', 0),
(93, 'Environmental Science', 0),
(94, 'Export/Import', 0),
(95, 'Fashion / Textile ', 0),
(96, 'Film', 0),
(97, 'Finance', 0),
(98, 'Fine Arts', 0),
(99, 'Food Technology', 0),
(100, 'Forensic Medicine', 0),
(101, 'Foundry & Forging', 0),
(102, 'General', 0),
(103, 'General Medicine', 0),
(104, 'General Surgery', 0),
(105, 'Geology', 0),
(106, 'Geriatrics', 0),
(107, 'Graphic/ Web Designing', 0),
(108, 'Gynecology', 0),
(109, 'Health Administration', 0),
(110, 'Hepatology', 0),
(111, 'Hindi', 0),
(112, 'History', 0),
(113, 'Home Science', 0),
(114, 'Hotel Management', 0),
(115, 'HR/Industrial Relations', 0),
(116, 'Immunology Microbiology', 0),
(117, 'Information Technology', 0),
(118, 'Instrumentation & Control', 0),
(119, 'Insurance', 0),
(120, 'International Business', 0),
(121, 'Jewellery Design & Manufacturing', 0),
(122, 'Journalism', 0),
(123, 'Lab Medicine', 0),
(124, 'Law', 0),
(125, 'Leprosy', 0),
(126, 'Machine Tool Maintenance & Repair', 0),
(127, 'Management', 0),
(128, 'Marine', 0),
(129, 'Marketing', 0),
(130, 'Maternity & Child Health', 0),
(131, 'Maths', 0),
(132, 'Mechanical', 0),
(133, 'Medical Instrumentation', 0),
(134, 'Medical Lab Technology', 0),
(135, 'Medicine', 0),
(136, 'Metallurgy', 0),
(137, 'Microbiology', 0),
(138, 'Middle Eastern studies', 0),
(139, 'Mineral', 0),
(140, 'Mining', 0),
(141, 'Neonatal', 0),
(142, 'Nephrology/Urology', 0),
(143, 'Nuclear/Nuclear Medicine', 0),
(144, 'Nursing', 0),
(145, 'Obstetrics', 0),
(146, 'Oncology', 0),
(147, 'Ophthalmology', 0),
(148, 'Orthopedic', 0),
(149, 'Paint/Oil', 0),
(150, 'Pathology', 0),
(151, 'Pediatrics', 0),
(152, 'Petrochemical Technology', 0),
(153, 'Petroleum', 0),
(154, 'Pharmacology', 0),
(155, 'Pharmacy', 0),
(157, 'Physical Medicine Rehabilitation', 0),
(158, 'Physics', 0),
(159, 'Physiology', 0),
(160, 'Plastics', 0),
(161, 'Political Science', 0),
(162, 'PR/Advertising', 0),
(163, 'Process Instrumentation', 0),
(164, 'Production Technology', 0),
(165, 'Production/ Industrial', 0),
(166, 'Psychiatry', 0),
(167, 'Psychiatry/Psychology', 0),
(168, 'Pulmonary Medicine', 0),
(169, 'R&D', 0),
(170, 'Radio Diagnosis', 0),
(171, 'Radio Therapy', 0),
(172, 'Radiology', 0),
(173, 'Refinery & Petro Chemical Technology', 0),
(174, 'Religion/ Religious Education', 0),
(175, 'Rheumatology', 0),
(176, 'Social & Preventive Medicine', 0),
(177, 'Sociology', 0),
(178, 'Statistics', 0),
(179, 'Surface Coating Technology', 0),
(180, 'Survey Engineering', 0),
(181, 'Systems', 0),
(182, 'Others', 0),
(183, 'Port & Shipping Management ', 0),
(184, 'Logistics & Supply Chain', 0),
(185, 'Business Administration ', 0),
(186, 'IT admin Manager', 0);

-- --------------------------------------------------------

--
-- Table structure for table `pms_state`
--

CREATE TABLE `pms_state` (
  `state_id` bigint NOT NULL,
  `country_id` bigint NOT NULL,
  `state_name` varchar(100) NOT NULL,
  `state_short_name` varchar(5) NOT NULL,
  `sort_order` int NOT NULL,
  `status` int NOT NULL
) ENGINE=InnoDB DEFAULT CHARSET=latin1;

--
-- Dumping data for table `pms_state`
--

INSERT INTO `pms_state` (`state_id`, `country_id`, `state_name`, `state_short_name`, `sort_order`, `status`) VALUES
(1, 350, 'Dubai', '', 0, 1),
(2, 350, 'Sharjah', '', 0, 1),
(3, 350, 'Fujairah', '', 0, 1),
(4, 350, 'Umm Al Quwain', '', 0, 1),
(5, 350, 'Ras Al Khaimah', '', 0, 1),
(6, 350, 'Abu Dhabi', '', 0, 1),
(7, 350, 'Ajman', '', 0, 1),
(8, 330, 'Sudan', '', 0, 1),
(9, 220, 'Egypt', '', 0, 1),
(15, 367, 'Philippines', '', 0, 1),
(25, 168, 'Muscat', '', 0, 1),
(26, 165, 'Kuwait City', '', 0, 1),
(27, 162, 'Kerala', '', 0, 1),
(29, 162, 'Tamil Nadu', '', 0, 1),
(30, 163, 'Doha', '', 0, 1),
(31, 315, 'Riyadh', '', 0, 1),
(32, 315, 'Jeddah', '', 0, 1),
(33, 181, 'Manama', '', 0, 1),
(34, 315, 'Al Khobar', '', 0, 1),
(35, 162, 'Maharashtra', '', 0, 1),
(36, 162, 'Punjab', '', 0, 1),
(37, 162, 'Hariyana', '', 0, 1),
(38, 162, 'Uttar Pradesh', '', 0, 1),
(39, 162, 'Gurajrat', '', 0, 1),
(40, 162, 'Delhi', '', 0, 1),
(41, 162, 'Karnataka', '', 0, 1),
(42, 220, 'Cairo', '', 0, 1),
(43, 162, 'India', '', 0, 1),
(44, 303, 'Philippines', '', 0, 1),
(45, 296, 'Pakistan', '', 0, 1),
(46, 358, 'Vietnam', '', 0, 1),
(47, 336, 'Taiwan', '', 0, 1),
(48, 255, 'Kenya', '', 0, 1),
(49, 293, 'Nigeria', '', 0, 1),
(50, 199, 'Cameroon', '', 0, 1),
(51, 348, 'Uganda', '', 0, 1),
(52, 241, 'Haiti', '', 0, 1);

-- --------------------------------------------------------

--
-- Table structure for table `pms_state_description`
--

CREATE TABLE `pms_state_description` (
  `state_id` bigint NOT NULL,
  `state_name` varchar(255) NOT NULL,
  `language_id` bigint NOT NULL,
  `description` longtext NOT NULL
) ENGINE=MyISAM DEFAULT CHARSET=latin1;

--
-- Dumping data for table `pms_state_description`
--

INSERT INTO `pms_state_description` (`state_id`, `state_name`, `language_id`, `description`) VALUES
(1, 'Dubai', 1, ''),
(2, 'Sharjah', 1, ''),
(3, 'Fujairah', 1, ''),
(4, 'Umm Al Quwain', 1, ''),
(5, 'Ras Al Khaimah', 1, ''),
(6, 'Abu Dhabi', 1, ''),
(7, 'Ajman', 1, ''),
(8, 'Sudan', 1, ''),
(9, 'Egypt', 1, ''),
(36, 'Punjab', 1, ''),
(25, 'Muscat', 1, ''),
(35, 'Maharashtra', 1, ''),
(15, 'Philippines', 1, ''),
(34, 'Al Khobar', 1, ''),
(33, 'Manama', 1, ''),
(32, 'Jeddah', 1, ''),
(31, 'Riyadh', 1, ''),
(29, 'Tamil Nadu', 1, ''),
(26, 'Kuwait City', 1, ''),
(27, 'Kerala', 1, ''),
(30, 'Doha', 1, ''),
(37, 'Hariyana', 1, ''),
(38, 'Uttar Pradesh', 1, ''),
(39, 'Gurajrat', 1, ''),
(40, 'Delhi', 1, ''),
(41, 'Karnataka', 1, ''),
(42, 'Cairo', 1, ''),
(43, 'India', 1, ''),
(44, 'Philippines', 1, ''),
(45, 'Pakistan', 1, ''),
(46, 'Vietnam', 1, ''),
(47, 'Taiwan', 1, ''),
(48, 'Kenya', 1, ''),
(49, 'Nigeria', 1, ''),
(50, 'Cameroon', 1, ''),
(51, 'Uganda', 1, ''),
(52, 'Haiti', 1, '');

-- --------------------------------------------------------

--
-- Table structure for table `pms_study_mode`
--

CREATE TABLE `pms_study_mode` (
  `mode_id` bigint NOT NULL,
  `mode_name` varchar(100) NOT NULL,
  `mode_desc` longtext NOT NULL
) ENGINE=InnoDB DEFAULT CHARSET=latin1;

--
-- Dumping data for table `pms_study_mode`
--

INSERT INTO `pms_study_mode` (`mode_id`, `mode_name`, `mode_desc`) VALUES
(1, 'Campus', '');

-- --------------------------------------------------------

--
-- Table structure for table `pms_subject`
--

CREATE TABLE `pms_subject` (
  `subject_id` bigint NOT NULL,
  `subject_name` varchar(200) NOT NULL,
  `subject_details` longtext NOT NULL,
  `status` smallint NOT NULL DEFAULT '1'
) ENGINE=InnoDB DEFAULT CHARSET=latin1;

-- --------------------------------------------------------

--
-- Table structure for table `pms_tasks`
--

CREATE TABLE `pms_tasks` (
  `task_id` bigint NOT NULL,
  `task_title` varchar(100) NOT NULL,
  `start_date` date NOT NULL,
  `due_date` date NOT NULL,
  `company_id` bigint NOT NULL,
  `candidate_id` bigint NOT NULL,
  `app_id` bigint NOT NULL,
  `candidate_follow_id` bigint NOT NULL,
  `admin_id` bigint NOT NULL,
  `assigned_by` bigint NOT NULL,
  `project_folder_id` bigint NOT NULL,
  `task_module_id` bigint NOT NULL,
  `task_priority_id` bigint NOT NULL,
  `task_status_id` bigint NOT NULL,
  `unbillable_hrs` int NOT NULL,
  `billable_hrs` int NOT NULL,
  `actual_hrs` int NOT NULL,
  `task_desc` longtext NOT NULL,
  `predecessor` bigint NOT NULL,
  `successor` bigint NOT NULL,
  `milestone_id` bigint NOT NULL,
  `status` tinyint(1) NOT NULL DEFAULT '1'
) ENGINE=InnoDB DEFAULT CHARSET=latin1;

--
-- Dumping data for table `pms_tasks`
--

INSERT INTO `pms_tasks` (`task_id`, `task_title`, `start_date`, `due_date`, `company_id`, `candidate_id`, `app_id`, `candidate_follow_id`, `admin_id`, `assigned_by`, `project_folder_id`, `task_module_id`, `task_priority_id`, `task_status_id`, `unbillable_hrs`, `billable_hrs`, `actual_hrs`, `task_desc`, `predecessor`, `successor`, `milestone_id`, `status`) VALUES
(1, 'Call  BAck Tomo', '1969-12-31', '2017-11-08', 0, 0, 0, 0, 0, 0, 0, 0, 1, 1, 0, 0, 0, 'MsJuidth Hr', 0, 0, 0, 1),
(2, 'call essra', '1969-12-31', '2017-11-12', 0, 0, 0, 0, 0, 0, 0, 0, 1, 1, 0, 0, 0, 'Essra Moustafa Talent Management Officer Ext: 06 705 6054 Ajman Campus', 0, 0, 0, 1),
(3, 'Call after a month ', '1969-12-31', '2017-12-13', 0, 0, 0, 0, 40, 0, 0, 0, 2, 3, 0, 0, 0, 'meeting', 0, 0, 0, 1),
(4, 'requested for meeting ', '1969-12-31', '2017-11-15', 0, 0, 0, 0, 0, 0, 0, 0, 1, 1, 0, 0, 0, 'meeting with ketaki', 0, 0, 0, 1),
(5, 'meeting with hari ', '1969-12-31', '2017-11-15', 0, 0, 0, 0, 0, 0, 0, 0, 1, 1, 0, 0, 0, 'he agreed for the meting in third week ', 0, 0, 0, 1),
(6, 'request for meetings in jabel ali side ', '2017-11-13', '1970-01-01', 0, 0, 0, 0, 27, 0, 0, 0, 1, 1, 0, 0, 0, '<p>\n	meeting requests in jabel alli side&nbsp;</p>\n<p>\n	&nbsp;</p>\n<p>\n	IFRC - DWC</p>\n<p>\n	LALS GROUP -&nbsp;</p>\n<p>\n	DIAMONDS -&nbsp; JLT</p>\n<p>\n	INTERNATIONAL (BETZY )</p>\n<p>\n	AL FANAR</p>\n<p>\n	&nbsp;</p>\n<p>\n	&nbsp;</p>\n', 0, 0, 0, 1),
(7, 'call one foods ', '2017-11-12', '1970-01-01', 0, 0, 0, 0, 27, 0, 0, 0, 1, 1, 0, 0, 0, '<p>\n	call</p>\n', 0, 0, 0, 1),
(8, 'PA Filipino CV to be submitted ', '2017-11-22', '2017-11-30', 0, 0, 0, 0, 1, 0, 0, 0, 1, 1, 0, 0, 0, '<p>\n	&nbsp;</p>\n<p>\n	interview is going oin</p>\n', 0, 0, 0, 0),
(9, 'work on dynatrade requirement ', '2017-11-13', '2017-11-13', 0, 0, 0, 0, 39, 0, 0, 0, 1, 2, 0, 0, 0, '<p>\n	dynatrade&nbsp;</p>\n', 0, 0, 0, 1),
(10, 'sundar@peeraj.com ', '2017-11-20', '2017-11-20', 0, 0, 0, 0, 0, 0, 0, 0, 0, 1, 0, 0, 0, '<p>\n	is the new incharge for recruitment. send the profile to him</p>\n', 0, 0, 0, 0),
(11, 'call reshmi menon', '1969-12-31', '2017-11-20', 0, 0, 0, 0, 0, 0, 0, 0, 1, 1, 0, 0, 0, 'she was with NOV before ', 0, 0, 0, 1),
(12, 'Call and get appointments for Hamriyah Free Zone ', '2017-11-13', '2017-11-15', 0, 0, 0, 0, 40, 0, 0, 0, 1, 1, 0, 0, 0, '<p>\n	Call all the potentical companies in Hamriyah free zone, collect the data and get appointmnet for meeting on 16th.</p>\n', 0, 0, 0, 1),
(13, 'call the companies in hamriya free zone ', '2017-11-15', '2017-11-15', 0, 0, 0, 0, 40, 0, 0, 0, 0, 2, 0, 0, 0, '<p>\n	comapneis in&nbsp;</p>\n', 0, 0, 0, 0),
(14, 'send mail to franks intl ', '2017-11-15', '2017-11-16', 0, 0, 0, 0, 27, 0, 0, 0, 1, 1, 0, 0, 0, '<p>\n	send mail to sapna.shetty@franksintl.com</p>\n<p>\n	jesna.jose@franksintl.com</p>\n', 0, 0, 0, 1),
(15, 'Call   Mr.Saleem Khoshker', '2017-11-19', '2017-11-20', 0, 0, 0, 0, 27, 0, 0, 0, 1, 1, 0, 0, 0, '<p>\n	To call and check the requirement&nbsp;</p>\n', 0, 0, 0, 0),
(21, 'Sales Coordinator/Engineer Massaed  -[Assigned to Consultant Joicy ]', '2017-11-26', '2017-11-27', 0, 0, 0, 0, 29, 28, 0, 0, 1, 1, 0, 0, 0, '<p>\n	Kindly source&nbsp; CV&rsquo;s <strong>(Pakistan/Indian Nationality)</strong> with same details below.</p>\n<p>\n	&nbsp;</p>\n<p>\n	Sales Engineer/Executive Details:</p>\n<p style=\"margin-left:55.5pt;\">\n	&bull;&nbsp;&nbsp;&nbsp;&nbsp;&nbsp;&nbsp;&nbsp;&nbsp;&nbsp;&nbsp;&nbsp;&nbsp;&nbsp;&nbsp;&nbsp;&nbsp;&nbsp;&nbsp;&nbsp;&nbsp; Arabic &amp; English Speaking &amp; Writing[ IN CASE IF NOT GETTING TAKE WITHOUT THIS ]</p>\n<p style=\"margin-left:55.5pt;\">\n	&bull;&nbsp;&nbsp;&nbsp;&nbsp;&nbsp;&nbsp;&nbsp;&nbsp;&nbsp;&nbsp;&nbsp;&nbsp;&nbsp;&nbsp;&nbsp;&nbsp;&nbsp;&nbsp;&nbsp;&nbsp; Experience in sales in UAE 1-5 Years.</p>\n<p style=\"margin-left:55.5pt;\">\n	&bull;&nbsp;&nbsp;&nbsp;&nbsp;&nbsp;&nbsp;&nbsp;&nbsp;&nbsp;&nbsp;&nbsp;&nbsp;&nbsp;&nbsp;&nbsp;&nbsp;&nbsp;&nbsp;&nbsp;&nbsp; Engineering background/degree: Electrical/Mechanical with background in Civil.</p>\n<p style=\"margin-left:55.5pt;\">\n	&bull;&nbsp;&nbsp;&nbsp;&nbsp;&nbsp;&nbsp;&nbsp;&nbsp;&nbsp;&nbsp;&nbsp;&nbsp;&nbsp;&nbsp;&nbsp;&nbsp;&nbsp;&nbsp;&nbsp;&nbsp; Positive if has 1 year in elevators industry.</p>\n<p style=\"margin-left:55.5pt;\">\n	&bull;&nbsp;&nbsp;&nbsp;&nbsp;&nbsp;&nbsp;&nbsp;&nbsp;&nbsp;&nbsp;&nbsp;&nbsp;&nbsp;&nbsp;&nbsp;&nbsp;&nbsp;&nbsp;&nbsp;&nbsp; Currently residing in UAE.</p>\n<p style=\"margin-left:55.5pt;\">\n	&bull;&nbsp;&nbsp;&nbsp;&nbsp;&nbsp;&nbsp;&nbsp;&nbsp;&nbsp;&nbsp;&nbsp;&nbsp;&nbsp;&nbsp;&nbsp;&nbsp;&nbsp;&nbsp;&nbsp;&nbsp; UAE driving license.</p>\n<p style=\"margin-left:55.5pt;\">\n	&bull;&nbsp;&nbsp;&nbsp;&nbsp;&nbsp;&nbsp;&nbsp;&nbsp;&nbsp;&nbsp;&nbsp;&nbsp;&nbsp;&nbsp;&nbsp;&nbsp;&nbsp;&nbsp;&nbsp;&nbsp; Good experience in dealing with clients.</p>\n<p style=\"margin-left:55.5pt;\">\n	&nbsp;</p>\n<p style=\"margin-left:55.5pt;\">\n	<span style=\"background-color:#ffff00;\">Note : this is the same requirment as before but the nationality has been changed from Arabic to indian and pakistani [ just shortlist 3 resumes and send it back at the earliest ] [ try uploading the resumes in the RMS ]</span></p>\n', 0, 0, 0, 1),
(22, 'Client followup - Pending', '2017-11-26', '2017-11-30', 0, 0, 0, 0, 28, 29, 0, 0, 1, 1, 0, 0, 0, '<p>\n	<strong>CV- Feedback - Pending</strong></p>\n<div>\n	Eniprom<span style=\"white-space:pre\"> </span>Sales Manager - Arabic<span style=\"white-space:pre\"> </span></div>\n<div>\n	Eniprom<span style=\"white-space:pre\"> </span>Sales engineer</div>\n<div>\n	Media One hotel<span style=\"white-space:pre\"> </span>Outlet supervisor</div>\n<div>\n	Massaed<span style=\"white-space:pre\"> </span>Sales Engineer(Elevator)</div>\n<div>\n	Solas Marine<span style=\"white-space:pre\"> </span>Sales Engineer</div>\n<div>\n	Solas Marine<span style=\"white-space:pre\"> </span>Assistant Accountant</div>\n', 0, 0, 0, 0),
(23, 'please work on UAE Enterprise Leasing officer requirement ', '2017-12-05', '2017-12-13', 0, 0, 0, 0, 38, 28, 0, 0, 1, 1, 0, 0, 0, '<p>\n	Plz make sure you source only North Indian candidates [(or candidates originally from Mangalore; Gujarat; Mumbai, UP are also acceptable)FOR LEASING OFFICER</p>\n', 0, 0, 0, 1),
(24, 'NDA AND MEETING ', '1969-12-31', '2017-12-30', 0, 0, 0, 0, 27, 0, 0, 0, 1, 1, 0, 0, 0, 'to meet client and finalize the deal ', 0, 0, 0, 1),
(25, '', '1969-12-31', '2018-01-14', 0, 0, 0, 0, 0, 0, 0, 0, 1, 1, 0, 0, 0, '', 0, 0, 0, 1),
(26, 'send mail', '1969-12-31', '2018-01-08', 0, 0, 0, 0, 40, 0, 0, 0, 1, 1, 0, 0, 0, '', 0, 0, 0, 1),
(27, 'Followup', '1969-12-31', '2018-01-29', 0, 0, 0, 0, 40, 0, 0, 0, 1, 1, 0, 0, 0, '', 0, 0, 0, 1),
(28, 'Follow up', '1969-12-31', '2018-01-16', 0, 0, 0, 0, 40, 0, 0, 0, 1, 1, 0, 0, 0, '', 0, 0, 0, 1),
(29, 'Follow up', '1969-12-31', '2018-01-16', 0, 0, 0, 0, 40, 0, 0, 0, 1, 1, 0, 0, 0, '', 0, 0, 0, 1),
(30, 'Make a call', '1969-12-31', '2018-01-10', 0, 0, 0, 0, 40, 0, 0, 0, 1, 1, 0, 0, 0, '', 0, 0, 0, 1),
(31, 'Follow up', '1969-12-31', '2018-01-16', 0, 0, 0, 0, 40, 0, 0, 0, 1, 1, 0, 0, 0, '', 0, 0, 0, 1),
(32, 'Call Mr.Ganesh', '1969-12-31', '2018-01-16', 0, 0, 0, 0, 40, 0, 0, 0, 1, 1, 0, 0, 0, '', 0, 0, 0, 1),
(33, 'Follow up', '1969-12-31', '2018-01-16', 0, 0, 0, 0, 40, 0, 0, 0, 1, 1, 0, 0, 0, '', 0, 0, 0, 1),
(34, 'Followup call', '1969-12-31', '2017-12-11', 0, 0, 0, 0, 39, 0, 0, 0, 0, 1, 0, 0, 0, '<p>\n	They will have few openings in March. asked me to call on Feb</p>\n', 0, 0, 0, 0),
(35, 'Call Ms. Flavy', '1969-12-31', '2017-10-16', 0, 0, 0, 0, 39, 0, 0, 0, 0, 1, 0, 0, 0, '<p>\n	Take feedback for the mail we sent</p>\n', 0, 0, 0, 0),
(36, 'they will have some requirements after few months', '1969-12-31', '2017-11-13', 0, 0, 0, 0, 39, 0, 0, 0, 0, 1, 0, 0, 0, '<p>\n	spoke to hr. they will have some requirements after few months</p>\n', 0, 0, 0, 0),
(37, 'interview reminder', '2018-01-16', '2018-01-20', 0, 0, 0, 0, 28, 0, 0, 0, 1, 1, 0, 0, 0, 'reconfirm the interview with the ccc candidates for quality surveyor  ', 0, 0, 0, 1),
(38, 'call back april they will have few requirements', '1969-12-31', '2017-11-12', 0, 0, 0, 0, 39, 0, 0, 0, 0, 2, 0, 0, 0, '<p>\n	call back april they will have few requirements</p>\n', 0, 0, 0, 0),
(39, 'spoke to HR seems like interested. sent mail', '1969-12-31', '2018-01-24', 0, 0, 0, 0, 39, 0, 0, 0, 1, 1, 0, 0, 0, 'spoke to HR seems like interested. sent mail', 0, 0, 0, 1),
(40, 'Daily Task - Training and Merge Mails ', '2018-01-22', '2018-01-22', 0, 0, 0, 0, 41, 27, 0, 0, 1, 2, 0, 0, 0, '<p>\n	prepare for calling - sending merge mails&nbsp;</p>\n', 0, 0, 0, 1),
(41, 'joy to call this company ', '1969-12-31', '2018-01-23', 0, 0, 0, 0, 27, 0, 0, 0, 1, 1, 0, 0, 0, 'joy to call kanoo', 0, 0, 0, 1),
(42, 'Meeting ', '1969-12-31', '2017-11-20', 0, 0, 0, 0, 27, 0, 0, 0, 0, 1, 0, 0, 0, '<p>\n	joy has got a meeting wiht timeline shipping</p>\n', 0, 0, 0, 0),
(43, 'call potential clients ', '2018-01-23', '2018-01-24', 0, 0, 0, 0, 41, 27, 0, 0, 1, 2, 0, 0, 0, '<p>\n	called all 55 companies</p>\n', 0, 0, 0, 0),
(44, 'Call potential clients and arrange meeting ', '2018-01-24', '2018-01-24', 0, 0, 0, 0, 41, 27, 0, 0, 1, 1, 0, 0, 0, '<p>\n	Call potential clients and arrange meeting&nbsp;</p>\n', 0, 0, 0, 1),
(45, 'Call potential clients and arrange meeting ', '2018-01-25', '2018-01-25', 0, 0, 0, 0, 41, 27, 0, 0, 1, 2, 0, 0, 0, '<p>\n	Called potential clients and meeting fixed with Mr.Utsav from MGH on 25/1/2018 by 5.00PM</p>\n', 0, 0, 0, 0),
(46, 'test11', '1969-12-31', '2017-08-15', 0, 0, 0, 0, 27, 0, 0, 0, 0, 1, 0, 0, 0, '<p>\n	test</p>\n', 0, 0, 0, 0),
(47, 'task bd - logistics ', '2018-01-29', '2018-01-29', 0, 0, 0, 0, 41, 27, 0, 0, 1, 1, 0, 0, 0, '<p>\n	call logistics companies&nbsp;</p>\n', 0, 0, 0, 1),
(48, 'todays assignments ', '2018-01-29', '2018-01-29', 0, 0, 0, 0, 29, 27, 0, 0, 1, 1, 0, 0, 0, '<p>\n	sr. civil engineer - send cvs</p>\n<p>\n	management trainee - send cvs to joy and arrange interview tomorrow</p>\n<p>\n	hr executive - send cvs to joy and arrange internal interview tomorrow&nbsp;</p>\n', 0, 0, 0, 1),
(49, '', '1969-12-31', '2018-02-05', 0, 0, 0, 0, 0, 29, 0, 0, 1, 1, 0, 0, 0, '', 0, 0, 0, 1),
(50, '', '1969-12-31', '2018-03-13', 0, 0, 0, 0, 41, 41, 0, 0, 1, 1, 0, 0, 0, '', 0, 0, 0, 1),
(51, '', '1969-12-31', '2018-03-13', 0, 0, 0, 0, 0, 41, 0, 0, 1, 1, 0, 0, 0, '', 0, 0, 0, 1),
(52, 'Must Call after eid. ', '1969-12-31', '2018-05-30', 0, 0, 0, 0, 0, 52, 0, 0, 1, 1, 0, 0, 0, '', 0, 0, 0, 1),
(53, '', '1969-12-31', '2018-06-27', 0, 0, 0, 0, 0, 42, 0, 0, 1, 1, 0, 0, 0, '', 0, 0, 0, 1),
(54, '', '1969-12-31', '2018-06-27', 0, 0, 0, 0, 0, 42, 0, 0, 1, 1, 0, 0, 0, '', 0, 0, 0, 1),
(55, 'Followup', '1969-12-31', '2018-08-19', 0, 0, 0, 0, 41, 41, 0, 0, 1, 1, 0, 0, 0, 'Email received or nor , requirement details', 0, 0, 0, 1),
(56, 'call sabeena navio', '1969-12-31', '2018-08-20', 0, 0, 0, 0, 0, 27, 0, 0, 1, 1, 0, 0, 0, '', 0, 0, 0, 1),
(57, 'call rajan trident', '1969-12-31', '2018-08-26', 0, 0, 0, 0, 0, 27, 0, 0, 1, 1, 0, 0, 0, '', 0, 0, 0, 1),
(58, 'call benny', '1969-12-31', '2018-10-15', 0, 0, 0, 0, 0, 27, 0, 0, 1, 1, 0, 0, 0, 'call benny of dar al fajr', 0, 0, 0, 1),
(59, 'call hadid ( divina ) ', '1969-12-31', '2018-11-04', 0, 0, 0, 0, 0, 27, 0, 0, 1, 1, 0, 0, 0, '', 0, 0, 0, 1),
(60, 'Ms.Mamta shukla(HR) will be back only month end.', '1969-12-31', '2018-11-30', 0, 0, 0, 0, 0, 41, 0, 0, 1, 1, 0, 0, 0, '', 0, 0, 0, 1),
(61, 'call back 15th november', '1969-12-31', '2018-11-15', 0, 0, 0, 0, 0, 41, 0, 0, 1, 1, 0, 0, 0, '', 0, 0, 0, 1),
(62, 'call tomorrow noon Vargese', '1969-12-31', '2018-11-07', 0, 0, 0, 0, 0, 41, 0, 0, 1, 1, 0, 0, 0, '', 0, 0, 0, 1),
(63, 'Security Guards CV shortlist', '2019-01-10', '2019-01-10', 0, 0, 0, 0, 42, 41, 0, 0, 1, 1, 0, 0, 0, '<p>\n	complete the shortlist of security guards</p>\n', 0, 0, 0, 1),
(64, 'Sales Executive - Abu Dhabi', '2019-01-10', '2019-01-13', 0, 0, 0, 0, 42, 27, 0, 0, 1, 0, 0, 0, 0, '<p>\n	logistics sales execurtive abu dhabi</p>\n', 0, 0, 0, 1),
(65, 'Sales Executive - Dubai', '2019-01-10', '2019-01-14', 0, 0, 0, 0, 42, 27, 0, 0, 1, 1, 0, 0, 0, '<p>\n	shortlist of logistics sales executive - dubai</p>\n', 0, 0, 0, 1),
(66, 'Continue Sales Executive Abu Dhabi Search', '2019-01-14', '2019-01-14', 0, 0, 0, 0, 42, 27, 0, 0, 1, 1, 0, 0, 0, '<p>\n	Sales Executive - Logistics for Abu Dhabi</p>\n', 0, 0, 0, 1),
(67, 'call test', '1969-12-31', '2019-05-16', 0, 0, 0, 0, 41, 41, 0, 0, 0, 2, 0, 0, 0, '<p>\n	call called the client&nbsp;</p>\n', 0, 0, 0, 0),
(68, 'call Logistics world wide', '1969-12-31', '2019-05-16', 0, 0, 0, 0, 0, 41, 0, 0, 1, 1, 0, 0, 0, 'call', 0, 0, 0, 1),
(69, 'call Damco', '1969-12-31', '2019-05-16', 0, 0, 0, 0, 0, 41, 0, 0, 1, 1, 0, 0, 0, '', 0, 0, 0, 1),
(70, 'follow up crisha ', '1969-12-31', '2019-09-15', 0, 0, 0, 0, 0, 29, 0, 0, 1, 1, 0, 0, 0, 'follow up crisha in simatech 3663838', 0, 0, 0, 1),
(71, 'call teena in luster shipping - need to speak to mr. biju only ', '1969-12-31', '2019-09-17', 0, 0, 0, 0, 0, 29, 0, 0, 1, 1, 0, 0, 0, '', 0, 0, 0, 1),
(72, 'asf', '2023-05-04', '2023-05-10', 0, 0, 0, 0, 54, 0, 0, 0, 1, 1, 0, 0, 0, 'ad', 0, 0, 0, 1),
(73, 'asdggsadg', '1970-01-01', '2023-05-22', 0, 0, 0, 0, 0, 58, 0, 0, 1, 1, 0, 0, 0, '', 0, 0, 0, 1),
(74, 'send the profile', '1970-01-01', '2023-05-22', 0, 0, 0, 0, 29, 58, 0, 0, 0, 2, 0, 0, 0, '<p>\n	task has been completed</p>\n', 0, 0, 0, 0),
(75, 'send the profile', '1970-01-01', '2023-05-23', 0, 0, 0, 0, 27, 58, 0, 0, 1, 1, 0, 0, 0, 'it will come the task', 0, 0, 0, 1);

-- --------------------------------------------------------

--
-- Table structure for table `pms_task_followup`
--

CREATE TABLE `pms_task_followup` (
  `task_fl_id` bigint NOT NULL,
  `task_fl_title` varchar(100) NOT NULL,
  `task_fl_desc` longtext NOT NULL,
  `task_fl_date` varchar(50) CHARACTER SET latin1 COLLATE latin1_bin NOT NULL,
  `user_id` bigint NOT NULL,
  `task_id` bigint NOT NULL,
  `task_status` bigint NOT NULL,
  `task_priority` bigint NOT NULL,
  `assigned_to` bigint NOT NULL
) ENGINE=InnoDB DEFAULT CHARSET=latin1;

-- --------------------------------------------------------

--
-- Table structure for table `pms_task_module`
--

CREATE TABLE `pms_task_module` (
  `task_module_id` bigint NOT NULL,
  `task_module_name` varchar(100) NOT NULL,
  `status` int NOT NULL DEFAULT '1'
) ENGINE=InnoDB DEFAULT CHARSET=latin1;

-- --------------------------------------------------------

--
-- Table structure for table `pms_task_priority`
--

CREATE TABLE `pms_task_priority` (
  `task_priority_id` bigint NOT NULL,
  `task_priority_name` varchar(100) NOT NULL,
  `status` int NOT NULL DEFAULT '1'
) ENGINE=InnoDB DEFAULT CHARSET=latin1;

--
-- Dumping data for table `pms_task_priority`
--

INSERT INTO `pms_task_priority` (`task_priority_id`, `task_priority_name`, `status`) VALUES
(1, 'High', 1),
(2, 'Medium', 1),
(3, 'Low', 1);

-- --------------------------------------------------------

--
-- Table structure for table `pms_task_status`
--

CREATE TABLE `pms_task_status` (
  `task_status_id` bigint NOT NULL,
  `task_status_name` varchar(100) NOT NULL,
  `status` int NOT NULL DEFAULT '1'
) ENGINE=InnoDB DEFAULT CHARSET=latin1;

--
-- Dumping data for table `pms_task_status`
--

INSERT INTO `pms_task_status` (`task_status_id`, `task_status_name`, `status`) VALUES
(1, 'Open', 1),
(2, 'Close', 1),
(3, 'Dropped', 1);

-- --------------------------------------------------------

--
-- Table structure for table `pms_task_team`
--

CREATE TABLE `pms_task_team` (
  `user_id` bigint NOT NULL,
  `task_id` bigint NOT NULL
) ENGINE=InnoDB DEFAULT CHARSET=latin1;

-- --------------------------------------------------------

--
-- Table structure for table `pms_testimonials`
--

CREATE TABLE `pms_testimonials` (
  `test_id` bigint NOT NULL,
  `test_title` varchar(100) NOT NULL,
  `test_desc` longtext NOT NULL,
  `test_client_name` varchar(100) NOT NULL,
  `test_email` varchar(100) NOT NULL,
  `test_phone` varchar(50) NOT NULL
) ENGINE=InnoDB DEFAULT CHARSET=latin1;

-- --------------------------------------------------------

--
-- Table structure for table `pms_tickets`
--

CREATE TABLE `pms_tickets` (
  `ticket_id` bigint NOT NULL,
  `project_id` bigint DEFAULT NULL,
  `ticket_title` varchar(350) NOT NULL,
  `ticket_description` longtext,
  `ticket_date` timestamp NOT NULL DEFAULT CURRENT_TIMESTAMP ON UPDATE CURRENT_TIMESTAMP,
  `ticket_time` timestamp NOT NULL DEFAULT '0000-00-00 00:00:00',
  `ticket_status_id` bigint NOT NULL,
  `ticket_priority_id` bigint NOT NULL,
  `candidate_id` bigint NOT NULL DEFAULT '0',
  `admin_user_id` bigint DEFAULT '0',
  `assigned_to` bigint DEFAULT '0',
  `dept_id` bigint DEFAULT '0',
  `unit_id` bigint NOT NULL,
  `tenant_id` bigint NOT NULL,
  `name` varchar(100) NOT NULL,
  `email` varchar(100) NOT NULL,
  `phone` varchar(20) NOT NULL,
  `source` varchar(255) NOT NULL,
  `help_topic` varchar(250) DEFAULT NULL,
  `ip_address` varchar(50) NOT NULL,
  `due_date` timestamp NULL DEFAULT NULL,
  `status` int NOT NULL DEFAULT '1'
) ENGINE=InnoDB DEFAULT CHARSET=latin1;

-- --------------------------------------------------------

--
-- Table structure for table `pms_tickets_followup`
--

CREATE TABLE `pms_tickets_followup` (
  `tkt_fp_id` bigint NOT NULL,
  `ticket_id` bigint NOT NULL,
  `title` varchar(250) NOT NULL,
  `tkt_fp_description` longtext NOT NULL,
  `tkt_status_id` bigint NOT NULL,
  `tkt_priority_id` bigint NOT NULL,
  `user_id` bigint NOT NULL DEFAULT '0',
  `tkt_fp_date` timestamp NOT NULL DEFAULT CURRENT_TIMESTAMP ON UPDATE CURRENT_TIMESTAMP,
  `tkt_fp_time` timestamp NOT NULL DEFAULT '0000-00-00 00:00:00',
  `customer_id` bigint NOT NULL DEFAULT '0',
  `custmor` varchar(100) NOT NULL,
  `usertitle` varchar(100) NOT NULL,
  `assigned_to` bigint NOT NULL
) ENGINE=InnoDB DEFAULT CHARSET=latin1;

-- --------------------------------------------------------

--
-- Table structure for table `pms_tickets_priority`
--

CREATE TABLE `pms_tickets_priority` (
  `ticket_priority_id` bigint NOT NULL,
  `ticket_priority_name` varchar(100) NOT NULL,
  `status` int NOT NULL DEFAULT '0'
) ENGINE=InnoDB DEFAULT CHARSET=latin1;

--
-- Dumping data for table `pms_tickets_priority`
--

INSERT INTO `pms_tickets_priority` (`ticket_priority_id`, `ticket_priority_name`, `status`) VALUES
(2, 'Low', 1),
(3, 'Medium', 1),
(4, 'Major', 1);

-- --------------------------------------------------------

--
-- Table structure for table `pms_tickets_status`
--

CREATE TABLE `pms_tickets_status` (
  `ticket_status_id` bigint NOT NULL,
  `ticket_status_name` varchar(100) NOT NULL,
  `status` int NOT NULL DEFAULT '0'
) ENGINE=InnoDB DEFAULT CHARSET=latin1;

--
-- Dumping data for table `pms_tickets_status`
--

INSERT INTO `pms_tickets_status` (`ticket_status_id`, `ticket_status_name`, `status`) VALUES
(2, 'Open', 1),
(3, 'Waiting On Client', 1),
(4, 'Working On', 1),
(5, 'New', 1);

-- --------------------------------------------------------

--
-- Table structure for table `pms_todo`
--

CREATE TABLE `pms_todo` (
  `todo_id` int NOT NULL,
  `start_date` varchar(100) NOT NULL DEFAULT '0000-00-00 00:00:00',
  `end_date` varchar(100) NOT NULL DEFAULT '0000-00-00 00:00:00',
  `start_time` varchar(100) NOT NULL,
  `end_time` varchar(100) NOT NULL DEFAULT '0000-00-00 00:00:00',
  `todo_priority_id` bigint NOT NULL,
  `created_by` bigint NOT NULL,
  `assigned_to` bigint NOT NULL,
  `status_id` bigint NOT NULL DEFAULT '1',
  `todo_group_id` bigint NOT NULL,
  `parent_id` bigint NOT NULL,
  `link_url` varchar(255) NOT NULL,
  `attachment` varchar(255) NOT NULL,
  `drop_box` varchar(255) NOT NULL
) ENGINE=InnoDB DEFAULT CHARSET=latin1;

-- --------------------------------------------------------

--
-- Table structure for table `pms_todo_description`
--

CREATE TABLE `pms_todo_description` (
  `todo_id` bigint NOT NULL,
  `title` varchar(100) NOT NULL,
  `description` longtext NOT NULL,
  `language_id` bigint NOT NULL
) ENGINE=MyISAM DEFAULT CHARSET=latin1;

-- --------------------------------------------------------

--
-- Table structure for table `pms_todo_group`
--

CREATE TABLE `pms_todo_group` (
  `todo_group_id` bigint NOT NULL,
  `todo_group_name` varchar(100) NOT NULL,
  `status` int NOT NULL,
  `is_default` int NOT NULL DEFAULT '0'
) ENGINE=InnoDB DEFAULT CHARSET=latin1;

--
-- Dumping data for table `pms_todo_group`
--

INSERT INTO `pms_todo_group` (`todo_group_id`, `todo_group_name`, `status`, `is_default`) VALUES
(10, 'Group1', 1, 1),
(11, 'Group2', 1, 1);

-- --------------------------------------------------------

--
-- Table structure for table `pms_todo_status`
--

CREATE TABLE `pms_todo_status` (
  `status_id` bigint NOT NULL,
  `status_name` varchar(100) NOT NULL
) ENGINE=MyISAM DEFAULT CHARSET=latin1;

--
-- Dumping data for table `pms_todo_status`
--

INSERT INTO `pms_todo_status` (`status_id`, `status_name`) VALUES
(11, 'Active'),
(10, 'Inactive');

-- --------------------------------------------------------

--
-- Table structure for table `pms_university`
--

CREATE TABLE `pms_university` (
  `univ_id` bigint NOT NULL,
  `univ_name` varchar(100) NOT NULL,
  `univ_address` longtext NOT NULL,
  `univ_phone` varchar(20) NOT NULL,
  `univ_mobile` varchar(20) NOT NULL,
  `univ_email` varchar(100) NOT NULL,
  `country_id` bigint NOT NULL,
  `univ_map` longtext NOT NULL,
  `univ_details` longtext NOT NULL,
  `univ_logo` varchar(100) NOT NULL,
  `univ_banner` varchar(100) NOT NULL,
  `univ_website` varchar(200) NOT NULL,
  `univ_type` bigint NOT NULL,
  `univ_grade` int NOT NULL
) ENGINE=InnoDB DEFAULT CHARSET=latin1;

-- --------------------------------------------------------

--
-- Table structure for table `pms_university_intake`
--

CREATE TABLE `pms_university_intake` (
  `intake_id` bigint NOT NULL,
  `intake_month` varchar(200) NOT NULL
) ENGINE=InnoDB DEFAULT CHARSET=latin1;

-- --------------------------------------------------------

--
-- Table structure for table `pms_vendors`
--

CREATE TABLE `pms_vendors` (
  `vendor_id` bigint UNSIGNED NOT NULL,
  `email` varchar(50) NOT NULL,
  `username` varchar(50) NOT NULL,
  `password` varchar(100) NOT NULL,
  `firstname` varchar(50) NOT NULL,
  `lastname` varchar(50) NOT NULL,
  `mobile` varchar(20) NOT NULL,
  `address` varchar(250) NOT NULL,
  `telephone` varchar(20) NOT NULL,
  `grade_id` bigint NOT NULL,
  `job_cat_id` bigint NOT NULL,
  `group_id` bigint NOT NULL,
  `status` int NOT NULL
) ENGINE=InnoDB DEFAULT CHARSET=latin1;

--
-- Dumping data for table `pms_vendors`
--

INSERT INTO `pms_vendors` (`vendor_id`, `email`, `username`, `password`, `firstname`, `lastname`, `mobile`, `address`, `telephone`, `grade_id`, `job_cat_id`, `group_id`, `status`) VALUES
(1, 'partner@gmail.com', 'partner', '4cb9c8a8048fd02294477fcb1a41191a', 'Partner', '1', '', '', '', 1, 30, 1, 1);

-- --------------------------------------------------------

--
-- Table structure for table `pms_vendor_permission`
--

CREATE TABLE `pms_vendor_permission` (
  `group_id` bigint NOT NULL,
  `module_id` bigint NOT NULL
) ENGINE=InnoDB DEFAULT CHARSET=latin1;

--
-- Dumping data for table `pms_vendor_permission`
--

INSERT INTO `pms_vendor_permission` (`group_id`, `module_id`) VALUES
(1, 184);

-- --------------------------------------------------------

--
-- Table structure for table `pms_vendor_user_groups`
--

CREATE TABLE `pms_vendor_user_groups` (
  `user_grp_id` bigint NOT NULL,
  `user_grp_name` varchar(100) NOT NULL,
  `status` int NOT NULL
) ENGINE=InnoDB DEFAULT CHARSET=latin1;

--
-- Dumping data for table `pms_vendor_user_groups`
--

INSERT INTO `pms_vendor_user_groups` (`user_grp_id`, `user_grp_name`, `status`) VALUES
(1, 'vendor', 1);

--
-- Indexes for dumped tables
--

--
-- Indexes for table `pms_admin_candidates`
--
ALTER TABLE `pms_admin_candidates`
  ADD PRIMARY KEY (`id`);

--
-- Indexes for table `pms_admin_departments`
--
ALTER TABLE `pms_admin_departments`
  ADD PRIMARY KEY (`dep_id`);

--
-- Indexes for table `pms_admin_leave`
--
ALTER TABLE `pms_admin_leave`
  ADD PRIMARY KEY (`leave_id`);

--
-- Indexes for table `pms_admin_modules`
--
ALTER TABLE `pms_admin_modules`
  ADD PRIMARY KEY (`module_id`);

--
-- Indexes for table `pms_admin_password_change`
--
ALTER TABLE `pms_admin_password_change`
  ADD PRIMARY KEY (`password_change_id`);

--
-- Indexes for table `pms_admin_users`
--
ALTER TABLE `pms_admin_users`
  ADD PRIMARY KEY (`admin_id`),
  ADD UNIQUE KEY `ADMIN_NAME` (`username`);

--
-- Indexes for table `pms_admin_user_groups`
--
ALTER TABLE `pms_admin_user_groups`
  ADD PRIMARY KEY (`user_grp_id`);

--
-- Indexes for table `pms_admin_user_types`
--
ALTER TABLE `pms_admin_user_types`
  ADD PRIMARY KEY (`type_id`);

--
-- Indexes for table `pms_branch`
--
ALTER TABLE `pms_branch`
  ADD PRIMARY KEY (`branch_id`);

--
-- Indexes for table `pms_business_type`
--
ALTER TABLE `pms_business_type`
  ADD PRIMARY KEY (`business_type_id`);

--
-- Indexes for table `pms_campus`
--
ALTER TABLE `pms_campus`
  ADD PRIMARY KEY (`campus_id`);

--
-- Indexes for table `pms_campus_courses_fees`
--
ALTER TABLE `pms_campus_courses_fees`
  ADD PRIMARY KEY (`campus_course_id`);

--
-- Indexes for table `pms_candidate`
--
ALTER TABLE `pms_candidate`
  ADD PRIMARY KEY (`candidate_id`);

--
-- Indexes for table `pms_candidate_address`
--
ALTER TABLE `pms_candidate_address`
  ADD PRIMARY KEY (`address_id`);

--
-- Indexes for table `pms_candidate_applications`
--
ALTER TABLE `pms_candidate_applications`
  ADD PRIMARY KEY (`app_id`);

--
-- Indexes for table `pms_candidate_certification`
--
ALTER TABLE `pms_candidate_certification`
  ADD PRIMARY KEY (`cert_id`);

--
-- Indexes for table `pms_candidate_contract`
--
ALTER TABLE `pms_candidate_contract`
  ADD PRIMARY KEY (`contract_id`),
  ADD KEY `contract_id` (`contract_id`),
  ADD KEY `candidate_id` (`candidate_id`),
  ADD KEY `total_exp` (`total_exp`);

--
-- Indexes for table `pms_candidate_cvfile`
--
ALTER TABLE `pms_candidate_cvfile`
  ADD PRIMARY KEY (`cvfile_id`);

--
-- Indexes for table `pms_candidate_cv_category`
--
ALTER TABLE `pms_candidate_cv_category`
  ADD PRIMARY KEY (`cv_category_id`);

--
-- Indexes for table `pms_candidate_designation`
--
ALTER TABLE `pms_candidate_designation`
  ADD PRIMARY KEY (`desig_id`);

--
-- Indexes for table `pms_candidate_domain`
--
ALTER TABLE `pms_candidate_domain`
  ADD PRIMARY KEY (`domain_id`);

--
-- Indexes for table `pms_candidate_education`
--
ALTER TABLE `pms_candidate_education`
  ADD PRIMARY KEY (`eucation_id`);

--
-- Indexes for table `pms_candidate_files`
--
ALTER TABLE `pms_candidate_files`
  ADD PRIMARY KEY (`file_id`);

--
-- Indexes for table `pms_candidate_followup`
--
ALTER TABLE `pms_candidate_followup`
  ADD PRIMARY KEY (`candidate_follow_id`);

--
-- Indexes for table `pms_candidate_interviews`
--
ALTER TABLE `pms_candidate_interviews`
  ADD PRIMARY KEY (`interview_id`);

--
-- Indexes for table `pms_candidate_interview_status`
--
ALTER TABLE `pms_candidate_interview_status`
  ADD PRIMARY KEY (`int_status_id`);

--
-- Indexes for table `pms_candidate_interview_types`
--
ALTER TABLE `pms_candidate_interview_types`
  ADD PRIMARY KEY (`interview_type_id`);

--
-- Indexes for table `pms_candidate_job_profile`
--
ALTER TABLE `pms_candidate_job_profile`
  ADD PRIMARY KEY (`job_profile_id`),
  ADD KEY `job_profile_id` (`job_profile_id`),
  ADD KEY `job_ind_id` (`job_ind_id`),
  ADD KEY `job_cat_id` (`job_cat_id`),
  ADD KEY `func_id` (`func_id`);

--
-- Indexes for table `pms_candidate_job_search`
--
ALTER TABLE `pms_candidate_job_search`
  ADD PRIMARY KEY (`id`);

--
-- Indexes for table `pms_candidate_language`
--
ALTER TABLE `pms_candidate_language`
  ADD PRIMARY KEY (`lang_id`);

--
-- Indexes for table `pms_candidate_marks`
--
ALTER TABLE `pms_candidate_marks`
  ADD PRIMARY KEY (`mark_id`);

--
-- Indexes for table `pms_candidate_messages`
--
ALTER TABLE `pms_candidate_messages`
  ADD PRIMARY KEY (`message_id`);

--
-- Indexes for table `pms_candidate_messages_details`
--
ALTER TABLE `pms_candidate_messages_details`
  ADD PRIMARY KEY (`message_dtls_id`);

--
-- Indexes for table `pms_candidate_new`
--
ALTER TABLE `pms_candidate_new`
  ADD PRIMARY KEY (`candidate_id`);

--
-- Indexes for table `pms_candidate_notes`
--
ALTER TABLE `pms_candidate_notes`
  ADD PRIMARY KEY (`candidate_note_id`);

--
-- Indexes for table `pms_candidate_password_change`
--
ALTER TABLE `pms_candidate_password_change`
  ADD PRIMARY KEY (`password_change_id`);

--
-- Indexes for table `pms_candidate_profile_assessment`
--
ALTER TABLE `pms_candidate_profile_assessment`
  ADD PRIMARY KEY (`assess_id`);

--
-- Indexes for table `pms_candidate_profile_status`
--
ALTER TABLE `pms_candidate_profile_status`
  ADD PRIMARY KEY (`profile_id`);

--
-- Indexes for table `pms_candidate_projects`
--
ALTER TABLE `pms_candidate_projects`
  ADD PRIMARY KEY (`project_id`);

--
-- Indexes for table `pms_candidate_reg_status`
--
ALTER TABLE `pms_candidate_reg_status`
  ADD PRIMARY KEY (`reg_status_id`);

--
-- Indexes for table `pms_candidate_skills`
--
ALTER TABLE `pms_candidate_skills`
  ADD PRIMARY KEY (`skill_id`);

--
-- Indexes for table `pms_candidate_social`
--
ALTER TABLE `pms_candidate_social`
  ADD PRIMARY KEY (`social_id`);

--
-- Indexes for table `pms_candidate_sports`
--
ALTER TABLE `pms_candidate_sports`
  ADD PRIMARY KEY (`sport_id`);

--
-- Indexes for table `pms_candidate_survey`
--
ALTER TABLE `pms_candidate_survey`
  ADD PRIMARY KEY (`survey_id`);

--
-- Indexes for table `pms_candidate_survey_answers`
--
ALTER TABLE `pms_candidate_survey_answers`
  ADD PRIMARY KEY (`answer_id`);

--
-- Indexes for table `pms_candidate_survey_answer_options`
--
ALTER TABLE `pms_candidate_survey_answer_options`
  ADD PRIMARY KEY (`answer_option_id`);

--
-- Indexes for table `pms_candidate_survey_questions`
--
ALTER TABLE `pms_candidate_survey_questions`
  ADD PRIMARY KEY (`question_id`);

--
-- Indexes for table `pms_candidate_survey_result`
--
ALTER TABLE `pms_candidate_survey_result`
  ADD PRIMARY KEY (`result_id`);

--
-- Indexes for table `pms_candidate_to_skills_primary`
--
ALTER TABLE `pms_candidate_to_skills_primary`
  ADD KEY `candidate_id` (`candidate_id`),
  ADD KEY `skill_id` (`skill_id`);

--
-- Indexes for table `pms_candidate_visa_approval`
--
ALTER TABLE `pms_candidate_visa_approval`
  ADD PRIMARY KEY (`visa_id`);

--
-- Indexes for table `pms_category`
--
ALTER TABLE `pms_category`
  ADD PRIMARY KEY (`category_id`);

--
-- Indexes for table `pms_category_description`
--
ALTER TABLE `pms_category_description`
  ADD KEY `name` (`category_name`);

--
-- Indexes for table `pms_city`
--
ALTER TABLE `pms_city`
  ADD PRIMARY KEY (`city_id`);

--
-- Indexes for table `pms_colleges`
--
ALTER TABLE `pms_colleges`
  ADD PRIMARY KEY (`college_id`);

--
-- Indexes for table `pms_company`
--
ALTER TABLE `pms_company`
  ADD PRIMARY KEY (`company_id`);

--
-- Indexes for table `pms_companyuser_password_change`
--
ALTER TABLE `pms_companyuser_password_change`
  ADD PRIMARY KEY (`password_change_id`);

--
-- Indexes for table `pms_company_agreements`
--
ALTER TABLE `pms_company_agreements`
  ADD PRIMARY KEY (`agreement_id`);

--
-- Indexes for table `pms_company_followup`
--
ALTER TABLE `pms_company_followup`
  ADD PRIMARY KEY (`flp_id`);

--
-- Indexes for table `pms_company_type`
--
ALTER TABLE `pms_company_type`
  ADD PRIMARY KEY (`type_id`);

--
-- Indexes for table `pms_company_users`
--
ALTER TABLE `pms_company_users`
  ADD PRIMARY KEY (`user_id`),
  ADD UNIQUE KEY `ADMIN_NAME` (`username`);

--
-- Indexes for table `pms_content_share`
--
ALTER TABLE `pms_content_share`
  ADD PRIMARY KEY (`content_id`);

--
-- Indexes for table `pms_content_share_users`
--
ALTER TABLE `pms_content_share_users`
  ADD PRIMARY KEY (`content_user_id`);

--
-- Indexes for table `pms_country`
--
ALTER TABLE `pms_country`
  ADD PRIMARY KEY (`country_id`);

--
-- Indexes for table `pms_courses`
--
ALTER TABLE `pms_courses`
  ADD PRIMARY KEY (`course_id`);

--
-- Indexes for table `pms_course_specialisation`
--
ALTER TABLE `pms_course_specialisation`
  ADD PRIMARY KEY (`spcl_id`);

--
-- Indexes for table `pms_course_type`
--
ALTER TABLE `pms_course_type`
  ADD PRIMARY KEY (`course_type_id`);

--
-- Indexes for table `pms_curernt_job_status`
--
ALTER TABLE `pms_curernt_job_status`
  ADD PRIMARY KEY (`cur_job_status`);

--
-- Indexes for table `pms_currency_master`
--
ALTER TABLE `pms_currency_master`
  ADD PRIMARY KEY (`cur_id`);

--
-- Indexes for table `pms_cur_job_status`
--
ALTER TABLE `pms_cur_job_status`
  ADD PRIMARY KEY (`cur_job_status`);

--
-- Indexes for table `pms_designation`
--
ALTER TABLE `pms_designation`
  ADD PRIMARY KEY (`desig_id`);

--
-- Indexes for table `pms_designation_to_function`
--
ALTER TABLE `pms_designation_to_function`
  ADD PRIMARY KEY (`desig_func_id`);

--
-- Indexes for table `pms_education_level`
--
ALTER TABLE `pms_education_level`
  ADD PRIMARY KEY (`level_id`);

--
-- Indexes for table `pms_email_sms_history`
--
ALTER TABLE `pms_email_sms_history`
  ADD PRIMARY KEY (`email_sms_id`);

--
-- Indexes for table `pms_employer_ad_packages`
--
ALTER TABLE `pms_employer_ad_packages`
  ADD PRIMARY KEY (`package_id`);

--
-- Indexes for table `pms_employer_credits`
--
ALTER TABLE `pms_employer_credits`
  ADD PRIMARY KEY (`emp_credit_id`);

--
-- Indexes for table `pms_intakes`
--
ALTER TABLE `pms_intakes`
  ADD PRIMARY KEY (`intake_id`);

--
-- Indexes for table `pms_intake_programs`
--
ALTER TABLE `pms_intake_programs`
  ADD PRIMARY KEY (`program_id`);

--
-- Indexes for table `pms_intake_programs_followup`
--
ALTER TABLE `pms_intake_programs_followup`
  ADD PRIMARY KEY (`intake_follow_id`);

--
-- Indexes for table `pms_jobs`
--
ALTER TABLE `pms_jobs`
  ADD PRIMARY KEY (`job_id`);

--
-- Indexes for table `pms_job_apps`
--
ALTER TABLE `pms_job_apps`
  ADD PRIMARY KEY (`job_app_id`);

--
-- Indexes for table `pms_job_apps_calls`
--
ALTER TABLE `pms_job_apps_calls`
  ADD PRIMARY KEY (`app_call_id`);

--
-- Indexes for table `pms_job_apps_cert`
--
ALTER TABLE `pms_job_apps_cert`
  ADD PRIMARY KEY (`cert_id`);

--
-- Indexes for table `pms_job_apps_document`
--
ALTER TABLE `pms_job_apps_document`
  ADD PRIMARY KEY (`doc_id`);

--
-- Indexes for table `pms_job_apps_emails`
--
ALTER TABLE `pms_job_apps_emails`
  ADD PRIMARY KEY (`email_id`),
  ADD KEY `email_id` (`email_id`),
  ADD KEY `job_id` (`job_id`),
  ADD KEY `email` (`email`);

--
-- Indexes for table `pms_job_apps_interviews`
--
ALTER TABLE `pms_job_apps_interviews`
  ADD PRIMARY KEY (`interview_id`);

--
-- Indexes for table `pms_job_apps_interviews_history`
--
ALTER TABLE `pms_job_apps_interviews_history`
  ADD PRIMARY KEY (`interview_id`);

--
-- Indexes for table `pms_job_apps_interviews_rejection`
--
ALTER TABLE `pms_job_apps_interviews_rejection`
  ADD PRIMARY KEY (`int_reject_id`);

--
-- Indexes for table `pms_job_apps_invoice`
--
ALTER TABLE `pms_job_apps_invoice`
  ADD PRIMARY KEY (`invoice_id`);

--
-- Indexes for table `pms_job_apps_medical`
--
ALTER TABLE `pms_job_apps_medical`
  ADD PRIMARY KEY (`medical_id`);

--
-- Indexes for table `pms_job_apps_offerletter`
--
ALTER TABLE `pms_job_apps_offerletter`
  ADD PRIMARY KEY (`offer_id`);

--
-- Indexes for table `pms_job_apps_placement`
--
ALTER TABLE `pms_job_apps_placement`
  ADD PRIMARY KEY (`placement_id`);

--
-- Indexes for table `pms_job_apps_selected`
--
ALTER TABLE `pms_job_apps_selected`
  ADD PRIMARY KEY (`select_id`);

--
-- Indexes for table `pms_job_apps_shortlisted`
--
ALTER TABLE `pms_job_apps_shortlisted`
  ADD PRIMARY KEY (`short_id`);

--
-- Indexes for table `pms_job_apps_ticket`
--
ALTER TABLE `pms_job_apps_ticket`
  ADD PRIMARY KEY (`ticket_id`);

--
-- Indexes for table `pms_job_apps_visa`
--
ALTER TABLE `pms_job_apps_visa`
  ADD PRIMARY KEY (`visa_id`);

--
-- Indexes for table `pms_job_category`
--
ALTER TABLE `pms_job_category`
  ADD PRIMARY KEY (`job_cat_id`);

--
-- Indexes for table `pms_job_experience`
--
ALTER TABLE `pms_job_experience`
  ADD PRIMARY KEY (`exp_id`);

--
-- Indexes for table `pms_job_exp_level`
--
ALTER TABLE `pms_job_exp_level`
  ADD PRIMARY KEY (`exp_level_id`);

--
-- Indexes for table `pms_job_folder`
--
ALTER TABLE `pms_job_folder`
  ADD PRIMARY KEY (`job_folder_id`);

--
-- Indexes for table `pms_job_followup`
--
ALTER TABLE `pms_job_followup`
  ADD PRIMARY KEY (`followup_id`);

--
-- Indexes for table `pms_job_functional_area`
--
ALTER TABLE `pms_job_functional_area`
  ADD PRIMARY KEY (`func_id`);

--
-- Indexes for table `pms_job_func_to_category`
--
ALTER TABLE `pms_job_func_to_category`
  ADD PRIMARY KEY (`func_cat_id`);

--
-- Indexes for table `pms_job_industries`
--
ALTER TABLE `pms_job_industries`
  ADD PRIMARY KEY (`job_ind_id`);

--
-- Indexes for table `pms_job_interviews`
--
ALTER TABLE `pms_job_interviews`
  ADD PRIMARY KEY (`interview_id`);

--
-- Indexes for table `pms_job_notes`
--
ALTER TABLE `pms_job_notes`
  ADD PRIMARY KEY (`job_note_id`);

--
-- Indexes for table `pms_job_prof_certificates`
--
ALTER TABLE `pms_job_prof_certificates`
  ADD PRIMARY KEY (`cert_id`);

--
-- Indexes for table `pms_job_req_certification`
--
ALTER TABLE `pms_job_req_certification`
  ADD PRIMARY KEY (`req_cert_id`);

--
-- Indexes for table `pms_job_role`
--
ALTER TABLE `pms_job_role`
  ADD PRIMARY KEY (`role_id`);

--
-- Indexes for table `pms_job_salary`
--
ALTER TABLE `pms_job_salary`
  ADD PRIMARY KEY (`salary_id`);

--
-- Indexes for table `pms_job_skills`
--
ALTER TABLE `pms_job_skills`
  ADD PRIMARY KEY (`skill_id`);

--
-- Indexes for table `pms_job_to_package`
--
ALTER TABLE `pms_job_to_package`
  ADD PRIMARY KEY (`job_to_package_id`);

--
-- Indexes for table `pms_job_type`
--
ALTER TABLE `pms_job_type`
  ADD PRIMARY KEY (`job_type_id`);

--
-- Indexes for table `pms_job_visa_type`
--
ALTER TABLE `pms_job_visa_type`
  ADD PRIMARY KEY (`visa_type_id`);

--
-- Indexes for table `pms_job_work_level`
--
ALTER TABLE `pms_job_work_level`
  ADD PRIMARY KEY (`work_level_id`);

--
-- Indexes for table `pms_languages`
--
ALTER TABLE `pms_languages`
  ADD PRIMARY KEY (`lang_id`);

--
-- Indexes for table `pms_leads`
--
ALTER TABLE `pms_leads`
  ADD PRIMARY KEY (`lead_id`);

--
-- Indexes for table `pms_locations`
--
ALTER TABLE `pms_locations`
  ADD PRIMARY KEY (`location_id`);

--
-- Indexes for table `pms_milestone`
--
ALTER TABLE `pms_milestone`
  ADD PRIMARY KEY (`milestone_id`);

--
-- Indexes for table `pms_mobile_apps`
--
ALTER TABLE `pms_mobile_apps`
  ADD PRIMARY KEY (`mobile_app_id`);

--
-- Indexes for table `pms_notifications`
--
ALTER TABLE `pms_notifications`
  ADD PRIMARY KEY (`not_id`);

--
-- Indexes for table `pms_notifications_users`
--
ALTER TABLE `pms_notifications_users`
  ADD PRIMARY KEY (`not_user_id`);

--
-- Indexes for table `pms_objects`
--
ALTER TABLE `pms_objects`
  ADD PRIMARY KEY (`obj_id`);

--
-- Indexes for table `pms_opportunity`
--
ALTER TABLE `pms_opportunity`
  ADD PRIMARY KEY (`opp_id`);

--
-- Indexes for table `pms_packages`
--
ALTER TABLE `pms_packages`
  ADD PRIMARY KEY (`package_id`);

--
-- Indexes for table `pms_partners`
--
ALTER TABLE `pms_partners`
  ADD PRIMARY KEY (`customer_id`);

--
-- Indexes for table `pms_payment_summary`
--
ALTER TABLE `pms_payment_summary`
  ADD PRIMARY KEY (`payment_id`);

--
-- Indexes for table `pms_pdf_search`
--
ALTER TABLE `pms_pdf_search`
  ADD PRIMARY KEY (`rps_id`);

--
-- Indexes for table `pms_process_status`
--
ALTER TABLE `pms_process_status`
  ADD PRIMARY KEY (`status_id`);

--
-- Indexes for table `pms_process_status_jobs`
--
ALTER TABLE `pms_process_status_jobs`
  ADD PRIMARY KEY (`status_id`);

--
-- Indexes for table `pms_products`
--
ALTER TABLE `pms_products`
  ADD PRIMARY KEY (`product_id`);

--
-- Indexes for table `pms_projects`
--
ALTER TABLE `pms_projects`
  ADD PRIMARY KEY (`project_id`);

--
-- Indexes for table `pms_reference`
--
ALTER TABLE `pms_reference`
  ADD PRIMARY KEY (`ref_id`);

--
-- Indexes for table `pms_religion`
--
ALTER TABLE `pms_religion`
  ADD PRIMARY KEY (`rel_id`);

--
-- Indexes for table `pms_scratchpad`
--
ALTER TABLE `pms_scratchpad`
  ADD PRIMARY KEY (`scratch_id`);

--
-- Indexes for table `pms_skills_to_designation`
--
ALTER TABLE `pms_skills_to_designation`
  ADD PRIMARY KEY (`skill_desig_id`);

--
-- Indexes for table `pms_social_media`
--
ALTER TABLE `pms_social_media`
  ADD PRIMARY KEY (`media_id`);

--
-- Indexes for table `pms_specialisation`
--
ALTER TABLE `pms_specialisation`
  ADD PRIMARY KEY (`spcl_id`);

--
-- Indexes for table `pms_state`
--
ALTER TABLE `pms_state`
  ADD PRIMARY KEY (`state_id`);

--
-- Indexes for table `pms_study_mode`
--
ALTER TABLE `pms_study_mode`
  ADD PRIMARY KEY (`mode_id`);

--
-- Indexes for table `pms_subject`
--
ALTER TABLE `pms_subject`
  ADD PRIMARY KEY (`subject_id`);

--
-- Indexes for table `pms_tasks`
--
ALTER TABLE `pms_tasks`
  ADD PRIMARY KEY (`task_id`);

--
-- Indexes for table `pms_task_followup`
--
ALTER TABLE `pms_task_followup`
  ADD PRIMARY KEY (`task_fl_id`);

--
-- Indexes for table `pms_task_module`
--
ALTER TABLE `pms_task_module`
  ADD PRIMARY KEY (`task_module_id`);

--
-- Indexes for table `pms_task_priority`
--
ALTER TABLE `pms_task_priority`
  ADD PRIMARY KEY (`task_priority_id`);

--
-- Indexes for table `pms_task_status`
--
ALTER TABLE `pms_task_status`
  ADD PRIMARY KEY (`task_status_id`);

--
-- Indexes for table `pms_testimonials`
--
ALTER TABLE `pms_testimonials`
  ADD PRIMARY KEY (`test_id`);

--
-- Indexes for table `pms_tickets`
--
ALTER TABLE `pms_tickets`
  ADD PRIMARY KEY (`ticket_id`);

--
-- Indexes for table `pms_tickets_followup`
--
ALTER TABLE `pms_tickets_followup`
  ADD PRIMARY KEY (`tkt_fp_id`);

--
-- Indexes for table `pms_tickets_priority`
--
ALTER TABLE `pms_tickets_priority`
  ADD PRIMARY KEY (`ticket_priority_id`);

--
-- Indexes for table `pms_tickets_status`
--
ALTER TABLE `pms_tickets_status`
  ADD PRIMARY KEY (`ticket_status_id`);

--
-- Indexes for table `pms_todo`
--
ALTER TABLE `pms_todo`
  ADD PRIMARY KEY (`todo_id`);

--
-- Indexes for table `pms_todo_group`
--
ALTER TABLE `pms_todo_group`
  ADD PRIMARY KEY (`todo_group_id`);

--
-- Indexes for table `pms_todo_status`
--
ALTER TABLE `pms_todo_status`
  ADD PRIMARY KEY (`status_id`);

--
-- Indexes for table `pms_university`
--
ALTER TABLE `pms_university`
  ADD PRIMARY KEY (`univ_id`);

--
-- Indexes for table `pms_university_intake`
--
ALTER TABLE `pms_university_intake`
  ADD PRIMARY KEY (`intake_id`);

--
-- Indexes for table `pms_vendors`
--
ALTER TABLE `pms_vendors`
  ADD PRIMARY KEY (`vendor_id`),
  ADD UNIQUE KEY `ADMIN_NAME` (`username`);

--
-- Indexes for table `pms_vendor_user_groups`
--
ALTER TABLE `pms_vendor_user_groups`
  ADD PRIMARY KEY (`user_grp_id`);

--
-- AUTO_INCREMENT for dumped tables
--

--
-- AUTO_INCREMENT for table `pms_admin_candidates`
--
ALTER TABLE `pms_admin_candidates`
  MODIFY `id` int NOT NULL AUTO_INCREMENT, AUTO_INCREMENT=4713;

--
-- AUTO_INCREMENT for table `pms_admin_departments`
--
ALTER TABLE `pms_admin_departments`
  MODIFY `dep_id` bigint NOT NULL AUTO_INCREMENT, AUTO_INCREMENT=5;

--
-- AUTO_INCREMENT for table `pms_admin_leave`
--
ALTER TABLE `pms_admin_leave`
  MODIFY `leave_id` int NOT NULL AUTO_INCREMENT, AUTO_INCREMENT=2;

--
-- AUTO_INCREMENT for table `pms_admin_modules`
--
ALTER TABLE `pms_admin_modules`
  MODIFY `module_id` bigint NOT NULL AUTO_INCREMENT, AUTO_INCREMENT=283;

--
-- AUTO_INCREMENT for table `pms_admin_password_change`
--
ALTER TABLE `pms_admin_password_change`
  MODIFY `password_change_id` int NOT NULL AUTO_INCREMENT, AUTO_INCREMENT=3;

--
-- AUTO_INCREMENT for table `pms_admin_users`
--
ALTER TABLE `pms_admin_users`
  MODIFY `admin_id` int UNSIGNED NOT NULL AUTO_INCREMENT, AUTO_INCREMENT=60;

--
-- AUTO_INCREMENT for table `pms_admin_user_groups`
--
ALTER TABLE `pms_admin_user_groups`
  MODIFY `user_grp_id` bigint NOT NULL AUTO_INCREMENT, AUTO_INCREMENT=29;

--
-- AUTO_INCREMENT for table `pms_admin_user_types`
--
ALTER TABLE `pms_admin_user_types`
  MODIFY `type_id` bigint NOT NULL AUTO_INCREMENT, AUTO_INCREMENT=3;

--
-- AUTO_INCREMENT for table `pms_branch`
--
ALTER TABLE `pms_branch`
  MODIFY `branch_id` int NOT NULL AUTO_INCREMENT;

--
-- AUTO_INCREMENT for table `pms_business_type`
--
ALTER TABLE `pms_business_type`
  MODIFY `business_type_id` bigint NOT NULL AUTO_INCREMENT, AUTO_INCREMENT=22;

--
-- AUTO_INCREMENT for table `pms_campus`
--
ALTER TABLE `pms_campus`
  MODIFY `campus_id` bigint NOT NULL AUTO_INCREMENT;

--
-- AUTO_INCREMENT for table `pms_campus_courses_fees`
--
ALTER TABLE `pms_campus_courses_fees`
  MODIFY `campus_course_id` bigint NOT NULL AUTO_INCREMENT;

--
-- AUTO_INCREMENT for table `pms_candidate`
--
ALTER TABLE `pms_candidate`
  MODIFY `candidate_id` bigint NOT NULL AUTO_INCREMENT, AUTO_INCREMENT=17;

--
-- AUTO_INCREMENT for table `pms_candidate_address`
--
ALTER TABLE `pms_candidate_address`
  MODIFY `address_id` bigint NOT NULL AUTO_INCREMENT;

--
-- AUTO_INCREMENT for table `pms_candidate_applications`
--
ALTER TABLE `pms_candidate_applications`
  MODIFY `app_id` bigint NOT NULL AUTO_INCREMENT;

--
-- AUTO_INCREMENT for table `pms_candidate_certification`
--
ALTER TABLE `pms_candidate_certification`
  MODIFY `cert_id` bigint NOT NULL AUTO_INCREMENT;

--
-- AUTO_INCREMENT for table `pms_candidate_contract`
--
ALTER TABLE `pms_candidate_contract`
  MODIFY `contract_id` bigint NOT NULL AUTO_INCREMENT, AUTO_INCREMENT=50;

--
-- AUTO_INCREMENT for table `pms_candidate_cvfile`
--
ALTER TABLE `pms_candidate_cvfile`
  MODIFY `cvfile_id` int NOT NULL AUTO_INCREMENT;

--
-- AUTO_INCREMENT for table `pms_candidate_cv_category`
--
ALTER TABLE `pms_candidate_cv_category`
  MODIFY `cv_category_id` bigint NOT NULL AUTO_INCREMENT, AUTO_INCREMENT=11;

--
-- AUTO_INCREMENT for table `pms_candidate_designation`
--
ALTER TABLE `pms_candidate_designation`
  MODIFY `desig_id` int NOT NULL AUTO_INCREMENT;

--
-- AUTO_INCREMENT for table `pms_candidate_domain`
--
ALTER TABLE `pms_candidate_domain`
  MODIFY `domain_id` int NOT NULL AUTO_INCREMENT, AUTO_INCREMENT=13;

--
-- AUTO_INCREMENT for table `pms_candidate_education`
--
ALTER TABLE `pms_candidate_education`
  MODIFY `eucation_id` bigint NOT NULL AUTO_INCREMENT, AUTO_INCREMENT=9;

--
-- AUTO_INCREMENT for table `pms_candidate_files`
--
ALTER TABLE `pms_candidate_files`
  MODIFY `file_id` int NOT NULL AUTO_INCREMENT, AUTO_INCREMENT=5;

--
-- AUTO_INCREMENT for table `pms_candidate_followup`
--
ALTER TABLE `pms_candidate_followup`
  MODIFY `candidate_follow_id` int NOT NULL AUTO_INCREMENT;

--
-- AUTO_INCREMENT for table `pms_candidate_interviews`
--
ALTER TABLE `pms_candidate_interviews`
  MODIFY `interview_id` bigint NOT NULL AUTO_INCREMENT;

--
-- AUTO_INCREMENT for table `pms_candidate_interview_status`
--
ALTER TABLE `pms_candidate_interview_status`
  MODIFY `int_status_id` bigint NOT NULL AUTO_INCREMENT, AUTO_INCREMENT=7;

--
-- AUTO_INCREMENT for table `pms_candidate_interview_types`
--
ALTER TABLE `pms_candidate_interview_types`
  MODIFY `interview_type_id` bigint NOT NULL AUTO_INCREMENT, AUTO_INCREMENT=5;

--
-- AUTO_INCREMENT for table `pms_candidate_job_profile`
--
ALTER TABLE `pms_candidate_job_profile`
  MODIFY `job_profile_id` bigint NOT NULL AUTO_INCREMENT, AUTO_INCREMENT=36;

--
-- AUTO_INCREMENT for table `pms_candidate_job_search`
--
ALTER TABLE `pms_candidate_job_search`
  MODIFY `id` bigint NOT NULL AUTO_INCREMENT, AUTO_INCREMENT=11;

--
-- AUTO_INCREMENT for table `pms_candidate_language`
--
ALTER TABLE `pms_candidate_language`
  MODIFY `lang_id` bigint NOT NULL AUTO_INCREMENT, AUTO_INCREMENT=3;

--
-- AUTO_INCREMENT for table `pms_candidate_marks`
--
ALTER TABLE `pms_candidate_marks`
  MODIFY `mark_id` bigint NOT NULL AUTO_INCREMENT;

--
-- AUTO_INCREMENT for table `pms_candidate_messages`
--
ALTER TABLE `pms_candidate_messages`
  MODIFY `message_id` bigint NOT NULL AUTO_INCREMENT, AUTO_INCREMENT=3;

--
-- AUTO_INCREMENT for table `pms_candidate_messages_details`
--
ALTER TABLE `pms_candidate_messages_details`
  MODIFY `message_dtls_id` bigint NOT NULL AUTO_INCREMENT;

--
-- AUTO_INCREMENT for table `pms_candidate_new`
--
ALTER TABLE `pms_candidate_new`
  MODIFY `candidate_id` bigint NOT NULL AUTO_INCREMENT;

--
-- AUTO_INCREMENT for table `pms_candidate_notes`
--
ALTER TABLE `pms_candidate_notes`
  MODIFY `candidate_note_id` int NOT NULL AUTO_INCREMENT;

--
-- AUTO_INCREMENT for table `pms_candidate_password_change`
--
ALTER TABLE `pms_candidate_password_change`
  MODIFY `password_change_id` int NOT NULL AUTO_INCREMENT, AUTO_INCREMENT=4;

--
-- AUTO_INCREMENT for table `pms_candidate_profile_assessment`
--
ALTER TABLE `pms_candidate_profile_assessment`
  MODIFY `assess_id` bigint NOT NULL AUTO_INCREMENT;

--
-- AUTO_INCREMENT for table `pms_candidate_profile_status`
--
ALTER TABLE `pms_candidate_profile_status`
  MODIFY `profile_id` bigint NOT NULL AUTO_INCREMENT;

--
-- AUTO_INCREMENT for table `pms_candidate_projects`
--
ALTER TABLE `pms_candidate_projects`
  MODIFY `project_id` bigint NOT NULL AUTO_INCREMENT;

--
-- AUTO_INCREMENT for table `pms_candidate_reg_status`
--
ALTER TABLE `pms_candidate_reg_status`
  MODIFY `reg_status_id` bigint NOT NULL AUTO_INCREMENT, AUTO_INCREMENT=7;

--
-- AUTO_INCREMENT for table `pms_candidate_skills`
--
ALTER TABLE `pms_candidate_skills`
  MODIFY `skill_id` bigint NOT NULL AUTO_INCREMENT, AUTO_INCREMENT=16;

--
-- AUTO_INCREMENT for table `pms_candidate_social`
--
ALTER TABLE `pms_candidate_social`
  MODIFY `social_id` bigint NOT NULL AUTO_INCREMENT;

--
-- AUTO_INCREMENT for table `pms_candidate_sports`
--
ALTER TABLE `pms_candidate_sports`
  MODIFY `sport_id` bigint NOT NULL AUTO_INCREMENT;

--
-- AUTO_INCREMENT for table `pms_candidate_survey`
--
ALTER TABLE `pms_candidate_survey`
  MODIFY `survey_id` bigint NOT NULL AUTO_INCREMENT;

--
-- AUTO_INCREMENT for table `pms_candidate_survey_answers`
--
ALTER TABLE `pms_candidate_survey_answers`
  MODIFY `answer_id` bigint NOT NULL AUTO_INCREMENT;

--
-- AUTO_INCREMENT for table `pms_candidate_survey_answer_options`
--
ALTER TABLE `pms_candidate_survey_answer_options`
  MODIFY `answer_option_id` bigint NOT NULL AUTO_INCREMENT;

--
-- AUTO_INCREMENT for table `pms_candidate_survey_questions`
--
ALTER TABLE `pms_candidate_survey_questions`
  MODIFY `question_id` bigint NOT NULL AUTO_INCREMENT;

--
-- AUTO_INCREMENT for table `pms_candidate_survey_result`
--
ALTER TABLE `pms_candidate_survey_result`
  MODIFY `result_id` bigint NOT NULL AUTO_INCREMENT;

--
-- AUTO_INCREMENT for table `pms_candidate_visa_approval`
--
ALTER TABLE `pms_candidate_visa_approval`
  MODIFY `visa_id` bigint NOT NULL AUTO_INCREMENT;

--
-- AUTO_INCREMENT for table `pms_category`
--
ALTER TABLE `pms_category`
  MODIFY `category_id` bigint NOT NULL AUTO_INCREMENT;

--
-- AUTO_INCREMENT for table `pms_city`
--
ALTER TABLE `pms_city`
  MODIFY `city_id` bigint NOT NULL AUTO_INCREMENT, AUTO_INCREMENT=155;

--
-- AUTO_INCREMENT for table `pms_colleges`
--
ALTER TABLE `pms_colleges`
  MODIFY `college_id` bigint NOT NULL AUTO_INCREMENT, AUTO_INCREMENT=496;

--
-- AUTO_INCREMENT for table `pms_company`
--
ALTER TABLE `pms_company`
  MODIFY `company_id` bigint NOT NULL AUTO_INCREMENT, AUTO_INCREMENT=9;

--
-- AUTO_INCREMENT for table `pms_companyuser_password_change`
--
ALTER TABLE `pms_companyuser_password_change`
  MODIFY `password_change_id` int NOT NULL AUTO_INCREMENT, AUTO_INCREMENT=3;

--
-- AUTO_INCREMENT for table `pms_company_agreements`
--
ALTER TABLE `pms_company_agreements`
  MODIFY `agreement_id` bigint NOT NULL AUTO_INCREMENT, AUTO_INCREMENT=4;

--
-- AUTO_INCREMENT for table `pms_company_followup`
--
ALTER TABLE `pms_company_followup`
  MODIFY `flp_id` bigint NOT NULL AUTO_INCREMENT, AUTO_INCREMENT=14;

--
-- AUTO_INCREMENT for table `pms_company_type`
--
ALTER TABLE `pms_company_type`
  MODIFY `type_id` bigint NOT NULL AUTO_INCREMENT, AUTO_INCREMENT=8;

--
-- AUTO_INCREMENT for table `pms_company_users`
--
ALTER TABLE `pms_company_users`
  MODIFY `user_id` bigint UNSIGNED NOT NULL AUTO_INCREMENT, AUTO_INCREMENT=685;

--
-- AUTO_INCREMENT for table `pms_content_share`
--
ALTER TABLE `pms_content_share`
  MODIFY `content_id` bigint NOT NULL AUTO_INCREMENT;

--
-- AUTO_INCREMENT for table `pms_content_share_users`
--
ALTER TABLE `pms_content_share_users`
  MODIFY `content_user_id` bigint NOT NULL AUTO_INCREMENT;

--
-- AUTO_INCREMENT for table `pms_country`
--
ALTER TABLE `pms_country`
  MODIFY `country_id` bigint NOT NULL AUTO_INCREMENT, AUTO_INCREMENT=378;

--
-- AUTO_INCREMENT for table `pms_courses`
--
ALTER TABLE `pms_courses`
  MODIFY `course_id` bigint NOT NULL AUTO_INCREMENT, AUTO_INCREMENT=1454;

--
-- AUTO_INCREMENT for table `pms_course_specialisation`
--
ALTER TABLE `pms_course_specialisation`
  MODIFY `spcl_id` bigint NOT NULL AUTO_INCREMENT;

--
-- AUTO_INCREMENT for table `pms_course_type`
--
ALTER TABLE `pms_course_type`
  MODIFY `course_type_id` bigint NOT NULL AUTO_INCREMENT, AUTO_INCREMENT=14;

--
-- AUTO_INCREMENT for table `pms_curernt_job_status`
--
ALTER TABLE `pms_curernt_job_status`
  MODIFY `cur_job_status` bigint NOT NULL AUTO_INCREMENT, AUTO_INCREMENT=9;

--
-- AUTO_INCREMENT for table `pms_currency_master`
--
ALTER TABLE `pms_currency_master`
  MODIFY `cur_id` bigint NOT NULL AUTO_INCREMENT;

--
-- AUTO_INCREMENT for table `pms_cur_job_status`
--
ALTER TABLE `pms_cur_job_status`
  MODIFY `cur_job_status` bigint NOT NULL AUTO_INCREMENT, AUTO_INCREMENT=9;

--
-- AUTO_INCREMENT for table `pms_designation`
--
ALTER TABLE `pms_designation`
  MODIFY `desig_id` int NOT NULL AUTO_INCREMENT, AUTO_INCREMENT=250;

--
-- AUTO_INCREMENT for table `pms_designation_to_function`
--
ALTER TABLE `pms_designation_to_function`
  MODIFY `desig_func_id` bigint NOT NULL AUTO_INCREMENT, AUTO_INCREMENT=1049;

--
-- AUTO_INCREMENT for table `pms_education_level`
--
ALTER TABLE `pms_education_level`
  MODIFY `level_id` bigint NOT NULL AUTO_INCREMENT, AUTO_INCREMENT=23;

--
-- AUTO_INCREMENT for table `pms_email_sms_history`
--
ALTER TABLE `pms_email_sms_history`
  MODIFY `email_sms_id` bigint NOT NULL AUTO_INCREMENT;

--
-- AUTO_INCREMENT for table `pms_employer_ad_packages`
--
ALTER TABLE `pms_employer_ad_packages`
  MODIFY `package_id` bigint NOT NULL AUTO_INCREMENT, AUTO_INCREMENT=8;

--
-- AUTO_INCREMENT for table `pms_employer_credits`
--
ALTER TABLE `pms_employer_credits`
  MODIFY `emp_credit_id` bigint NOT NULL AUTO_INCREMENT, AUTO_INCREMENT=5;

--
-- AUTO_INCREMENT for table `pms_intakes`
--
ALTER TABLE `pms_intakes`
  MODIFY `intake_id` bigint NOT NULL AUTO_INCREMENT;

--
-- AUTO_INCREMENT for table `pms_intake_programs`
--
ALTER TABLE `pms_intake_programs`
  MODIFY `program_id` bigint NOT NULL AUTO_INCREMENT;

--
-- AUTO_INCREMENT for table `pms_intake_programs_followup`
--
ALTER TABLE `pms_intake_programs_followup`
  MODIFY `intake_follow_id` bigint NOT NULL AUTO_INCREMENT;

--
-- AUTO_INCREMENT for table `pms_jobs`
--
ALTER TABLE `pms_jobs`
  MODIFY `job_id` bigint NOT NULL AUTO_INCREMENT, AUTO_INCREMENT=9;

--
-- AUTO_INCREMENT for table `pms_job_apps`
--
ALTER TABLE `pms_job_apps`
  MODIFY `job_app_id` bigint NOT NULL AUTO_INCREMENT, AUTO_INCREMENT=25;

--
-- AUTO_INCREMENT for table `pms_job_apps_calls`
--
ALTER TABLE `pms_job_apps_calls`
  MODIFY `app_call_id` bigint NOT NULL AUTO_INCREMENT, AUTO_INCREMENT=5;

--
-- AUTO_INCREMENT for table `pms_job_apps_cert`
--
ALTER TABLE `pms_job_apps_cert`
  MODIFY `cert_id` int NOT NULL AUTO_INCREMENT;

--
-- AUTO_INCREMENT for table `pms_job_apps_document`
--
ALTER TABLE `pms_job_apps_document`
  MODIFY `doc_id` int NOT NULL AUTO_INCREMENT;

--
-- AUTO_INCREMENT for table `pms_job_apps_emails`
--
ALTER TABLE `pms_job_apps_emails`
  MODIFY `email_id` bigint NOT NULL AUTO_INCREMENT, AUTO_INCREMENT=14;

--
-- AUTO_INCREMENT for table `pms_job_apps_interviews`
--
ALTER TABLE `pms_job_apps_interviews`
  MODIFY `interview_id` bigint NOT NULL AUTO_INCREMENT, AUTO_INCREMENT=7;

--
-- AUTO_INCREMENT for table `pms_job_apps_interviews_history`
--
ALTER TABLE `pms_job_apps_interviews_history`
  MODIFY `interview_id` bigint NOT NULL AUTO_INCREMENT, AUTO_INCREMENT=7;

--
-- AUTO_INCREMENT for table `pms_job_apps_interviews_rejection`
--
ALTER TABLE `pms_job_apps_interviews_rejection`
  MODIFY `int_reject_id` bigint NOT NULL AUTO_INCREMENT;

--
-- AUTO_INCREMENT for table `pms_job_apps_invoice`
--
ALTER TABLE `pms_job_apps_invoice`
  MODIFY `invoice_id` bigint NOT NULL AUTO_INCREMENT, AUTO_INCREMENT=3;

--
-- AUTO_INCREMENT for table `pms_job_apps_medical`
--
ALTER TABLE `pms_job_apps_medical`
  MODIFY `medical_id` int NOT NULL AUTO_INCREMENT;

--
-- AUTO_INCREMENT for table `pms_job_apps_offerletter`
--
ALTER TABLE `pms_job_apps_offerletter`
  MODIFY `offer_id` bigint NOT NULL AUTO_INCREMENT, AUTO_INCREMENT=3;

--
-- AUTO_INCREMENT for table `pms_job_apps_placement`
--
ALTER TABLE `pms_job_apps_placement`
  MODIFY `placement_id` bigint NOT NULL AUTO_INCREMENT, AUTO_INCREMENT=3;

--
-- AUTO_INCREMENT for table `pms_job_apps_selected`
--
ALTER TABLE `pms_job_apps_selected`
  MODIFY `select_id` bigint NOT NULL AUTO_INCREMENT, AUTO_INCREMENT=4;

--
-- AUTO_INCREMENT for table `pms_job_apps_shortlisted`
--
ALTER TABLE `pms_job_apps_shortlisted`
  MODIFY `short_id` bigint NOT NULL AUTO_INCREMENT, AUTO_INCREMENT=8;

--
-- AUTO_INCREMENT for table `pms_job_apps_ticket`
--
ALTER TABLE `pms_job_apps_ticket`
  MODIFY `ticket_id` int NOT NULL AUTO_INCREMENT;

--
-- AUTO_INCREMENT for table `pms_job_apps_visa`
--
ALTER TABLE `pms_job_apps_visa`
  MODIFY `visa_id` int NOT NULL AUTO_INCREMENT;

--
-- AUTO_INCREMENT for table `pms_job_category`
--
ALTER TABLE `pms_job_category`
  MODIFY `job_cat_id` bigint NOT NULL AUTO_INCREMENT, AUTO_INCREMENT=172;

--
-- AUTO_INCREMENT for table `pms_job_experience`
--
ALTER TABLE `pms_job_experience`
  MODIFY `exp_id` bigint NOT NULL AUTO_INCREMENT, AUTO_INCREMENT=3;

--
-- AUTO_INCREMENT for table `pms_job_exp_level`
--
ALTER TABLE `pms_job_exp_level`
  MODIFY `exp_level_id` bigint NOT NULL AUTO_INCREMENT;

--
-- AUTO_INCREMENT for table `pms_job_folder`
--
ALTER TABLE `pms_job_folder`
  MODIFY `job_folder_id` bigint NOT NULL AUTO_INCREMENT;

--
-- AUTO_INCREMENT for table `pms_job_followup`
--
ALTER TABLE `pms_job_followup`
  MODIFY `followup_id` int NOT NULL AUTO_INCREMENT;

--
-- AUTO_INCREMENT for table `pms_job_functional_area`
--
ALTER TABLE `pms_job_functional_area`
  MODIFY `func_id` bigint NOT NULL AUTO_INCREMENT, AUTO_INCREMENT=85;

--
-- AUTO_INCREMENT for table `pms_job_func_to_category`
--
ALTER TABLE `pms_job_func_to_category`
  MODIFY `func_cat_id` bigint NOT NULL AUTO_INCREMENT, AUTO_INCREMENT=7827;

--
-- AUTO_INCREMENT for table `pms_job_industries`
--
ALTER TABLE `pms_job_industries`
  MODIFY `job_ind_id` bigint NOT NULL AUTO_INCREMENT, AUTO_INCREMENT=150;

--
-- AUTO_INCREMENT for table `pms_job_interviews`
--
ALTER TABLE `pms_job_interviews`
  MODIFY `interview_id` bigint NOT NULL AUTO_INCREMENT;

--
-- AUTO_INCREMENT for table `pms_job_notes`
--
ALTER TABLE `pms_job_notes`
  MODIFY `job_note_id` int NOT NULL AUTO_INCREMENT;

--
-- AUTO_INCREMENT for table `pms_job_prof_certificates`
--
ALTER TABLE `pms_job_prof_certificates`
  MODIFY `cert_id` bigint NOT NULL AUTO_INCREMENT;

--
-- AUTO_INCREMENT for table `pms_job_req_certification`
--
ALTER TABLE `pms_job_req_certification`
  MODIFY `req_cert_id` int NOT NULL AUTO_INCREMENT;

--
-- AUTO_INCREMENT for table `pms_job_role`
--
ALTER TABLE `pms_job_role`
  MODIFY `role_id` bigint NOT NULL AUTO_INCREMENT;

--
-- AUTO_INCREMENT for table `pms_job_salary`
--
ALTER TABLE `pms_job_salary`
  MODIFY `salary_id` bigint NOT NULL AUTO_INCREMENT, AUTO_INCREMENT=29;

--
-- AUTO_INCREMENT for table `pms_job_skills`
--
ALTER TABLE `pms_job_skills`
  MODIFY `skill_id` bigint NOT NULL AUTO_INCREMENT;

--
-- AUTO_INCREMENT for table `pms_job_to_package`
--
ALTER TABLE `pms_job_to_package`
  MODIFY `job_to_package_id` bigint NOT NULL AUTO_INCREMENT, AUTO_INCREMENT=6;

--
-- AUTO_INCREMENT for table `pms_job_type`
--
ALTER TABLE `pms_job_type`
  MODIFY `job_type_id` bigint NOT NULL AUTO_INCREMENT, AUTO_INCREMENT=8;

--
-- AUTO_INCREMENT for table `pms_job_visa_type`
--
ALTER TABLE `pms_job_visa_type`
  MODIFY `visa_type_id` bigint NOT NULL AUTO_INCREMENT, AUTO_INCREMENT=19;

--
-- AUTO_INCREMENT for table `pms_job_work_level`
--
ALTER TABLE `pms_job_work_level`
  MODIFY `work_level_id` bigint NOT NULL AUTO_INCREMENT, AUTO_INCREMENT=26;

--
-- AUTO_INCREMENT for table `pms_languages`
--
ALTER TABLE `pms_languages`
  MODIFY `lang_id` int NOT NULL AUTO_INCREMENT, AUTO_INCREMENT=11;

--
-- AUTO_INCREMENT for table `pms_leads`
--
ALTER TABLE `pms_leads`
  MODIFY `lead_id` bigint UNSIGNED NOT NULL AUTO_INCREMENT;

--
-- AUTO_INCREMENT for table `pms_locations`
--
ALTER TABLE `pms_locations`
  MODIFY `location_id` bigint NOT NULL AUTO_INCREMENT, AUTO_INCREMENT=13;

--
-- AUTO_INCREMENT for table `pms_milestone`
--
ALTER TABLE `pms_milestone`
  MODIFY `milestone_id` bigint NOT NULL AUTO_INCREMENT;

--
-- AUTO_INCREMENT for table `pms_mobile_apps`
--
ALTER TABLE `pms_mobile_apps`
  MODIFY `mobile_app_id` bigint NOT NULL AUTO_INCREMENT, AUTO_INCREMENT=17;

--
-- AUTO_INCREMENT for table `pms_notifications`
--
ALTER TABLE `pms_notifications`
  MODIFY `not_id` bigint NOT NULL AUTO_INCREMENT;

--
-- AUTO_INCREMENT for table `pms_notifications_users`
--
ALTER TABLE `pms_notifications_users`
  MODIFY `not_user_id` bigint NOT NULL AUTO_INCREMENT;

--
-- AUTO_INCREMENT for table `pms_objects`
--
ALTER TABLE `pms_objects`
  MODIFY `obj_id` bigint NOT NULL AUTO_INCREMENT;

--
-- AUTO_INCREMENT for table `pms_opportunity`
--
ALTER TABLE `pms_opportunity`
  MODIFY `opp_id` bigint NOT NULL AUTO_INCREMENT;

--
-- AUTO_INCREMENT for table `pms_packages`
--
ALTER TABLE `pms_packages`
  MODIFY `package_id` int NOT NULL AUTO_INCREMENT, AUTO_INCREMENT=7;

--
-- AUTO_INCREMENT for table `pms_partners`
--
ALTER TABLE `pms_partners`
  MODIFY `customer_id` bigint NOT NULL AUTO_INCREMENT;

--
-- AUTO_INCREMENT for table `pms_payment_summary`
--
ALTER TABLE `pms_payment_summary`
  MODIFY `payment_id` int NOT NULL AUTO_INCREMENT;

--
-- AUTO_INCREMENT for table `pms_pdf_search`
--
ALTER TABLE `pms_pdf_search`
  MODIFY `rps_id` bigint NOT NULL AUTO_INCREMENT;

--
-- AUTO_INCREMENT for table `pms_process_status`
--
ALTER TABLE `pms_process_status`
  MODIFY `status_id` int NOT NULL AUTO_INCREMENT;

--
-- AUTO_INCREMENT for table `pms_process_status_jobs`
--
ALTER TABLE `pms_process_status_jobs`
  MODIFY `status_id` int NOT NULL AUTO_INCREMENT;

--
-- AUTO_INCREMENT for table `pms_products`
--
ALTER TABLE `pms_products`
  MODIFY `product_id` int NOT NULL AUTO_INCREMENT, AUTO_INCREMENT=3;

--
-- AUTO_INCREMENT for table `pms_projects`
--
ALTER TABLE `pms_projects`
  MODIFY `project_id` bigint NOT NULL AUTO_INCREMENT;

--
-- AUTO_INCREMENT for table `pms_reference`
--
ALTER TABLE `pms_reference`
  MODIFY `ref_id` bigint NOT NULL AUTO_INCREMENT, AUTO_INCREMENT=21;

--
-- AUTO_INCREMENT for table `pms_religion`
--
ALTER TABLE `pms_religion`
  MODIFY `rel_id` bigint NOT NULL AUTO_INCREMENT, AUTO_INCREMENT=18;

--
-- AUTO_INCREMENT for table `pms_scratchpad`
--
ALTER TABLE `pms_scratchpad`
  MODIFY `scratch_id` bigint NOT NULL AUTO_INCREMENT;

--
-- AUTO_INCREMENT for table `pms_skills_to_designation`
--
ALTER TABLE `pms_skills_to_designation`
  MODIFY `skill_desig_id` bigint NOT NULL AUTO_INCREMENT, AUTO_INCREMENT=227;

--
-- AUTO_INCREMENT for table `pms_social_media`
--
ALTER TABLE `pms_social_media`
  MODIFY `media_id` bigint NOT NULL AUTO_INCREMENT;

--
-- AUTO_INCREMENT for table `pms_specialisation`
--
ALTER TABLE `pms_specialisation`
  MODIFY `spcl_id` bigint NOT NULL AUTO_INCREMENT, AUTO_INCREMENT=187;

--
-- AUTO_INCREMENT for table `pms_state`
--
ALTER TABLE `pms_state`
  MODIFY `state_id` bigint NOT NULL AUTO_INCREMENT, AUTO_INCREMENT=53;

--
-- AUTO_INCREMENT for table `pms_study_mode`
--
ALTER TABLE `pms_study_mode`
  MODIFY `mode_id` bigint NOT NULL AUTO_INCREMENT, AUTO_INCREMENT=2;

--
-- AUTO_INCREMENT for table `pms_subject`
--
ALTER TABLE `pms_subject`
  MODIFY `subject_id` bigint NOT NULL AUTO_INCREMENT;

--
-- AUTO_INCREMENT for table `pms_tasks`
--
ALTER TABLE `pms_tasks`
  MODIFY `task_id` bigint NOT NULL AUTO_INCREMENT, AUTO_INCREMENT=76;

--
-- AUTO_INCREMENT for table `pms_task_followup`
--
ALTER TABLE `pms_task_followup`
  MODIFY `task_fl_id` bigint NOT NULL AUTO_INCREMENT;

--
-- AUTO_INCREMENT for table `pms_task_module`
--
ALTER TABLE `pms_task_module`
  MODIFY `task_module_id` bigint NOT NULL AUTO_INCREMENT;

--
-- AUTO_INCREMENT for table `pms_task_priority`
--
ALTER TABLE `pms_task_priority`
  MODIFY `task_priority_id` bigint NOT NULL AUTO_INCREMENT, AUTO_INCREMENT=4;

--
-- AUTO_INCREMENT for table `pms_task_status`
--
ALTER TABLE `pms_task_status`
  MODIFY `task_status_id` bigint NOT NULL AUTO_INCREMENT, AUTO_INCREMENT=4;

--
-- AUTO_INCREMENT for table `pms_testimonials`
--
ALTER TABLE `pms_testimonials`
  MODIFY `test_id` bigint NOT NULL AUTO_INCREMENT;

--
-- AUTO_INCREMENT for table `pms_tickets`
--
ALTER TABLE `pms_tickets`
  MODIFY `ticket_id` bigint NOT NULL AUTO_INCREMENT;

--
-- AUTO_INCREMENT for table `pms_tickets_followup`
--
ALTER TABLE `pms_tickets_followup`
  MODIFY `tkt_fp_id` bigint NOT NULL AUTO_INCREMENT;

--
-- AUTO_INCREMENT for table `pms_tickets_priority`
--
ALTER TABLE `pms_tickets_priority`
  MODIFY `ticket_priority_id` bigint NOT NULL AUTO_INCREMENT, AUTO_INCREMENT=5;

--
-- AUTO_INCREMENT for table `pms_tickets_status`
--
ALTER TABLE `pms_tickets_status`
  MODIFY `ticket_status_id` bigint NOT NULL AUTO_INCREMENT, AUTO_INCREMENT=6;

--
-- AUTO_INCREMENT for table `pms_todo`
--
ALTER TABLE `pms_todo`
  MODIFY `todo_id` int NOT NULL AUTO_INCREMENT;

--
-- AUTO_INCREMENT for table `pms_todo_group`
--
ALTER TABLE `pms_todo_group`
  MODIFY `todo_group_id` bigint NOT NULL AUTO_INCREMENT, AUTO_INCREMENT=12;

--
-- AUTO_INCREMENT for table `pms_todo_status`
--
ALTER TABLE `pms_todo_status`
  MODIFY `status_id` bigint NOT NULL AUTO_INCREMENT, AUTO_INCREMENT=14;

--
-- AUTO_INCREMENT for table `pms_university`
--
ALTER TABLE `pms_university`
  MODIFY `univ_id` bigint NOT NULL AUTO_INCREMENT;

--
-- AUTO_INCREMENT for table `pms_university_intake`
--
ALTER TABLE `pms_university_intake`
  MODIFY `intake_id` bigint NOT NULL AUTO_INCREMENT;

--
-- AUTO_INCREMENT for table `pms_vendors`
--
ALTER TABLE `pms_vendors`
  MODIFY `vendor_id` bigint UNSIGNED NOT NULL AUTO_INCREMENT, AUTO_INCREMENT=2;

--
-- AUTO_INCREMENT for table `pms_vendor_user_groups`
--
ALTER TABLE `pms_vendor_user_groups`
  MODIFY `user_grp_id` bigint NOT NULL AUTO_INCREMENT, AUTO_INCREMENT=2;
COMMIT;

/*!40101 SET CHARACTER_SET_CLIENT=@OLD_CHARACTER_SET_CLIENT */;
/*!40101 SET CHARACTER_SET_RESULTS=@OLD_CHARACTER_SET_RESULTS */;
/*!40101 SET COLLATION_CONNECTION=@OLD_COLLATION_CONNECTION */;
